true_azim,true_elev,pred_azim,pred_elev
-45.0,20.000000596046448,-34.1978645324707,22.686579823493958
45.0,30.0,36.92224323749542,26.96462631225586
64.9999988079071,60.0,49.58906650543213,43.50228667259216
15.000000447034836,30.0,10.948912650346756,25.6946861743927
35.00000059604645,40.000001192092896,33.63896459341049,39.62069034576416
-64.9999988079071,20.000000596046448,-59.92842972278595,20.798186659812927
-90.0,20.000000596046448,-75.47912657260895,22.72127330303192
-40.000000298023224,20.000000596046448,-27.408002614974976,24.08328115940094
50.00000238418579,0.0,54.47415232658386,6.876262128353119
-74.99999821186066,20.000000596046448,-66.59156262874603,16.50042414665222
-15.000000447034836,10.000000298023224,-11.482673585414886,15.84451138973236
60.00000178813934,20.000000596046448,53.416627049446106,15.265933871269226
-35.00000059604645,60.0,-26.781760454177856,46.49570345878601
50.00000238418579,10.000000298023224,45.02519130706787,9.612595438957214
35.00000059604645,10.000000298023224,24.7934952378273,18.05043876171112
-30.00000089406967,10.000000298023224,-25.497336387634277,14.17968213558197
-84.99999761581421,40.000001192092896,-74.19412851333618,34.62566256523132
64.9999988079071,49.999998807907104,49.330217242240906,34.795331954956055
-40.000000298023224,60.0,-20.372768193483353,32.59786605834961
-84.99999761581421,49.999998807907104,-81.65583550930023,38.31380367279053
5.000000037252903,0.0,2.4316491186618805,25.335030555725098
64.9999988079071,60.0,44.491490721702576,44.822001457214355
40.000000298023224,0.0,29.405331015586853,9.355447590351105
5.000000037252903,40.000001192092896,2.6269400864839554,27.292510271072388
-10.000000074505806,40.000001192092896,-7.420339286327362,23.2770037651062
15.000000447034836,40.000001192092896,17.049251049757004,28.860180974006653
74.99999821186066,60.0,63.13372850418091,47.18759894371033
-10.000000074505806,20.000000596046448,-10.024194940924644,22.52799153327942
-70.0000011920929,0.0,-63.67129147052765,13.664638996124268
5.000000037252903,10.000000298023224,4.466317221522331,29.40271496772766
35.00000059604645,0.0,23.11872661113739,5.583495497703552
-74.99999821186066,40.000001192092896,-64.38806354999542,35.6230366230011
-25.000001192092896,0.0,-19.917791783809662,15.82930326461792
-40.000000298023224,10.000000298023224,-40.229830741882324,22.023839950561523
-10.000000074505806,10.000000298023224,-2.9528945311903954,13.923277258872986
-25.000001192092896,40.000001192092896,-25.612679421901703,35.48186659812927
54.99999940395355,20.000000596046448,53.35456073284149,14.362670481204987
20.000000149011612,40.000001192092896,10.195223316550255,32.906649112701416
30.00000089406967,20.000000596046448,21.57357707619667,21.4127254486084
25.000001192092896,30.0,22.370629012584686,25.906489491462708
35.00000059604645,49.999998807907104,31.923010647296906,37.786678075790405
-5.000000037252903,40.000001192092896,-5.041712410748005,30.4299259185791
-50.00000238418579,49.999998807907104,-43.51123183965683,42.273151874542236
50.00000238418579,49.999998807907104,28.66410255432129,25.95015048980713
-10.000000074505806,0.0,-7.383863255381584,14.95234340429306
-40.000000298023224,30.0,-35.28507113456726,27.279120683670044
-15.000000447034836,49.999998807907104,-9.447562247514725,28.38707685470581
0.0,0.0,-0.558269745670259,27.415122985839844
-40.000000298023224,60.0,-11.747333854436874,33.35571885108948
80.00000059604645,30.0,67.5635576248169,28.040156364440918
0.0,10.000000298023224,-2.349858507514,30.88518261909485
10.000000074505806,49.999998807907104,11.73285260796547,38.32683563232422
50.00000238418579,10.000000298023224,45.019821524620056,11.519297361373901
60.00000178813934,60.0,47.169939279556274,44.77682590484619
60.00000178813934,30.0,53.202897906303406,21.71249270439148
0.0,20.000000596046448,2.8568654134869576,25.993173122406006
30.00000089406967,49.999998807907104,37.255754470825195,44.97038125991821
60.00000178813934,10.000000298023224,53.55564594268799,9.688149690628052
64.9999988079071,40.000001192092896,54.85319137573242,24.268993735313416
25.000001192092896,40.000001192092896,19.727526605129242,27.77263641357422
-25.000001192092896,10.000000298023224,-12.645565420389175,18.5518079996109
-64.9999988079071,0.0,-50.46898663043976,2.221929430961609
-80.00000059604645,20.000000596046448,-67.03499615192413,18.22350025177002
-10.000000074505806,20.000000596046448,-12.064670026302338,22.074326276779175
0.0,20.000000596046448,-1.2609798833727837,24.561962485313416
10.000000074505806,49.999998807907104,5.740149915218353,32.1829354763031
50.00000238418579,10.000000298023224,55.28664171695709,14.71801221370697
80.00000059604645,30.0,72.2168093919754,19.116259217262268
74.99999821186066,0.0,54.83305871486664,1.407400667667389
70.0000011920929,10.000000298023224,53.81928563117981,16.34683907032013
20.000000149011612,10.000000298023224,19.14403349161148,19.091259241104126
-60.00000178813934,30.0,-45.8636873960495,22.63939082622528
-80.00000059604645,30.0,-72.9316771030426,27.037208676338196
-50.00000238418579,60.0,-48.57359290122986,58.66217494010925
-45.0,20.000000596046448,-44.337183237075806,18.189375400543213
-20.000000149011612,60.0,-14.441552460193634,34.669225215911865
-10.000000074505806,40.000001192092896,-8.405454307794571,20.88113307952881
20.000000149011612,20.000000596046448,28.723698556423187,22.94213354587555
25.000001192092896,60.0,20.77278345823288,28.018988370895386
54.99999940395355,49.999998807907104,30.56418478488922,27.241065502166748
80.00000059604645,60.0,60.0055593252182,43.61096262931824
50.00000238418579,20.000000596046448,54.96954023838043,22.54299759864807
40.000000298023224,0.0,28.75321090221405,11.84974193572998
-10.000000074505806,20.000000596046448,-2.617703564465046,13.904265761375427
-84.99999761581421,20.000000596046448,-77.22651600837708,22.033463716506958
-50.00000238418579,49.999998807907104,-35.9867987036705,40.161802768707275
40.000000298023224,60.0,21.90000057220459,32.099769115448
-10.000000074505806,40.000001192092896,-7.653485611081123,24.474670886993408
-80.00000059604645,20.000000596046448,-73.48605215549469,18.57732653617859
-45.0,30.0,-36.4941680431366,17.320380806922913
-45.0,49.999998807907104,-32.37441301345825,29.925119876861572
40.000000298023224,0.0,33.41901808977127,11.31274938583374
-40.000000298023224,10.000000298023224,-33.80786597728729,20.558634996414185
0.0,40.000001192092896,-0.09597279131412506,25.611056685447693
-25.000001192092896,10.000000298023224,-7.688701003789902,15.672032833099365
-84.99999761581421,10.000000298023224,-71.65054142475128,12.264981865882874
-30.00000089406967,49.999998807907104,-13.172536343336105,31.247363090515137
-60.00000178813934,10.000000298023224,-45.46666145324707,7.360287308692932
15.000000447034836,10.000000298023224,15.609572678804398,21.28528654575348
45.0,0.0,38.417810797691345,19.186386466026306
25.000001192092896,0.0,24.423996806144714,16.420835852622986
-35.00000059604645,60.0,-14.857783019542694,43.7209153175354
-15.000000447034836,0.0,-8.739461749792099,13.345890641212463
-20.000000149011612,49.999998807907104,-12.06748902797699,31.111875772476196
-70.0000011920929,10.000000298023224,-50.80174684524536,10.154065489768982
-70.0000011920929,20.000000596046448,-55.02795338630676,21.48755192756653
74.99999821186066,60.0,45.37828803062439,40.50948143005371
64.9999988079071,10.000000298023224,64.09095525741577,3.3641302585601807
-5.000000037252903,10.000000298023224,-6.832696795463562,26.78773283958435
60.00000178813934,0.0,46.63315951824188,5.442944169044495
45.0,30.0,35.562478601932526,22.833409309387207
64.9999988079071,49.999998807907104,49.574459195137024,36.82827830314636
60.00000178813934,60.0,44.73820835351944,41.41414403915405
-64.9999988079071,20.000000596046448,-45.42325794696808,22.193230390548706
-60.00000178813934,40.000001192092896,-43.787131905555725,28.573111295700073
80.00000059604645,10.000000298023224,85.4490476846695,4.10914421081543
64.9999988079071,0.0,41.40304505825043,12.118683457374573
-5.000000037252903,60.0,-8.94483245909214,31.4613676071167
-70.0000011920929,10.000000298023224,-59.46746528148651,11.815786957740784
45.0,10.000000298023224,59.35843884944916,30.432186126708984
35.00000059604645,20.000000596046448,24.02374416589737,14.315773844718933
0.0,40.000001192092896,-0.1549238059669733,28.75013530254364
-35.00000059604645,20.000000596046448,-27.439448833465576,19.298890829086304
40.000000298023224,60.0,18.927060216665268,31.804332733154297
60.00000178813934,40.000001192092896,53.19249629974365,33.98106336593628
-80.00000059604645,20.000000596046448,-84.12716925144196,20.713731050491333
-64.9999988079071,60.0,-40.45946002006531,43.28799247741699
70.0000011920929,40.000001192092896,45.909225940704346,24.434140920639038
40.000000298023224,0.0,38.97179424762726,12.022819519042969
-70.0000011920929,40.000001192092896,-53.796454668045044,31.999086141586304
80.00000059604645,60.0,59.04779613018036,49.92738962173462
80.00000059604645,40.000001192092896,67.60730981826782,27.617958784103394
0.0,40.000001192092896,0.7496500946581364,28.472464084625244
-45.0,60.0,-19.18478161096573,39.508363008499146
-15.000000447034836,10.000000298023224,-15.795054137706757,27.908565402030945
15.000000447034836,20.000000596046448,16.821101009845734,20.898202657699585
84.99999761581421,0.0,72.08871781826019,-0.019093751907348633
10.000000074505806,20.000000596046448,12.045081853866577,30.489013195037842
84.99999761581421,49.999998807907104,64.74457204341888,45.34467816352844
-40.000000298023224,10.000000298023224,-34.43336248397827,23.87973189353943
10.000000074505806,0.0,7.594713717699051,21.823636293411255
-35.00000059604645,30.0,-26.446524560451508,19.124788641929626
-35.00000059604645,40.000001192092896,-28.058518767356873,33.76149773597717
-40.000000298023224,0.0,-29.695991277694702,20.00378966331482
-15.000000447034836,0.0,-13.937836289405823,27.136459350585938
50.00000238418579,49.999998807907104,35.10077655315399,34.54439163208008
64.9999988079071,49.999998807907104,48.156203627586365,37.31944441795349
-70.0000011920929,20.000000596046448,-42.70155072212219,19.751656651496887
54.99999940395355,20.000000596046448,51.85139179229736,17.394533157348633
-64.9999988079071,30.0,-60.52864372730255,29.352951049804688
10.000000074505806,20.000000596046448,7.379256561398506,20.90910315513611
-40.000000298023224,10.000000298023224,-41.78594648838043,22.725500464439392
5.000000037252903,30.0,4.345313049852848,27.11677372455597
-70.0000011920929,0.0,-67.36495077610016,-4.371108412742615
-45.0,49.999998807907104,-37.20748543739319,39.38528537750244
-80.00000059604645,10.000000298023224,-68.06253433227539,9.769717454910278
-15.000000447034836,10.000000298023224,-14.342833757400513,23.704301118850708
5.000000037252903,60.0,5.312090814113617,29.446815848350525
-5.000000037252903,20.000000596046448,-6.691039279103279,27.596919536590576
80.00000059604645,0.0,65.8232706785202,3.5709571838378906
-60.00000178813934,49.999998807907104,-41.81806057691574,31.337664127349854
10.000000074505806,60.0,1.8392051383852959,26.897571086883545
-54.99999940395355,20.000000596046448,-46.222599148750305,15.828482508659363
-80.00000059604645,30.0,-62.89069354534149,25.882140398025513
-84.99999761581421,10.000000298023224,-72.71388709545135,13.56025367975235
-54.99999940395355,20.000000596046448,-48.01608502864838,20.3625226020813
0.0,20.000000596046448,-0.597826880402863,27.144577503204346
0.0,40.000001192092896,-0.9639542363584042,26.157735586166382
20.000000149011612,10.000000298023224,19.723795652389526,28.08879554271698
80.00000059604645,10.000000298023224,70.46152889728546,7.642994821071625
74.99999821186066,0.0,53.19335460662842,-0.798565149307251
54.99999940395355,10.000000298023224,49.64692711830139,14.681705832481384
-60.00000178813934,60.0,-56.70277297496796,50.15883922576904
0.0,40.000001192092896,-1.7475409805774689,26.826471090316772
84.99999761581421,30.0,68.48407030105591,30.71440815925598
54.99999940395355,60.0,33.167260587215424,39.35903549194336
15.000000447034836,10.000000298023224,17.390041798353195,23.873004913330078
-60.00000178813934,0.0,-43.720484375953674,6.7527759075164795
50.00000238418579,49.999998807907104,31.987898647785187,33.816397190093994
54.99999940395355,0.0,60.312049984931946,15.087781548500061
64.9999988079071,60.0,46.49888813495636,44.94410991668701
20.000000149011612,60.0,17.047523707151413,33.039761781692505
-90.0,20.000000596046448,-76.87876760959625,19.942315220832825
84.99999761581421,40.000001192092896,65.49367010593414,31.157784461975098
64.9999988079071,60.0,48.46873998641968,45.47307014465332
45.0,49.999998807907104,30.206544399261475,41.47525906562805
5.000000037252903,40.000001192092896,9.125430956482887,32.16331243515015
-5.000000037252903,60.0,-4.712942652404308,31.77999258041382
-35.00000059604645,0.0,-28.457776308059692,17.80979096889496
-84.99999761581421,60.0,-74.60233390331268,58.44813823699951
-80.00000059604645,60.0,-60.3409481048584,51.44921064376831
-54.99999940395355,60.0,-48.56309473514557,49.79774594306946
-35.00000059604645,30.0,-31.500240862369537,26.324737071990967
-30.00000089406967,40.000001192092896,-22.157492637634277,35.59941530227661
-25.000001192092896,30.0,-18.42297524213791,25.68622648715973
-20.000000149011612,40.000001192092896,-8.70998963713646,26.13537311553955
-5.000000037252903,30.0,-6.83002732694149,22.620280981063843
54.99999940395355,0.0,60.5758935213089,5.663951933383942
84.99999761581421,30.0,69.77864384651184,32.17381238937378
84.99999761581421,40.000001192092896,68.43530774116516,30.133917331695557
70.0000011920929,49.999998807907104,48.695016503334045,31.031455993652344
50.00000238418579,60.0,36.077009439468384,42.29830026626587
40.000000298023224,40.000001192092896,33.01239252090454,37.15789318084717
5.000000037252903,10.000000298023224,9.697973281145096,29.517756700515747
-10.000000074505806,20.000000596046448,-5.163275487720966,15.900712609291077
-54.99999940395355,20.000000596046448,-43.18154811859131,17.598767280578613
-90.0,60.0,-49.17253017425537,48.742403984069824
-84.99999761581421,40.000001192092896,-70.06131112575531,34.35539960861206
-74.99999821186066,49.999998807907104,-55.30646860599518,36.17317199707031
-45.0,49.999998807907104,-35.209397971630096,33.64228963851929
-10.000000074505806,30.0,-17.75587499141693,36.28912925720215
-10.000000074505806,49.999998807907104,-5.304523967206478,29.354143738746643
10.000000074505806,40.000001192092896,13.646457195281982,26.442561149597168
35.00000059604645,49.999998807907104,29.919963777065277,30.42194366455078
64.9999988079071,49.999998807907104,50.42505204677582,34.19678092002869
80.00000059604645,0.0,74.02437150478363,3.9909178018569946
70.0000011920929,40.000001192092896,51.170942187309265,29.635024666786194
45.0,60.0,32.57997214794159,39.048746824264526
15.000000447034836,0.0,16.465531289577484,23.742631673812866
0.0,49.999998807907104,2.896251305937767,29.66277301311493
-15.000000447034836,60.0,-3.808094412088394,32.41010069847107
-20.000000149011612,20.000000596046448,-9.524125903844833,19.953253269195557
-25.000001192092896,60.0,-11.340681463479996,27.768244743347168
-45.0,60.0,-16.371940970420837,38.87331247329712
-60.00000178813934,10.000000298023224,-40.1564884185791,9.300076067447662
-84.99999761581421,49.999998807907104,-66.31775200366974,34.374589920043945
-35.00000059604645,40.000001192092896,-21.255159974098206,31.813470125198364
-30.00000089406967,40.000001192092896,-21.299267560243607,29.04129981994629
25.000001192092896,20.000000596046448,22.70175576210022,23.030773401260376
35.00000059604645,30.0,41.22002184391022,26.27068519592285
54.99999940395355,10.000000298023224,58.2664954662323,18.6520653963089
40.000000298023224,60.0,33.87508749961853,42.992563247680664
15.000000447034836,40.000001192092896,10.657605305314064,23.58862817287445
-15.000000447034836,30.0,-14.492879211902618,35.74805974960327
-64.9999988079071,30.0,-52.218655943870544,22.24222183227539
-50.00000238418579,20.000000596046448,-39.898465275764465,22.503334879875183
-90.0,49.999998807907104,-81.70475363731384,45.52784085273743
45.0,20.000000596046448,42.18818932771683,22.102487683296204
-15.000000447034836,30.0,-6.99545256793499,16.57494306564331
-90.0,0.0,-81.67375266551971,-0.3776729106903076
35.00000059604645,40.000001192092896,34.99875068664551,38.51091742515564
35.00000059604645,49.999998807907104,36.72255277633667,44.095011949539185
-10.000000074505806,10.000000298023224,-5.986330434679985,9.43342924118042
74.99999821186066,20.000000596046448,66.40087366104126,18.998542428016663
20.000000149011612,30.0,28.788031339645386,32.22550392150879
0.0,0.0,2.078192476183176,28.258953094482422
-70.0000011920929,0.0,-56.840740442276,9.906043410301208
20.000000149011612,60.0,21.262517273426056,44.93278384208679
-40.000000298023224,20.000000596046448,-33.37879836559296,25.61369776725769
-74.99999821186066,60.0,-73.2827889919281,52.177666425704956
-70.0000011920929,30.0,-65.85065066814423,23.81985068321228
-64.9999988079071,0.0,-57.05093443393707,3.211248815059662
84.99999761581421,10.000000298023224,70.13609111309052,8.004535138607025
-20.000000149011612,0.0,-10.84634967148304,12.86863088607788
80.00000059604645,0.0,64.29422378540039,-4.781157374382019
74.99999821186066,40.000001192092896,81.8444162607193,34.63962435722351
25.000001192092896,20.000000596046448,15.153936445713043,13.385720551013947
-35.00000059604645,20.000000596046448,-30.754280984401703,16.906503438949585
-25.000001192092896,10.000000298023224,-15.331549644470215,12.10284411907196
30.00000089406967,49.999998807907104,40.93074291944504,48.19654941558838
20.000000149011612,20.000000596046448,18.578607738018036,21.328758001327515
-35.00000059604645,49.999998807907104,-30.049648582935333,37.627737522125244
45.0,40.000001192092896,35.489938259124756,35.31944274902344
-84.99999761581421,60.0,-83.44452559947968,56.268192529678345
-40.000000298023224,10.000000298023224,-34.63231801986694,14.723937213420868
15.000000447034836,10.000000298023224,12.570973187685013,21.2738835811615
70.0000011920929,10.000000298023224,63.038687109947205,13.371416330337524
-30.00000089406967,10.000000298023224,-23.750783801078796,12.651433646678925
70.0000011920929,49.999998807907104,37.291207909584045,37.78692126274109
84.99999761581421,30.0,68.98029506206512,27.314289808273315
-64.9999988079071,30.0,-70.38813292980194,29.630613327026367
20.000000149011612,60.0,30.997600257396698,51.68195128440857
-35.00000059604645,49.999998807907104,-33.33747088909149,45.76758027076721
50.00000238418579,20.000000596046448,46.27710700035095,18.83648693561554
-84.99999761581421,0.0,-74.79347348213196,7.270452082157135
-74.99999821186066,49.999998807907104,-67.07064270973206,50.56880235671997
-50.00000238418579,10.000000298023224,-49.36577260494232,13.992919027805328
-10.000000074505806,40.000001192092896,-5.63339464366436,33.63273024559021
-64.9999988079071,10.000000298023224,-78.47782015800476,-4.464436769485474
-40.000000298023224,49.999998807907104,-37.110459208488464,41.333019733428955
5.000000037252903,20.000000596046448,1.921067163348198,28.066381216049194
-45.0,30.0,-44.614078402519226,29.52831208705902
-90.0,10.000000298023224,-85.72169423103333,7.157202959060669
-15.000000447034836,60.0,-9.672030285000801,41.66245937347412
45.0,10.000000298023224,45.15182375907898,8.572360575199127
30.00000089406967,40.000001192092896,36.300968527793884,41.21397256851196
5.000000037252903,0.0,2.0570142567157745,25.174806118011475
-35.00000059604645,0.0,-38.772361278533936,5.287628173828125
-30.00000089406967,40.000001192092896,-33.62034201622009,37.022409439086914
50.00000238418579,20.000000596046448,37.695832550525665,12.762299180030823
60.00000178813934,10.000000298023224,59.87756967544556,4.170900285243988
-64.9999988079071,20.000000596046448,-55.07940888404846,19.22582745552063
-54.99999940395355,20.000000596046448,-50.44430494308472,19.237037301063538
10.000000074505806,20.000000596046448,12.426309585571289,32.39683985710144
20.000000149011612,0.0,11.13036073744297,7.680132687091827
70.0000011920929,10.000000298023224,70.73870301246643,17.384836077690125
30.00000089406967,30.0,36.905095875263214,40.77427268028259
-54.99999940395355,10.000000298023224,-53.10467004776001,9.098795056343079
-60.00000178813934,10.000000298023224,-63.51853966712952,1.6057983040809631
-60.00000178813934,40.000001192092896,-57.204651832580566,38.647581338882446
84.99999761581421,0.0,75.07011651992798,0.25953590869903564
84.99999761581421,30.0,79.56481754779816,29.77012574672699
64.9999988079071,0.0,66.12160742282867,-0.5769002437591553
45.0,30.0,33.4813928604126,19.855098724365234
-80.00000059604645,60.0,-84.23131942749023,63.01526069641113
60.00000178813934,49.999998807907104,42.11837947368622,34.196823835372925
70.0000011920929,60.0,71.18453979492188,55.70653796195984
74.99999821186066,60.0,76.51769936084747,57.43650555610657
90.0,40.000001192092896,84.24217164516449,32.57941961288452
40.000000298023224,60.0,24.163605272769928,38.936426639556885
-30.00000089406967,10.000000298023224,-19.073990285396576,15.51550805568695
-70.0000011920929,49.999998807907104,-66.35914385318756,41.957151889801025
-84.99999761581421,60.0,-86.05324745178223,57.87148833274841
-50.00000238418579,30.0,-54.1251003742218,24.798731803894043
25.000001192092896,10.000000298023224,18.447508066892624,13.532203137874603
20.000000149011612,49.999998807907104,23.885567486286163,41.93776488304138
-5.000000037252903,60.0,-7.6561785489320755,38.057860136032104
-70.0000011920929,49.999998807907104,-62.763776779174805,44.57450866699219
-64.9999988079071,40.000001192092896,-56.94270730018616,39.461485147476196
-50.00000238418579,20.000000596046448,-47.41948127746582,9.763494729995728
-10.000000074505806,0.0,-3.551226630806923,11.522565186023712
40.000000298023224,40.000001192092896,36.707961559295654,41.729772090911865
45.0,0.0,32.56203085184097,9.748745262622833
50.00000238418579,40.000001192092896,49.640125036239624,27.82740354537964
10.000000074505806,40.000001192092896,20.97423478960991,37.03634262084961
-45.0,30.0,-45.5887234210968,33.48749756813049
-84.99999761581421,10.000000298023224,-76.09647452831268,5.163104832172394
-84.99999761581421,40.000001192092896,-79.43081438541412,38.13796520233154
-60.00000178813934,60.0,-61.51551425457001,53.831706047058105
-35.00000059604645,30.0,-25.23601144552231,14.627104997634888
64.9999988079071,0.0,62.42278754711151,14.410237669944763
70.0000011920929,60.0,59.666388630867004,59.21679139137268
80.00000059604645,49.999998807907104,73.74062061309814,42.25008487701416
64.9999988079071,60.0,41.447443664073944,42.02130317687988
30.00000089406967,40.000001192092896,39.761635065078735,53.147993087768555
25.000001192092896,30.0,23.715335726737976,17.463145852088928
-40.000000298023224,60.0,-28.067954778671265,44.56674814224243
-80.00000059604645,40.000001192092896,-65.27734994888306,30.930479764938354
-80.00000059604645,60.0,-75.3026533126831,58.703763484954834
-50.00000238418579,0.0,-45.3537780046463,13.614953756332397
0.0,20.000000596046448,0.5651263101026416,31.82239294052124
25.000001192092896,0.0,24.38165009021759,12.612188458442688
-15.000000447034836,30.0,-6.927154138684273,21.34881556034088
-20.000000149011612,60.0,-10.527371317148209,26.11420512199402
-74.99999821186066,10.000000298023224,-65.4087620973587,7.388840317726135
54.99999940395355,60.0,49.39880132675171,59.9458909034729
40.000000298023224,10.000000298023224,39.200811982154846,19.286025166511536
-45.0,49.999998807907104,-46.52767360210419,33.89000415802002
54.99999940395355,10.000000298023224,52.630659341812134,17.634118795394897
10.000000074505806,30.0,15.734597146511078,31.650938987731934
-40.000000298023224,40.000001192092896,-38.008049726486206,32.11393475532532
15.000000447034836,20.000000596046448,15.564440488815308,30.542020797729492
15.000000447034836,60.0,24.29927408695221,53.26087832450867
25.000001192092896,20.000000596046448,21.58113420009613,14.911498725414276
-50.00000238418579,10.000000298023224,-46.59876823425293,11.589678525924683
70.0000011920929,30.0,78.98238122463226,24.343485832214355
-54.99999940395355,40.000001192092896,-55.71514070034027,34.787925481796265
10.000000074505806,10.000000298023224,5.039298087358475,21.590452194213867
-20.000000149011612,10.000000298023224,-12.586991339921951,14.986055195331573
60.00000178813934,60.0,43.9766326546669,48.3039915561676
-30.00000089406967,40.000001192092896,-29.02977079153061,35.54197311401367
-64.9999988079071,49.999998807907104,-54.9471116065979,38.22754740715027
90.0,0.0,88.879035115242,-2.8749632835388184
-74.99999821186066,40.000001192092896,-66.36061370372772,35.91636657714844
30.00000089406967,10.000000298023224,28.86666029691696,11.669652163982391
64.9999988079071,49.999998807907104,54.028642773628235,37.91534900665283
-15.000000447034836,20.000000596046448,-10.936784371733665,21.82866096496582
-10.000000074505806,49.999998807907104,-10.819453820586205,45.73856592178345
10.000000074505806,30.0,11.259155720472336,25.868571996688843
64.9999988079071,0.0,65.11447548866272,3.879419267177582
-54.99999940395355,40.000001192092896,-46.76950693130493,32.05559492111206
30.00000089406967,20.000000596046448,30.022045969963074,19.724503755569458
-45.0,40.000001192092896,-55.46521246433258,39.76104140281677
-5.000000037252903,20.000000596046448,-6.076274290680885,30.765666961669922
0.0,40.000001192092896,4.39267348498106,29.266258478164673
15.000000447034836,49.999998807907104,14.971131831407547,35.151400566101074
-40.000000298023224,10.000000298023224,-33.30260753631592,14.819051027297974
-60.00000178813934,10.000000298023224,-58.81289899349213,1.98294997215271
90.0,0.0,80.36104738712311,-5.973232984542847
20.000000149011612,40.000001192092896,15.47124445438385,39.019904136657715
0.0,0.0,3.825034908950329,28.917953968048096
5.000000037252903,10.000000298023224,2.500768471509218,29.475241899490356
45.0,49.999998807907104,38.53186368942261,38.95357847213745
-25.000001192092896,49.999998807907104,-25.921844244003296,44.87584948539734
-20.000000149011612,10.000000298023224,-18.12653213739395,14.577183723449707
-80.00000059604645,10.000000298023224,-84.89847600460052,3.3072075247764587
-45.0,60.0,-42.713491916656494,49.476553201675415
-10.000000074505806,40.000001192092896,-8.462506905198097,38.66432189941406
5.000000037252903,49.999998807907104,3.1936683878302574,31.441898345947266
-20.000000149011612,0.0,-14.698333740234375,14.94987040758133
-74.99999821186066,60.0,-83.81389796733856,55.68096041679382
25.000001192092896,49.999998807907104,30.340721905231476,42.86008358001709
-20.000000149011612,30.0,-17.756903618574142,27.87556529045105
5.000000037252903,49.999998807907104,13.626291006803513,41.228599548339844
25.000001192092896,40.000001192092896,23.217563331127167,36.84890270233154
84.99999761581421,49.999998807907104,69.10265743732452,45.93064785003662
-20.000000149011612,10.000000298023224,-17.09618702530861,17.146970629692078
84.99999761581421,49.999998807907104,78.16509068012238,50.89490532875061
40.000000298023224,40.000001192092896,34.30861830711365,38.23111295700073
-5.000000037252903,0.0,-12.577870488166809,34.32804465293884
-64.9999988079071,20.000000596046448,-57.40002930164337,13.726996779441833
45.0,30.0,52.11181282997131,37.83669948577881
25.000001192092896,20.000000596046448,14.299923777580261,6.946853399276733
50.00000238418579,30.0,43.338084518909454,26.91941499710083
84.99999761581421,60.0,81.07917129993439,56.90450191497803
80.00000059604645,20.000000596046448,85.68612277507782,12.505942583084106
45.0,40.000001192092896,37.53597557544708,31.647788286209106
40.000000298023224,30.0,41.38096511363983,32.34988331794739
20.000000149011612,0.0,22.111832052469254,18.637788891792297
20.000000149011612,40.000001192092896,13.006534427404404,41.7027747631073
-60.00000178813934,60.0,-47.22541809082031,48.404985666275024
-54.99999940395355,20.000000596046448,-44.897217750549316,19.20901894569397
-50.00000238418579,10.000000298023224,-41.11534595489502,13.695490658283234
60.00000178813934,40.000001192092896,55.58099806308746,32.83937931060791
80.00000059604645,40.000001192092896,67.91196584701538,32.60804057121277
20.000000149011612,60.0,24.176257252693176,42.344019412994385
10.000000074505806,60.0,2.208734918385744,28.696412444114685
-25.000001192092896,20.000000596046448,-18.534406274557114,13.49754810333252
-50.00000238418579,20.000000596046448,-52.43145704269409,22.162814140319824
-70.0000011920929,40.000001192092896,-66.2676215171814,33.45454216003418
-84.99999761581421,60.0,-89.3761020898819,57.921302318573
-90.0,20.000000596046448,-74.14800524711609,20.271910429000854
60.00000178813934,49.999998807907104,60.22183656692505,38.02176475524902
30.00000089406967,40.000001192092896,37.380490601062775,42.72871971130371
-35.00000059604645,30.0,-31.398955285549164,25.30584990978241
54.99999940395355,20.000000596046448,53.16326558589935,18.004589080810547
5.000000037252903,20.000000596046448,-0.6039556441828609,25.710289478302002
-64.9999988079071,60.0,-52.78830885887146,54.328540563583374
-25.000001192092896,40.000001192092896,-31.363300681114197,38.606168031692505
-50.00000238418579,40.000001192092896,-34.38766568899155,25.41010022163391
30.00000089406967,60.0,23.1846284866333,40.821776390075684
40.000000298023224,60.0,35.655285716056824,52.45499610900879
74.99999821186066,49.999998807907104,58.43346297740936,47.50760078430176
35.00000059604645,20.000000596046448,26.13747239112854,12.426237165927887
-74.99999821186066,49.999998807907104,-73.75683188438416,47.928746938705444
-45.0,30.0,-41.906594932079315,20.34586787223816
90.0,20.000000596046448,76.2452083826065,20.786338448524475
74.99999821186066,10.000000298023224,84.70492780208588,3.936496675014496
70.0000011920929,0.0,56.98508083820343,3.1651031970977783
54.99999940395355,49.999998807907104,51.79906725883484,52.22490191459656
5.000000037252903,20.000000596046448,3.6252733692526817,28.764148950576782
-80.00000059604645,20.000000596046448,-89.41548228263855,19.678797125816345
-60.00000178813934,10.000000298023224,-61.282585859298706,10.454964637756348
-25.000001192092896,40.000001192092896,-24.21364724636078,43.253631591796875
-5.000000037252903,60.0,-17.634476870298386,53.430336713790894
25.000001192092896,10.000000298023224,15.999720096588135,15.880569219589233
84.99999761581421,49.999998807907104,84.33903694152832,52.82843470573425
60.00000178813934,30.0,67.2329431772232,27.375630140304565
40.000000298023224,30.0,31.14103674888611,27.67940640449524
15.000000447034836,60.0,15.801744908094406,40.70941686630249
10.000000074505806,60.0,4.760116338729858,31.41650676727295
-20.000000149011612,60.0,-13.507733345031738,22.839961051940918
-50.00000238418579,49.999998807907104,-47.10210621356964,41.377540826797485
-70.0000011920929,0.0,-82.87908911705017,-5.165466070175171
-84.99999761581421,0.0,-83.08057129383087,1.1008590459823608
-64.9999988079071,60.0,-58.521782755851746,55.333170890808105
-54.99999940395355,30.0,-51.77737355232239,30.40514588356018
10.000000074505806,30.0,8.811265155673027,29.427781105041504
35.00000059604645,40.000001192092896,37.44459539651871,41.5885591506958
90.0,30.0,93.80041122436523,27.10381507873535
84.99999761581421,40.000001192092896,68.01662027835846,30.841591358184814
80.00000059604645,20.000000596046448,72.44907796382904,16.18951141834259
40.000000298023224,60.0,36.792190968990326,40.83580255508423
20.000000149011612,49.999998807907104,8.536498323082924,43.04926872253418
5.000000037252903,30.0,2.1410539001226425,24.402335286140442
-20.000000149011612,30.0,-17.64103353023529,36.24766945838928
-54.99999940395355,40.000001192092896,-41.11098736524582,28.02004337310791
-45.0,20.000000596046448,-42.38789051771164,17.701361775398254
-10.000000074505806,0.0,-6.527814120054245,11.817905902862549
-10.000000074505806,20.000000596046448,-13.632401078939438,25.574898719787598
5.000000037252903,20.000000596046448,2.5238274224102497,28.016517162322998
35.00000059604645,10.000000298023224,32.57632166147232,9.691053628921509
84.99999761581421,20.000000596046448,79.28427457809448,14.52254980802536
64.9999988079071,60.0,62.7727997303009,55.78716158866882
35.00000059604645,30.0,36.629823446273804,31.26500129699707
20.000000149011612,10.000000298023224,21.429554522037506,11.038865447044373
15.000000447034836,40.000001192092896,14.328347146511078,27.525610327720642
-20.000000149011612,49.999998807907104,-11.34418174624443,41.33520483970642
-30.00000089406967,30.0,-24.290243089199066,24.977216720581055
-64.9999988079071,20.000000596046448,-66.46597623825073,20.63747763633728
-84.99999761581421,10.000000298023224,-88.13739895820618,11.136982440948486
-84.99999761581421,60.0,-100.42808532714844,61.073269844055176
-54.99999940395355,40.000001192092896,-50.043067932128906,35.07719278335571
-15.000000447034836,40.000001192092896,-6.936844289302826,31.132056713104248
74.99999821186066,10.000000298023224,66.12012684345245,10.820733904838562
60.00000178813934,60.0,52.81870901584625,51.38170123100281
40.000000298023224,30.0,52.94218719005585,29.915707111358643
20.000000149011612,20.000000596046448,15.116974264383316,12.719170153141022
-64.9999988079071,60.0,-47.11555480957031,45.85142970085144
-64.9999988079071,0.0,-74.89717304706573,4.932914972305298
-50.00000238418579,20.000000596046448,-56.18550896644592,24.473946690559387
-10.000000074505806,40.000001192092896,-6.935692951083183,33.487679958343506
-5.000000037252903,0.0,-16.858890652656555,35.16444683074951
-5.000000037252903,49.999998807907104,-10.120887234807014,42.34430551528931
60.00000178813934,10.000000298023224,55.3960382938385,5.7184624671936035
-50.00000238418579,40.000001192092896,-35.71041315793991,26.01684808731079
-84.99999761581421,0.0,-65.4877370595932,7.756170630455017
-40.000000298023224,30.0,-44.5323246717453,33.81011366844177
-25.000001192092896,0.0,-26.994727849960327,19.431062936782837
90.0,49.999998807907104,60.190996527671814,39.693710803985596
70.0000011920929,49.999998807907104,47.891496419906616,33.11006784439087
-64.9999988079071,0.0,-48.118459582328796,3.9942196011543274
-80.00000059604645,10.000000298023224,-62.094356417655945,11.737786531448364
-60.00000178813934,0.0,-53.42420697212219,7.351624667644501
40.000000298023224,60.0,26.49501085281372,38.82772207260132
-80.00000059604645,40.000001192092896,-64.01445865631104,36.36474609375
30.00000089406967,0.0,22.21958577632904,11.204332709312439
-5.000000037252903,10.000000298023224,-6.6703929752111435,27.968963384628296
20.000000149011612,40.000001192092896,10.719772204756737,24.77929651737213
-10.000000074505806,60.0,-11.58081829547882,32.04633951187134
25.000001192092896,10.000000298023224,7.9941898584365845,11.89234972000122
45.0,10.000000298023224,36.067487597465515,10.704742670059204
74.99999821186066,10.000000298023224,60.84135711193085,7.979573607444763
70.0000011920929,0.0,53.89797627925873,7.144044041633606
5.000000037252903,40.000001192092896,5.35924069583416,26.73425316810608
5.000000037252903,49.999998807907104,9.026464149355888,36.61379098892212
84.99999761581421,10.000000298023224,74.60256457328796,10.755406022071838
84.99999761581421,40.000001192092896,60.94569504261017,28.39274525642395
-54.99999940395355,60.0,-44.129078686237335,47.75215029716492
-74.99999821186066,10.000000298023224,-68.33625912666321,14.422802031040192
-10.000000074505806,0.0,-3.6241870746016502,10.34442275762558
90.0,60.0,65.17245948314667,52.34883427619934
70.0000011920929,0.0,43.11393231153488,4.434430003166199
15.000000447034836,60.0,9.019656032323837,31.595499515533447
-45.0,10.000000298023224,-47.017847299575806,17.533271312713623
-5.000000037252903,20.000000596046448,-8.502308204770088,34.72616672515869
30.00000089406967,0.0,24.20811653137207,10.873677134513855
84.99999761581421,0.0,73.90150487422943,-1.4733070135116577
-15.000000447034836,20.000000596046448,-13.691846877336502,22.129796147346497
45.0,0.0,42.40124523639679,11.307796239852905
-80.00000059604645,60.0,-68.20672452449799,50.25029182434082
-54.99999940395355,0.0,-40.63647776842117,7.373254895210266
-84.99999761581421,40.000001192092896,-79.07920897006989,35.015573501586914
-25.000001192092896,40.000001192092896,-20.766457468271255,29.811251163482666
70.0000011920929,0.0,64.89673912525177,1.0735809803009033
30.00000089406967,20.000000596046448,21.424603164196014,12.563619017601013
-80.00000059604645,0.0,-76.43447041511536,3.2722967863082886
-10.000000074505806,20.000000596046448,-11.319386065006256,34.3009614944458
30.00000089406967,0.0,21.02856159210205,5.383853316307068
-40.000000298023224,20.000000596046448,-46.08736753463745,28.493378162384033
-80.00000059604645,10.000000298023224,-64.52373504638672,12.836136817932129
-50.00000238418579,60.0,-41.04773283004761,49.48566555976868
90.0,0.0,83.79707515239716,-2.5894367694854736
-60.00000178813934,30.0,-62.08846628665924,32.022385597229004
80.00000059604645,0.0,71.89461171627045,5.221216678619385
-54.99999940395355,49.999998807907104,-42.27794140577316,36.92143678665161
80.00000059604645,20.000000596046448,45.26587665081024,14.849451184272766
-60.00000178813934,20.000000596046448,-54.39681351184845,22.603161334991455
-50.00000238418579,30.0,-51.12471163272858,23.174164295196533
-45.0,60.0,-36.99780911207199,42.280733585357666
40.000000298023224,10.000000298023224,40.323681235313416,22.473852038383484
15.000000447034836,49.999998807907104,8.129571005702019,32.12094068527222
-15.000000447034836,20.000000596046448,-14.845666140317917,26.520198583602905
-40.000000298023224,40.000001192092896,-29.427239298820496,39.63414430618286
-50.00000238418579,0.0,-51.38580322265625,6.298439204692841
-60.00000178813934,0.0,-43.134097158908844,9.91597831249237
-80.00000059604645,60.0,-59.65655028820038,51.210994720458984
-70.0000011920929,0.0,-72.14531242847443,9.395923018455505
-60.00000178813934,60.0,-36.4741775393486,40.86129426956177
-54.99999940395355,0.0,-53.041900992393494,13.344503045082092
-25.000001192092896,0.0,-28.887852430343628,19.12247657775879
45.0,49.999998807907104,41.20798408985138,40.74325203895569
20.000000149011612,49.999998807907104,6.316603571176529,32.58527755737305
-5.000000037252903,49.999998807907104,1.7188592813909054,27.749778628349304
-20.000000149011612,60.0,-15.46674370765686,38.53109836578369
-50.00000238418579,40.000001192092896,-44.61832970380783,25.482501983642578
-54.99999940395355,40.000001192092896,-38.371781408786774,22.51746118068695
-80.00000059604645,0.0,-65.43659806251526,2.063540518283844
10.000000074505806,30.0,-0.08845807984471321,21.217955946922302
70.0000011920929,0.0,67.57925391197205,3.507515788078308
60.00000178813934,30.0,46.41257464885712,25.58679699897766
-30.00000089406967,30.0,-25.0875324010849,27.266632318496704
-70.0000011920929,30.0,-54.84555780887604,24.375629425048828
-64.9999988079071,20.000000596046448,-60.657362937927246,28.211429715156555
35.00000059604645,40.000001192092896,32.63185679912567,39.76296901702881
60.00000178813934,0.0,51.8704354763031,3.4757065773010254
84.99999761581421,60.0,63.7751841545105,45.4634428024292
54.99999940395355,30.0,45.986366271972656,20.031412839889526
25.000001192092896,10.000000298023224,16.67659431695938,12.90573924779892
-74.99999821186066,49.999998807907104,-65.40832221508026,37.23872423171997
-90.0,10.000000298023224,-73.36995005607605,11.369578242301941
-45.0,49.999998807907104,-30.774209797382355,30.88202476501465
-30.00000089406967,49.999998807907104,-36.042543053627014,48.031429052352905
-5.000000037252903,30.0,-14.2597496509552,32.75117039680481
45.0,30.0,44.78577733039856,26.129305958747864
84.99999761581421,49.999998807907104,54.8020738363266,38.85502338409424
80.00000059604645,60.0,64.26964938640594,47.081265449523926
25.000001192092896,20.000000596046448,18.193970918655396,14.096564054489136
15.000000447034836,40.000001192092896,10.603018328547478,26.663657426834106
0.0,30.0,3.101828880608082,29.588792324066162
-5.000000037252903,60.0,-4.739067703485489,22.921972274780273
-64.9999988079071,30.0,-73.2917582988739,34.84665870666504
-10.000000074505806,60.0,-13.832787573337555,37.32166528701782
5.000000037252903,20.000000596046448,5.058340430259705,28.76859426498413
50.00000238418579,49.999998807907104,44.9085795879364,37.75087594985962
60.00000178813934,0.0,53.87415289878845,0.9858065843582153
25.000001192092896,40.000001192092896,15.646077543497086,18.300511837005615
-45.0,0.0,-36.493948101997375,6.349577307701111
45.0,20.000000596046448,48.81443381309509,22.28421449661255
-25.000001192092896,40.000001192092896,-15.604865401983261,31.94453001022339
-50.00000238418579,49.999998807907104,-42.23302781581879,43.82620096206665
80.00000059604645,10.000000298023224,73.80400121212006,17.100648880004883
84.99999761581421,10.000000298023224,66.23573005199432,10.49744188785553
74.99999821186066,0.0,53.21259140968323,7.587544620037079
-30.00000089406967,60.0,-18.782652765512466,42.03575849533081
70.0000011920929,10.000000298023224,47.214362025260925,13.018816709518433
15.000000447034836,30.0,3.532124273478985,18.634132146835327
-80.00000059604645,20.000000596046448,-71.30697190761566,17.067174911499023
50.00000238418579,0.0,51.90043330192566,21.295103430747986
15.000000447034836,10.000000298023224,10.263704136013985,16.345176100730896
-20.000000149011612,0.0,-16.50981992483139,13.888196647167206
50.00000238418579,10.000000298023224,42.243914902210236,12.898786067962646
20.000000149011612,20.000000596046448,13.383999019861221,11.546815037727356
20.000000149011612,10.000000298023224,17.538983523845673,12.212421298027039
-80.00000059604645,10.000000298023224,-76.12014770507812,9.348966479301453
-40.000000298023224,0.0,-39.6334308385849,12.06396996974945
-20.000000149011612,60.0,-19.564960598945618,39.57009673118591
25.000001192092896,30.0,23.693843185901642,25.731473565101624
-64.9999988079071,20.000000596046448,-53.07827711105347,22.741767168045044
-80.00000059604645,40.000001192092896,-64.60687816143036,39.293789863586426
-64.9999988079071,20.000000596046448,-55.735981464385986,23.566026091575623
45.0,10.000000298023224,51.05345606803894,26.54772698879242
0.0,20.000000596046448,0.9007880464196205,29.10832643508911
30.00000089406967,10.000000298023224,26.327893137931824,8.709024488925934
-80.00000059604645,20.000000596046448,-73.75348448753357,19.050124883651733
40.000000298023224,30.0,34.48677867650986,28.04926872253418
25.000001192092896,40.000001192092896,18.97160768508911,26.625534296035767
50.00000238418579,0.0,50.54957628250122,5.690435171127319
84.99999761581421,10.000000298023224,62.096073031425476,12.068970501422882
15.000000447034836,0.0,8.093808442354202,19.806679487228394
10.000000074505806,40.000001192092896,7.137279734015465,25.43312966823578
15.000000447034836,10.000000298023224,4.900820665061474,15.982494950294495
-84.99999761581421,0.0,-70.02358853816986,8.731169700622559
5.000000037252903,30.0,1.9525266252458096,27.152355909347534
0.0,40.000001192092896,0.6592044560238719,29.103938341140747
45.0,20.000000596046448,48.69133651256561,18.60347807407379
0.0,20.000000596046448,1.1562283895909786,28.98866057395935
-64.9999988079071,49.999998807907104,-46.4406681060791,31.036158800125122
-25.000001192092896,0.0,-24.48831081390381,12.515740692615509
0.0,20.000000596046448,2.3478838987648487,27.22452163696289
-74.99999821186066,20.000000596046448,-63.906569480895996,14.750103950500488
-25.000001192092896,10.000000298023224,-15.884508490562439,12.76811957359314
-10.000000074505806,40.000001192092896,-9.43165473639965,30.633530616760254
-20.000000149011612,60.0,-9.69981662929058,42.95806646347046
-90.0,20.000000596046448,-94.93526458740234,21.171160340309143
-60.00000178813934,20.000000596046448,-59.64724838733673,17.374659776687622
-25.000001192092896,40.000001192092896,-16.821064800024033,32.50132083892822
30.00000089406967,0.0,23.123313188552856,6.329664587974548
-60.00000178813934,10.000000298023224,-48.48062753677368,3.6788687109947205
-15.000000447034836,10.000000298023224,-26.70697510242462,27.319597005844116
-10.000000074505806,20.000000596046448,-8.308322802186012,14.116998016834259
0.0,0.0,0.9050066582858562,26.687400341033936
-64.9999988079071,30.0,-50.149197578430176,22.645400762557983
-10.000000074505806,10.000000298023224,-5.44945914298296,21.105855703353882
-80.00000059604645,40.000001192092896,-64.7492927312851,34.52103137969971
30.00000089406967,20.000000596046448,35.60767650604248,29.031200408935547
80.00000059604645,60.0,56.24009191989899,44.936585426330566
-45.0,40.000001192092896,-47.44391083717346,38.45836043357849
-70.0000011920929,20.000000596046448,-59.90345299243927,20.09020507335663
-70.0000011920929,0.0,-63.55834364891052,9.119500815868378
-25.000001192092896,10.000000298023224,-16.05805277824402,14.979372024536133
-84.99999761581421,49.999998807907104,-80.73456108570099,44.091153144836426
-40.000000298023224,49.999998807907104,-23.90534609556198,29.033914804458618
10.000000074505806,0.0,4.893477447330952,18.450778126716614
-20.000000149011612,10.000000298023224,-14.742897301912308,17.1709406375885
35.00000059604645,60.0,21.315295100212097,31.61912441253662
60.00000178813934,49.999998807907104,40.010828375816345,28.768733739852905
-45.0,49.999998807907104,-34.49710786342621,34.39492464065552
35.00000059604645,60.0,31.419602930545807,33.79729628562927
-20.000000149011612,60.0,-12.717577368021011,35.335482358932495
84.99999761581421,60.0,56.19607150554657,45.17058491706848
70.0000011920929,0.0,49.58148658275604,4.330726861953735
40.000000298023224,30.0,38.1319060921669,26.969195008277893
30.00000089406967,49.999998807907104,21.333110332489014,35.08073687553406
-45.0,30.0,-50.64775049686432,32.61825084686279
10.000000074505806,60.0,2.7490925788879395,27.571992874145508
45.0,10.000000298023224,49.775705337524414,27.54760980606079
10.000000074505806,40.000001192092896,7.749982103705406,24.86748218536377
-45.0,60.0,-46.53058648109436,52.1933376789093
-20.000000149011612,49.999998807907104,-22.33681708574295,45.70299983024597
-15.000000447034836,20.000000596046448,-13.393683135509491,21.702404022216797
35.00000059604645,49.999998807907104,28.295974731445312,35.758159160614014
35.00000059604645,30.0,30.338511765003204,27.182718515396118
5.000000037252903,0.0,0.8489962667226791,24.450039267539978
84.99999761581421,20.000000596046448,56.38531744480133,17.200688123703003
84.99999761581421,49.999998807907104,41.79196000099182,42.92291522026062
40.000000298023224,10.000000298023224,36.15507781505585,18.065671920776367
10.000000074505806,10.000000298023224,1.0365359857678413,20.67659854888916
80.00000059604645,10.000000298023224,77.08143532276154,11.162140667438507
60.00000178813934,60.0,34.99225974082947,34.54140901565552
50.00000238418579,49.999998807907104,41.40489310026169,27.454047203063965
35.00000059604645,49.999998807907104,29.957466423511505,40.556005239486694
25.000001192092896,40.000001192092896,20.71549817919731,28.019471168518066
-54.99999940395355,0.0,-50.03156661987305,8.694037199020386
-40.000000298023224,30.0,-29.960644841194153,25.14443278312683
-30.00000089406967,49.999998807907104,-33.148485124111176,45.333287715911865
-25.000001192092896,49.999998807907104,-22.479840517044067,43.2800030708313
5.000000037252903,10.000000298023224,2.0251564867794514,24.57322597503662
5.000000037252903,30.0,3.8377220928668976,25.697389841079712
15.000000447034836,40.000001192092896,6.950996294617653,22.522063851356506
54.99999940395355,49.999998807907104,41.82772994041443,36.07943773269653
-40.000000298023224,60.0,-30.748034119606018,47.18329310417175
-45.0,0.0,-38.47163736820221,15.883065462112427
-90.0,0.0,-71.77443265914917,6.089017689228058
-35.00000059604645,10.000000298023224,-37.50212609767914,19.520899057388306
-30.00000089406967,30.0,-29.783605635166168,29.282888174057007
-5.000000037252903,10.000000298023224,-11.739572882652283,34.79403376579285
20.000000149011612,20.000000596046448,27.268814742565155,31.922632455825806
70.0000011920929,20.000000596046448,58.818671107292175,21.936142444610596
80.00000059604645,20.000000596046448,85.96050202846527,14.456828534603119
74.99999821186066,10.000000298023224,78.61372768878937,1.304537057876587
20.000000149011612,20.000000596046448,26.81810438632965,22.027283906936646
-5.000000037252903,0.0,-3.92253790050745,27.656670212745667
-20.000000149011612,40.000001192092896,-21.3239948451519,33.49824786186218
-70.0000011920929,10.000000298023224,-47.978909611701965,14.696449041366577
-90.0,49.999998807907104,-75.76223373413086,41.2293004989624
-64.9999988079071,20.000000596046448,-59.71546232700348,20.414339303970337
-60.00000178813934,60.0,-49.791160225868225,46.550949811935425
-45.0,0.0,-41.96414440870285,15.675187110900879
-15.000000447034836,30.0,-10.85870660841465,25.097973346710205
-10.000000074505806,30.0,-10.398860648274422,26.469724774360657
5.000000037252903,20.000000596046448,2.4725233018398285,24.313809871673584
10.000000074505806,20.000000596046448,8.81633184850216,24.704318046569824
15.000000447034836,30.0,8.618989661335945,18.861860632896423
20.000000149011612,49.999998807907104,25.11784940958023,29.699100852012634
40.000000298023224,30.0,32.837480306625366,28.92847180366516
70.0000011920929,49.999998807907104,46.65467083454132,35.1218318939209
84.99999761581421,0.0,70.33264338970184,0.7578456401824951
60.00000178813934,10.000000298023224,68.3078384399414,3.8852718472480774
20.000000149011612,49.999998807907104,12.308675944805145,32.22325801849365
-20.000000149011612,49.999998807907104,-15.639213770627975,29.733545780181885
-30.00000089406967,60.0,-16.843567192554474,37.56275296211243
-35.00000059604645,40.000001192092896,-32.58380502462387,32.61967420578003
-70.0000011920929,49.999998807907104,-46.31282866001129,32.72224187850952
-70.0000011920929,10.000000298023224,-70.16223728656769,8.34464818239212
-25.000001192092896,60.0,-21.56630963087082,32.602221965789795
-20.000000149011612,60.0,-14.083496332168579,29.306185841560364
-84.99999761581421,49.999998807907104,-72.2923082113266,43.42956304550171
74.99999821186066,40.000001192092896,63.69521141052246,32.68333196640015
-74.99999821186066,40.000001192092896,-78.72484624385834,38.66974353790283
74.99999821186066,10.000000298023224,70.94070017337799,4.436482787132263
-80.00000059604645,20.000000596046448,-85.51442384719849,16.380963921546936
64.9999988079071,10.000000298023224,53.0440092086792,8.565033674240112
84.99999761581421,10.000000298023224,62.86304533481598,9.71414566040039
84.99999761581421,30.0,54.76363241672516,24.554468393325806
40.000000298023224,60.0,33.69984805583954,42.30745553970337
60.00000178813934,30.0,56.742528676986694,26.814608573913574
-90.0,30.0,-87.51529812812805,27.29050576686859
50.00000238418579,40.000001192092896,51.96580946445465,33.11703443527222
40.000000298023224,30.0,38.25198590755463,31.121013164520264
-40.000000298023224,20.000000596046448,-36.84071213006973,25.350472927093506
-54.99999940395355,60.0,-48.25467824935913,54.333744049072266
0.0,40.000001192092896,3.794555626809597,29.668198227882385
25.000001192092896,0.0,14.830913990736008,10.158847868442535
-30.00000089406967,30.0,-26.797038316726685,28.232617378234863
-10.000000074505806,0.0,-6.010257080197334,9.68115895986557
20.000000149011612,30.0,11.558659225702286,30.340089797973633
40.000000298023224,20.000000596046448,35.99304288625717,16.229971647262573
50.00000238418579,20.000000596046448,53.14085841178894,23.486777544021606
-5.000000037252903,60.0,-11.727730929851532,41.87041997909546
20.000000149011612,20.000000596046448,22.70671248435974,21.272276043891907
60.00000178813934,40.000001192092896,47.66390562057495,32.59282350540161
-74.99999821186066,10.000000298023224,-65.73460757732391,9.850793480873108
50.00000238418579,30.0,43.12115281820297,31.44071102142334
50.00000238418579,49.999998807907104,38.16981375217438,36.046292781829834
70.0000011920929,60.0,63.153061866760254,52.04025149345398
30.00000089406967,49.999998807907104,15.86974024772644,36.13234877586365
-60.00000178813934,30.0,-54.53618109226227,30.995267629623413
60.00000178813934,40.000001192092896,51.01395785808563,30.2020525932312
-25.000001192092896,49.999998807907104,-17.655997574329376,35.40237307548523
-10.000000074505806,40.000001192092896,-11.225259974598885,40.30193567276001
64.9999988079071,10.000000298023224,59.31372106075287,6.294473111629486
74.99999821186066,20.000000596046448,56.968451142311096,17.341572046279907
30.00000089406967,10.000000298023224,27.68413871526718,18.91822099685669
40.000000298023224,10.000000298023224,37.039152681827545,12.928849160671234
35.00000059604645,60.0,28.800219297409058,38.86674642562866
35.00000059604645,10.000000298023224,28.896875381469727,9.967385530471802
10.000000074505806,40.000001192092896,18.961207419633865,43.12601923942566
80.00000059604645,30.0,75.84958255290985,25.431089401245117
90.0,30.0,65.84642350673676,22.601400017738342
45.0,30.0,38.081510066986084,27.030597925186157
70.0000011920929,30.0,74.7603589296341,29.658284783363342
80.00000059604645,40.000001192092896,69.7761869430542,28.205240964889526
35.00000059604645,10.000000298023224,25.737592577934265,5.16120582818985
-15.000000447034836,10.000000298023224,-21.592272073030472,26.555943489074707
-35.00000059604645,40.000001192092896,-16.72715127468109,20.58632254600525
-40.000000298023224,30.0,-35.012269020080566,24.761792421340942
30.00000089406967,0.0,27.868484258651733,14.596319496631622
40.000000298023224,40.000001192092896,43.24474632740021,38.029571771621704
45.0,20.000000596046448,35.024668872356415,8.94834280014038
54.99999940395355,60.0,45.90171575546265,49.31402564048767
64.9999988079071,20.000000596046448,63.9120090007782,15.213308930397034
70.0000011920929,60.0,67.59284734725952,57.402498722076416
74.99999821186066,20.000000596046448,63.900319933891296,17.909259796142578
-30.00000089406967,10.000000298023224,-19.0358667075634,17.24026322364807
-35.00000059604645,30.0,-24.599263072013855,15.598989129066467
-70.0000011920929,20.000000596046448,-69.02604281902313,17.574883103370667
-64.9999988079071,30.0,-63.795971274375916,25.51465630531311
-54.99999940395355,49.999998807907104,-39.28165376186371,32.94424295425415
-15.000000447034836,20.000000596046448,-17.987468987703323,29.122270345687866
30.00000089406967,0.0,26.815886199474335,7.326303720474243
45.0,49.999998807907104,47.053783535957336,39.65934991836548
35.00000059604645,20.000000596046448,50.47667920589447,38.592424392700195
-20.000000149011612,40.000001192092896,-16.935663521289825,37.61522054672241
-25.000001192092896,60.0,-28.114711046218872,45.107985734939575
-40.000000298023224,40.000001192092896,-31.39290153980255,39.82167363166809
-54.99999940395355,49.999998807907104,-37.12599992752075,28.649670481681824
-80.00000059604645,40.000001192092896,-68.94806563854218,23.037933111190796
-80.00000059604645,0.0,-78.48906934261322,6.823554039001465
-50.00000238418579,30.0,-51.534982323646545,17.733280062675476
-40.000000298023224,60.0,-30.153635144233704,53.87692093849182
25.000001192092896,20.000000596046448,18.37184026837349,12.107409238815308
0.0,49.999998807907104,0.035102530382573605,32.660876512527466
-54.99999940395355,20.000000596046448,-46.883313059806824,9.071929156780243
-54.99999940395355,49.999998807907104,-43.45336318016052,45.07843852043152
-70.0000011920929,0.0,-60.36786139011383,1.977541744709015
-90.0,10.000000298023224,-79.95329260826111,7.159489989280701
-60.00000178813934,40.000001192092896,-51.4627343416214,26.984923481941223
-40.000000298023224,10.000000298023224,-51.19409501552582,19.896730184555054
-20.000000149011612,40.000001192092896,-23.455105125904083,40.695515871047974
40.000000298023224,0.0,41.543174386024475,11.3649120926857
40.000000298023224,30.0,36.19613707065582,22.358146905899048
40.000000298023224,40.000001192092896,41.145287454128265,36.74202919006348
54.99999940395355,30.0,51.80701196193695,21.972566843032837
30.00000089406967,20.000000596046448,25.5967578291893,22.11150884628296
20.000000149011612,60.0,16.38290047645569,29.376781582832336
-10.000000074505806,40.000001192092896,-18.04818347096443,40.30967473983765
-74.99999821186066,20.000000596046448,-73.86755883693695,14.181456863880157
-74.99999821186066,40.000001192092896,-71.21622741222382,32.977023124694824
-80.00000059604645,49.999998807907104,-58.30463111400604,34.61156129837036
-50.00000238418579,40.000001192092896,-48.541948199272156,32.467753887176514
-35.00000059604645,10.000000298023224,-42.174174785614014,16.403871774673462
-20.000000149011612,20.000000596046448,-22.188834249973297,15.091987252235413
-5.000000037252903,60.0,-13.914360255002975,38.18202495574951
10.000000074505806,30.0,9.910809248685837,29.837796092033386
54.99999940395355,49.999998807907104,41.357141733169556,30.908467769622803
90.0,10.000000298023224,62.102563977241516,16.189064383506775
64.9999988079071,10.000000298023224,66.86583459377289,3.36010605096817
60.00000178813934,60.0,51.48547947406769,40.51787495613098
54.99999940395355,49.999998807907104,55.25144040584564,44.22632575035095
15.000000447034836,20.000000596046448,11.757170855998993,26.832261085510254
5.000000037252903,0.0,3.01033403724432,26.91007375717163
-50.00000238418579,0.0,-44.180139899253845,12.382981181144714
-60.00000178813934,60.0,-51.74405515193939,48.958189487457275
-70.0000011920929,0.0,-50.417391657829285,4.2363399267196655
-84.99999761581421,0.0,-63.83127450942993,0.8166807889938354
-70.0000011920929,60.0,-54.912757873535156,49.83784317970276
-10.000000074505806,60.0,-7.041058167815208,29.631938338279724
-5.000000037252903,40.000001192092896,-5.398395583033562,32.10092782974243
-30.00000089406967,49.999998807907104,-36.263009905815125,47.40294814109802
30.00000089406967,60.0,19.669716954231262,49.548622369766235
45.0,30.0,38.79460483789444,23.19178819656372
25.000001192092896,10.000000298023224,15.903552174568176,19.203826189041138
40.000000298023224,20.000000596046448,25.748836398124695,4.6704429388046265
-74.99999821186066,30.0,-69.00435984134674,24.070116877555847
60.00000178813934,60.0,55.39114058017731,55.40648102760315
-64.9999988079071,30.0,-63.70543599128723,27.068186402320862
54.99999940395355,0.0,43.14026892185211,9.370050430297852
-20.000000149011612,40.000001192092896,-12.836149781942368,34.95033502578735
-5.000000037252903,10.000000298023224,-10.331637114286423,30.234253406524658
15.000000447034836,20.000000596046448,10.458765104413033,20.678540468215942
-25.000001192092896,20.000000596046448,-20.30893161892891,10.984286963939667
54.99999940395355,30.0,52.98080563545227,25.78403949737549
-80.00000059604645,10.000000298023224,-73.74933242797852,9.936254024505615
-30.00000089406967,40.000001192092896,-24.61520880460739,36.80366635322571
0.0,40.000001192092896,1.605914644896984,28.972606658935547
5.000000037252903,20.000000596046448,2.3431223072111607,27.806337475776672
45.0,30.0,49.46050822734833,30.330147743225098
74.99999821186066,10.000000298023224,69.05503213405609,4.893888831138611
25.000001192092896,30.0,30.1052588224411,32.458884716033936
-60.00000178813934,20.000000596046448,-65.632683634758,10.839494168758392
0.0,30.0,2.826833054423332,31.027250289916992
-45.0,60.0,-34.0856596827507,49.76904273033142
15.000000447034836,0.0,15.808541625738144,17.065415382385254
5.000000037252903,49.999998807907104,1.783573105931282,36.80053353309631
-74.99999821186066,40.000001192092896,-69.41578924655914,39.020891189575195
60.00000178813934,0.0,42.659882605075836,7.803753018379211
84.99999761581421,10.000000298023224,70.62400102615356,8.819466233253479
5.000000037252903,60.0,3.313942663371563,29.993101358413696
10.000000074505806,20.000000596046448,5.98077155649662,24.000985622406006
84.99999761581421,40.000001192092896,68.70526671409607,31.84804916381836
-10.000000074505806,20.000000596046448,-11.824055761098862,20.71606457233429
45.0,49.999998807907104,44.69614326953888,41.361351013183594
-84.99999761581421,49.999998807907104,-74.16078865528107,43.36097717285156
-15.000000447034836,60.0,-14.901532530784607,42.77496814727783
-84.99999761581421,20.000000596046448,-93.77017736434937,20.191240310668945
5.000000037252903,20.000000596046448,2.421772386878729,32.09963321685791
-35.00000059604645,49.999998807907104,-33.56962949037552,41.51403307914734
-54.99999940395355,10.000000298023224,-47.54108726978302,12.566159963607788
-54.99999940395355,49.999998807907104,-53.41375172138214,37.74840831756592
25.000001192092896,60.0,26.634590327739716,45.344953536987305
-70.0000011920929,49.999998807907104,-57.62004017829895,41.63821578025818
20.000000149011612,20.000000596046448,27.405561804771423,25.19312024116516
70.0000011920929,40.000001192092896,60.89863836765289,29.772849082946777
-35.00000059604645,20.000000596046448,-30.362184941768646,20.805805921554565
90.0,30.0,66.42612397670746,28.98215353488922
84.99999761581421,30.0,71.57636761665344,32.42075443267822
45.0,10.000000298023224,42.609883546829224,12.702342867851257
-64.9999988079071,60.0,-75.01206278800964,56.64616942405701
40.000000298023224,40.000001192092896,44.283737540245056,43.145670890808105
80.00000059604645,60.0,76.68018758296967,54.83885049819946
35.00000059604645,10.000000298023224,38.09377580881119,9.089609384536743
25.000001192092896,30.0,24.9399733543396,26.815381050109863
-40.000000298023224,20.000000596046448,-35.46041518449783,23.375115394592285
-80.00000059604645,20.000000596046448,-80.9784597158432,17.553309202194214
-50.00000238418579,10.000000298023224,-44.96475040912628,19.434421062469482
-64.9999988079071,49.999998807907104,-58.9955198764801,43.821126222610474
30.00000089406967,0.0,23.78198593854904,3.7920624017715454
-54.99999940395355,30.0,-50.246320366859436,22.723823189735413
-60.00000178813934,40.000001192092896,-50.929988622665405,25.804721117019653
64.9999988079071,30.0,61.659618616104126,25.53429901599884
64.9999988079071,20.000000596046448,67.75141417980194,15.592775344848633
60.00000178813934,40.000001192092896,59.413960576057434,35.655916929244995
-54.99999940395355,20.000000596046448,-44.18649137020111,25.824666023254395
-20.000000149011612,60.0,-22.94906347990036,46.580890417099
74.99999821186066,40.000001192092896,66.33235931396484,34.632757902145386
-35.00000059604645,10.000000298023224,-39.55997318029404,11.167146563529968
40.000000298023224,60.0,25.807517766952515,44.589035511016846
-10.000000074505806,30.0,-9.119454994797707,27.689037322998047
-90.0,0.0,-71.05909824371338,6.246749460697174
-45.0,20.000000596046448,-48.60550045967102,19.549208879470825
-40.000000298023224,0.0,-37.37358659505844,8.087365329265594
70.0000011920929,10.000000298023224,58.86523962020874,9.204829931259155
84.99999761581421,0.0,72.62952625751495,1.60625159740448
70.0000011920929,20.000000596046448,74.38322424888611,20.300669074058533
-80.00000059604645,10.000000298023224,-79.03512954711914,6.7238447070121765
-35.00000059604645,20.000000596046448,-26.206769943237305,19.957693219184875
84.99999761581421,10.000000298023224,63.51066470146179,12.691638171672821
84.99999761581421,30.0,56.88743233680725,26.862820386886597
-84.99999761581421,49.999998807907104,-70.572030544281,46.60797715187073
30.00000089406967,20.000000596046448,16.828632652759552,16.910208463668823
90.0,60.0,83.7898600101471,55.35622000694275
50.00000238418579,30.0,47.6626718044281,26.75010323524475
35.00000059604645,49.999998807907104,33.04193437099457,48.0752956867218
-54.99999940395355,0.0,-51.411879658699036,15.904505252838135
45.0,40.000001192092896,46.462774872779846,33.84879112243652
-15.000000447034836,49.999998807907104,-13.362034410238266,31.43657684326172
-40.000000298023224,0.0,-46.69172823429108,12.648053169250488
50.00000238418579,0.0,44.282372295856476,8.66392582654953
10.000000074505806,60.0,1.9835609570145607,30.418245792388916
20.000000149011612,60.0,19.101788699626923,36.43828868865967
54.99999940395355,60.0,39.812312722206116,50.098432302474976
45.0,40.000001192092896,25.74669063091278,34.18401002883911
90.0,20.000000596046448,72.29974865913391,17.719940543174744
25.000001192092896,49.999998807907104,17.318508625030518,35.734970569610596
-74.99999821186066,10.000000298023224,-71.60519599914551,14.2681485414505
10.000000074505806,40.000001192092896,11.42015129327774,31.03616237640381
-64.9999988079071,49.999998807907104,-57.13872849941254,39.68311071395874
40.000000298023224,10.000000298023224,34.36955004930496,19.947563409805298
54.99999940395355,60.0,46.557451486587524,52.84472107887268
60.00000178813934,60.0,56.927509903907776,53.93534302711487
74.99999821186066,40.000001192092896,60.382731556892395,29.03436541557312
54.99999940395355,0.0,58.93049776554108,10.30735194683075
54.99999940395355,10.000000298023224,52.65718102455139,15.73308527469635
5.000000037252903,10.000000298023224,2.103099972009659,32.33449459075928
-10.000000074505806,10.000000298023224,-3.665550760924816,13.032966256141663
-70.0000011920929,60.0,-64.0889972448349,36.1271595954895
-74.99999821186066,30.0,-68.56330811977386,27.361069321632385
-84.99999761581421,10.000000298023224,-72.77693510055542,11.031193435192108
-84.99999761581421,49.999998807907104,-67.99331724643707,39.98603582382202
-84.99999761581421,40.000001192092896,-71.28573954105377,28.37242841720581
-25.000001192092896,20.000000596046448,-29.169025719165802,25.16282558441162
30.00000089406967,30.0,25.54032951593399,24.435110092163086
45.0,0.0,53.44942510128021,12.7936390042305
0.0,20.000000596046448,0.7384352758526802,29.129576683044434
-20.000000149011612,10.000000298023224,1.699599176645279,11.750199794769287
-45.0,0.0,-38.34933131933212,10.501629710197449
-84.99999761581421,20.000000596046448,-85.07187008857727,21.754732131958008
-60.00000178813934,60.0,-58.78729999065399,56.61460518836975
-50.00000238418579,40.000001192092896,-52.002673745155334,33.60813617706299
-40.000000298023224,40.000001192092896,-48.673832416534424,49.837878942489624
15.000000447034836,40.000001192092896,13.06718721985817,31.033741235733032
25.000001192092896,0.0,39.82652306556702,31.447083950042725
25.000001192092896,10.000000298023224,28.150918185710907,27.317368984222412
50.00000238418579,60.0,43.38506072759628,49.022583961486816
84.99999761581421,0.0,57.715017199516296,6.159700155258179
50.00000238418579,60.0,37.66698807477951,48.30569386482239
25.000001192092896,0.0,17.211399972438812,15.204482674598694
25.000001192092896,49.999998807907104,19.90599811077118,36.8219518661499
5.000000037252903,0.0,2.9743334278464317,31.727235317230225
-20.000000149011612,49.999998807907104,-16.819403171539307,35.88587522506714
-64.9999988079071,30.0,-47.51280605792999,21.782684326171875
-64.9999988079071,40.000001192092896,-62.346022725105286,36.913100481033325
-74.99999821186066,30.0,-70.7337087392807,27.98042893409729
-74.99999821186066,60.0,-62.803704142570496,44.79243993759155
-25.000001192092896,0.0,-35.04448503255844,26.375327110290527
-25.000001192092896,60.0,-14.871157854795456,28.608056902885437
-20.000000149011612,0.0,-21.888964623212814,22.217254042625427
5.000000037252903,0.0,4.61409654468298,29.30079460144043
15.000000447034836,20.000000596046448,31.374407708644867,25.250092148780823
20.000000149011612,40.000001192092896,9.950422123074532,38.647366762161255
30.00000089406967,10.000000298023224,29.45948749780655,21.91138207912445
35.00000059604645,10.000000298023224,37.075982093811035,6.4752620458602905
50.00000238418579,40.000001192092896,35.38542062044144,16.92300796508789
60.00000178813934,40.000001192092896,46.52087688446045,26.4467990398407
74.99999821186066,10.000000298023224,62.91141629219055,3.9881139993667603
54.99999940395355,40.000001192092896,66.20777606964111,39.81719970703125
15.000000447034836,40.000001192092896,11.184221506118774,30.779911279678345
10.000000074505806,30.0,3.049727641046047,21.296308636665344
-74.99999821186066,10.000000298023224,-65.18165409564972,7.775419056415558
-54.99999940395355,0.0,-64.97738778591156,2.895407974720001
-50.00000238418579,0.0,-44.4575634598732,12.130014896392822
-25.000001192092896,0.0,-27.482128143310547,20.225071907043457
-5.000000037252903,20.000000596046448,-16.270035803318024,30.452470779418945
45.0,40.000001192092896,31.22051328420639,39.23420548439026
60.00000178813934,20.000000596046448,59.27351474761963,22.12875723838806
50.00000238418579,49.999998807907104,43.49441170692444,34.65715169906616
-45.0,30.0,-52.03091204166412,30.88369131088257
-40.000000298023224,20.000000596046448,-39.133923053741455,33.99232506752014
20.000000149011612,49.999998807907104,12.81905472278595,30.67122459411621
-64.9999988079071,10.000000298023224,-62.884374260902405,10.168497562408447
-60.00000178813934,30.0,-56.73888623714447,31.19565725326538
-35.00000059604645,49.999998807907104,-30.831788778305054,44.103498458862305
74.99999821186066,49.999998807907104,70.24356722831726,45.3474497795105
74.99999821186066,0.0,56.853867173194885,-1.2391859292984009
-60.00000178813934,30.0,-53.34668040275574,28.97522807121277
74.99999821186066,49.999998807907104,62.17633545398712,40.1823091506958
15.000000447034836,0.0,12.128667533397675,15.141456127166748
45.0,20.000000596046448,38.213560581207275,25.305747985839844
25.000001192092896,0.0,25.863618850708008,18.513178825378418
54.99999940395355,0.0,50.472296476364136,13.100541830062866
35.00000059604645,49.999998807907104,31.03874534368515,42.68760681152344
-35.00000059604645,30.0,-28.717497289180756,21.81261420249939
-40.000000298023224,60.0,-20.120727717876434,34.90574598312378
45.0,0.0,37.4278450012207,13.134591579437256
-20.000000149011612,10.000000298023224,-12.377701252698898,14.362609684467316
-40.000000298023224,60.0,-31.9344824552536,38.54531407356262
-60.00000178813934,60.0,-48.855825662612915,44.84996795654297
-30.00000089406967,20.000000596046448,-14.189050644636154,18.00461232662201
-90.0,49.999998807907104,-81.14137709140778,45.20413041114807
0.0,40.000001192092896,0.5946100736036897,31.017343997955322
-84.99999761581421,10.000000298023224,-87.44655847549438,4.697881042957306
-64.9999988079071,0.0,-59.44380819797516,0.563199520111084
-64.9999988079071,40.000001192092896,-51.74613654613495,28.06423544883728
20.000000149011612,20.000000596046448,11.467272341251373,11.043153405189514
-64.9999988079071,0.0,-56.461830139160156,10.215400457382202
25.000001192092896,20.000000596046448,20.415531992912292,14.383196532726288
50.00000238418579,10.000000298023224,41.646047830581665,17.763410210609436
-10.000000074505806,49.999998807907104,-4.274592585861683,39.76586580276489
-50.00000238418579,60.0,-48.613241314888,55.027045011520386
-10.000000074505806,0.0,-5.4951197281479836,11.71309769153595
-64.9999988079071,40.000001192092896,-50.5773264169693,28.262686729431152
90.0,10.000000298023224,77.76071012020111,6.900685429573059
25.000001192092896,40.000001192092896,31.686421036720276,45.95091104507446
25.000001192092896,20.000000596046448,17.361771315336227,22.72229790687561
70.0000011920929,60.0,69.02959406375885,58.603395223617554
70.0000011920929,20.000000596046448,71.74338340759277,22.52277910709381
64.9999988079071,60.0,50.228151082992554,53.60047459602356
50.00000238418579,40.000001192092896,54.771888256073,35.796053409576416
-30.00000089406967,10.000000298023224,-6.087837293744087,19.97038722038269
25.000001192092896,10.000000298023224,5.8615996688604355,16.2667179107666
35.00000059604645,40.000001192092896,38.80933552980423,47.02508211135864
84.99999761581421,30.0,58.286831974983215,24.15002167224884
-25.000001192092896,10.000000298023224,-13.023885637521744,17.60575532913208
74.99999821186066,20.000000596046448,73.0047994852066,25.81267476081848
80.00000059604645,60.0,76.76962852478027,58.370665311813354
70.0000011920929,30.0,63.69295299053192,26.337636709213257
40.000000298023224,10.000000298023224,22.74722456932068,4.606980085372925
30.00000089406967,30.0,38.17223310470581,44.78867053985596
-15.000000447034836,60.0,-13.233350068330765,29.802594780921936
-45.0,60.0,-34.53284561634064,57.21690058708191
-80.00000059604645,20.000000596046448,-63.42460334300995,18.358358144760132
-80.00000059604645,30.0,-73.76441180706024,26.0806667804718
-64.9999988079071,60.0,-52.4856698513031,51.72155499458313
0.0,60.0,0.732804648578167,29.015979766845703
40.000000298023224,10.000000298023224,34.77143883705139,16.350713968276978
45.0,10.000000298023224,42.49631881713867,30.882997512817383
45.0,30.0,38.76120865345001,23.684688806533813
-64.9999988079071,20.000000596046448,-48.68350446224213,16.560603976249695
-45.0,49.999998807907104,-43.40078383684158,44.132394790649414
-40.000000298023224,10.000000298023224,-37.94277012348175,22.901169061660767
5.000000037252903,30.0,2.977975867688656,27.092031240463257
25.000001192092896,20.000000596046448,24.26014870405197,12.144412994384766
74.99999821186066,49.999998807907104,60.31623423099518,44.329715967178345
84.99999761581421,0.0,79.19411480426788,-1.555781364440918
-80.00000059604645,40.000001192092896,-72.93847918510437,40.261666774749756
-10.000000074505806,49.999998807907104,-14.339955747127533,41.529908180236816
50.00000238418579,0.0,47.23268151283264,18.42406690120697
54.99999940395355,60.0,39.554922580718994,52.830573320388794
35.00000059604645,20.000000596046448,30.492242574691772,28.085535764694214
5.000000037252903,0.0,1.6259205713868141,24.29004728794098
-5.000000037252903,20.000000596046448,-3.7822097539901733,25.824914574623108
-25.000001192092896,30.0,-20.183865576982498,31.123459339141846
-50.00000238418579,30.0,-48.33779990673065,21.432239413261414
-64.9999988079071,0.0,-51.47468626499176,11.832914650440216
10.000000074505806,20.000000596046448,3.5551922768354416,23.56130361557007
40.000000298023224,20.000000596046448,32.23195016384125,8.285679817199707
54.99999940395355,0.0,64.95602130889893,18.53606879711151
70.0000011920929,10.000000298023224,52.94617295265198,9.209276139736176
84.99999761581421,60.0,70.71103870868683,47.05400347709656
50.00000238418579,20.000000596046448,56.192938685417175,20.846478939056396
-15.000000447034836,10.000000298023224,-16.874678134918213,24.92370843887329
-35.00000059604645,40.000001192092896,-40.366534888744354,39.68196630477905
-45.0,40.000001192092896,-35.88234543800354,40.9860634803772
-64.9999988079071,30.0,-43.674664199352264,18.697210550308228
-84.99999761581421,0.0,-84.12506639957428,3.9172571897506714
15.000000447034836,60.0,11.573852598667145,38.50690841674805
74.99999821186066,0.0,53.66092264652252,7.846372425556183
5.000000037252903,49.999998807907104,6.179328113794327,33.25313329696655
-60.00000178813934,10.000000298023224,-52.21900999546051,7.53500372171402
-80.00000059604645,0.0,-89.16657328605652,-1.2270069122314453
-70.0000011920929,40.000001192092896,-68.25016558170319,38.122150897979736
-64.9999988079071,10.000000298023224,-57.61634409427643,9.642813205718994
-60.00000178813934,20.000000596046448,-56.02925419807434,25.34860610961914
-45.0,20.000000596046448,-41.1435467004776,9.715712070465088
-35.00000059604645,40.000001192092896,-23.671344816684723,30.0978684425354
64.9999988079071,0.0,65.23033082485199,2.3102617263793945
54.99999940395355,40.000001192092896,53.20707142353058,30.962963104248047
74.99999821186066,49.999998807907104,62.359755635261536,44.07166600227356
25.000001192092896,40.000001192092896,19.821307361125946,25.040447115898132
-35.00000059604645,30.0,-32.291315495967865,21.228700876235962
64.9999988079071,49.999998807907104,57.13855683803558,40.659756660461426
74.99999821186066,60.0,72.79972314834595,54.505934715270996
45.0,40.000001192092896,34.1113418340683,35.21401762962341
40.000000298023224,40.000001192092896,30.156923532485962,35.95338821411133
0.0,30.0,2.1290422976017,28.354239463806152
74.99999821186066,20.000000596046448,52.760467529296875,22.41140127182007
-15.000000447034836,40.000001192092896,-8.910716772079468,32.967649698257446
84.99999761581421,30.0,68.75252187252045,24.632878303527832
-25.000001192092896,49.999998807907104,-23.687666058540344,39.007086753845215
-5.000000037252903,40.000001192092896,-6.983884200453758,33.10821890830994
25.000001192092896,20.000000596046448,14.071497470140457,16.36252462863922
30.00000089406967,40.000001192092896,33.602196872234344,38.67220759391785
-5.000000037252903,0.0,-5.519032962620258,29.012351632118225
-45.0,20.000000596046448,-41.46619230508804,25.499269366264343
70.0000011920929,49.999998807907104,50.05587816238403,41.52889609336853
-90.0,40.000001192092896,-69.05648052692413,35.189985036849976
35.00000059604645,20.000000596046448,29.21117663383484,12.522634863853455
25.000001192092896,40.000001192092896,23.46968024969101,43.34070324897766
-70.0000011920929,40.000001192092896,-65.75556635856628,34.17879939079285
-50.00000238418579,60.0,-42.41130888462067,46.63816809654236
-60.00000178813934,30.0,-56.812394857406616,25.92073917388916
-10.000000074505806,30.0,-10.398754701018333,31.851249933242798
25.000001192092896,10.000000298023224,15.135446637868881,8.301376104354858
25.000001192092896,49.999998807907104,21.569956094026566,43.732463121414185
84.99999761581421,60.0,82.5728291273117,61.21264457702637
-45.0,49.999998807907104,-34.803587794303894,39.644315242767334
-20.000000149011612,40.000001192092896,-15.819007605314255,26.485710740089417
10.000000074505806,40.000001192092896,13.401523232460022,30.634077787399292
-64.9999988079071,49.999998807907104,-52.509750723838806,38.311142921447754
80.00000059604645,40.000001192092896,78.57468545436859,34.41285252571106
64.9999988079071,20.000000596046448,60.3676575422287,17.891063690185547
10.000000074505806,0.0,7.430480718612671,23.576520681381226
-20.000000149011612,30.0,-15.76392576098442,20.59554398059845
-80.00000059604645,40.000001192092896,-77.12516605854034,37.33609914779663
-84.99999761581421,10.000000298023224,-74.77523982524872,9.37601923942566
-50.00000238418579,0.0,-35.66176861524582,6.195983290672302
-64.9999988079071,49.999998807907104,-52.95792102813721,37.7550745010376
-10.000000074505806,60.0,-9.427216351032257,32.264277935028076
84.99999761581421,49.999998807907104,72.14151978492737,44.24238681793213
84.99999761581421,60.0,66.57366156578064,52.435526847839355
35.00000059604645,40.000001192092896,35.63796937465668,34.89107608795166
25.000001192092896,10.000000298023224,14.197657853364944,11.142301261425018
50.00000238418579,20.000000596046448,51.086533069610596,25.793638229370117
25.000001192092896,20.000000596046448,16.850701868534088,10.872495174407959
20.000000149011612,10.000000298023224,15.79533576965332,15.251963138580322
0.0,20.000000596046448,-1.7819671332836151,30.46904683113098
15.000000447034836,49.999998807907104,18.45193102955818,38.68271827697754
80.00000059604645,0.0,71.54368221759796,-3.9959800243377686
15.000000447034836,10.000000298023224,16.716524362564087,12.46455430984497
10.000000074505806,30.0,8.128967508673668,22.74891972541809
5.000000037252903,49.999998807907104,13.664394468069077,40.15244007110596
-70.0000011920929,49.999998807907104,-61.33311331272125,48.07768106460571
-74.99999821186066,0.0,-75.21203219890594,8.493340015411377
-70.0000011920929,60.0,-72.85141468048096,54.534791707992554
-50.00000238418579,49.999998807907104,-40.225681364536285,33.55565428733826
-80.00000059604645,20.000000596046448,-81.65254175662994,18.067327737808228
30.00000089406967,49.999998807907104,17.800034880638123,43.928364515304565
-20.000000149011612,49.999998807907104,-16.8256875872612,39.81245756149292
-50.00000238418579,30.0,-40.51828622817993,26.336161494255066
-60.00000178813934,30.0,-55.39663374423981,19.272994995117188
-25.000001192092896,20.000000596046448,-27.678050100803375,16.64672613143921
35.00000059604645,30.0,38.94951045513153,33.62982988357544
-30.00000089406967,10.000000298023224,-26.128395795822144,18.565000891685486
-10.000000074505806,0.0,-6.590526849031448,13.220891654491425
64.9999988079071,30.0,63.97680580615997,29.138111472129822
60.00000178813934,20.000000596046448,46.1890983581543,16.46407663822174
90.0,20.000000596046448,74.95349407196045,18.378299474716187
50.00000238418579,49.999998807907104,46.56647443771362,45.64927697181702
-15.000000447034836,49.999998807907104,-12.516579329967499,32.925546169281006
-5.000000037252903,10.000000298023224,-6.125888451933861,27.030649781227112
15.000000447034836,40.000001192092896,10.648192763328552,29.242841005325317
-5.000000037252903,40.000001192092896,-3.927111066877842,32.278268337249756
-20.000000149011612,10.000000298023224,-14.260092973709106,15.291182398796082
-30.00000089406967,40.000001192092896,-31.793982982635498,39.63746666908264
15.000000447034836,0.0,-0.8533577062189579,9.476361572742462
70.0000011920929,20.000000596046448,65.66777229309082,25.172964334487915
-25.000001192092896,49.999998807907104,-20.786004066467285,36.74050211906433
0.0,49.999998807907104,2.656694669276476,28.62088680267334
30.00000089406967,10.000000298023224,17.62966901063919,7.381076216697693
30.00000089406967,40.000001192092896,30.237325429916382,35.11631727218628
5.000000037252903,0.0,3.437649831175804,25.111141204833984
5.000000037252903,40.000001192092896,1.8050597794353962,27.541163563728333
-40.000000298023224,30.0,-41.107234954833984,31.083054542541504
-60.00000178813934,40.000001192092896,-43.61016243696213,25.01121461391449
-40.000000298023224,20.000000596046448,-29.793334007263184,22.485662698745728
-20.000000149011612,20.000000596046448,-23.640891015529633,16.551184058189392
35.00000059604645,30.0,30.227245688438416,20.728095173835754
50.00000238418579,10.000000298023224,48.373441100120544,20.155398845672607
50.00000238418579,49.999998807907104,43.92036259174347,39.630539417266846
-64.9999988079071,40.000001192092896,-46.695236563682556,27.862004041671753
-84.99999761581421,20.000000596046448,-75.03630995750427,20.59601068496704
-25.000001192092896,30.0,-22.044678926467896,27.379560470581055
80.00000059604645,49.999998807907104,70.96612215042114,46.72611951828003
-25.000001192092896,0.0,-29.983888864517212,23.7490975856781
40.000000298023224,60.0,31.038353741168976,40.10240077972412
84.99999761581421,20.000000596046448,76.59641683101654,17.711305618286133
80.00000059604645,30.0,82.05611228942871,25.444820523262024
64.9999988079071,10.000000298023224,40.112205147743225,16.32354497909546
-25.000001192092896,40.000001192092896,-27.328362464904785,33.428614139556885
-54.99999940395355,10.000000298023224,-43.657801151275635,16.614797115325928
-84.99999761581421,0.0,-70.74450194835663,5.607585310935974
-84.99999761581421,20.000000596046448,-77.17016816139221,21.456130743026733
-84.99999761581421,60.0,-89.36931610107422,65.46468257904053
-40.000000298023224,0.0,-45.62575399875641,20.734108686447144
35.00000059604645,60.0,23.864155411720276,39.88898277282715
64.9999988079071,20.000000596046448,52.51584470272064,16.162644624710083
80.00000059604645,10.000000298023224,69.20753717422485,12.340587973594666
-20.000000149011612,20.000000596046448,-19.78625625371933,15.555151104927063
-25.000001192092896,60.0,-25.274039804935455,48.83157134056091
-50.00000238418579,40.000001192092896,-45.81026315689087,31.167229413986206
-54.99999940395355,20.000000596046448,-54.40561652183533,23.622724413871765
-64.9999988079071,60.0,-73.89817357063293,58.32371950149536
-90.0,20.000000596046448,-76.51731312274933,19.315754771232605
-40.000000298023224,30.0,-38.912984132766724,31.489455699920654
-35.00000059604645,20.000000596046448,-32.322163581848145,22.446407675743103
-15.000000447034836,49.999998807907104,-9.70845066010952,31.67682409286499
5.000000037252903,10.000000298023224,2.722407281398773,27.65488028526306
30.00000089406967,20.000000596046448,31.157553791999817,32.006943225860596
30.00000089406967,49.999998807907104,35.356138944625854,43.6205792427063
70.0000011920929,60.0,66.95627868175507,57.8377640247345
90.0,30.0,69.83868777751923,26.33545160293579
45.0,30.0,38.91767531633377,25.405962467193604
-40.000000298023224,30.0,-38.578845262527466,33.82274150848389
-70.0000011920929,30.0,-56.86493933200836,23.35136890411377
-74.99999821186066,40.000001192092896,-63.78384232521057,32.8253710269928
-90.0,10.000000298023224,-85.17802655696869,7.503962516784668
-74.99999821186066,60.0,-68.4026437997818,63.481571674346924
-50.00000238418579,49.999998807907104,-38.748623728752136,44.548137187957764
-15.000000447034836,40.000001192092896,-0.08185653481632471,23.575397729873657
0.0,20.000000596046448,0.483558657579124,25.603067278862
5.000000037252903,40.000001192092896,6.118800714612007,27.53901243209839
20.000000149011612,0.0,23.387736082077026,32.62764930725098
25.000001192092896,10.000000298023224,20.310724675655365,23.077361583709717
60.00000178813934,30.0,61.253634095191956,23.996182680130005
74.99999821186066,0.0,59.522584676742554,7.3538705706596375
80.00000059604645,40.000001192092896,72.0477443933487,35.07181406021118
90.0,10.000000298023224,72.41744935512543,11.445756554603577
15.000000447034836,40.000001192092896,14.132531136274338,34.313199520111084
-20.000000149011612,10.000000298023224,-12.558527737855911,21.482505798339844
-60.00000178813934,20.000000596046448,-54.831148982048035,11.421278715133667
-40.000000298023224,0.0,-38.12379240989685,16.998696327209473
-10.000000074505806,40.000001192092896,-2.591426633298397,35.832316875457764
10.000000074505806,40.000001192092896,9.344605654478073,24.81359839439392
-10.000000074505806,0.0,-5.112816765904427,13.604366183280945
45.0,20.000000596046448,31.20538294315338,19.51193332672119
30.00000089406967,10.000000298023224,24.972597062587738,10.177849531173706
60.00000178813934,20.000000596046448,46.137970089912415,17.457498908042908
5.000000037252903,20.000000596046448,1.777584571391344,27.05942451953888
35.00000059604645,49.999998807907104,33.871345818042755,38.28116297721863
-35.00000059604645,40.000001192092896,-26.698461771011353,29.232487678527832
-35.00000059604645,49.999998807907104,-32.9719877243042,40.2650785446167
-30.00000089406967,20.000000596046448,-23.50898802280426,20.441012978553772
-15.000000447034836,30.0,-4.237200580537319,16.99301540851593
-74.99999821186066,40.000001192092896,-68.22653532028198,39.133336544036865
-50.00000238418579,49.999998807907104,-40.06193786859512,33.531975746154785
5.000000037252903,30.0,0.6361485226079822,26.603845953941345
10.000000074505806,10.000000298023224,-0.6477674329653382,17.227463722229004
-5.000000037252903,10.000000298023224,-3.8144468888640404,28.726782202720642
0.0,20.000000596046448,3.048233985900879,27.337056398391724
0.0,40.000001192092896,1.2741403095424175,26.367956399917603
64.9999988079071,0.0,56.92688226699829,2.9561814665794373
45.0,10.000000298023224,41.54788702726364,13.104369342327118
54.99999940395355,30.0,48.29888105392456,28.368515968322754
5.000000037252903,10.000000298023224,4.097691178321838,24.940279126167297
-84.99999761581421,49.999998807907104,-76.4005297422409,49.76894974708557
0.0,40.000001192092896,3.0412686243653297,28.88496994972229
-50.00000238418579,20.000000596046448,-52.17103600502014,21.907507181167603
84.99999761581421,40.000001192092896,70.73198139667511,34.38643455505371
20.000000149011612,40.000001192092896,18.227313458919525,34.282604455947876
54.99999940395355,60.0,45.86265742778778,52.48311638832092
-50.00000238418579,30.0,-41.41688793897629,28.735281229019165
70.0000011920929,30.0,65.0065004825592,21.79995059967041
-80.00000059604645,20.000000596046448,-76.42632186412811,17.00239598751068
-80.00000059604645,30.0,-63.725321888923645,26.824636459350586
50.00000238418579,49.999998807907104,42.2118866443634,37.58678913116455
-30.00000089406967,49.999998807907104,-25.381212830543518,40.37378668785095
-60.00000178813934,60.0,-49.76482629776001,48.18314552307129
80.00000059604645,49.999998807907104,72.08322465419769,47.40584850311279
20.000000149011612,0.0,11.237481459975243,12.119851112365723
50.00000238418579,49.999998807907104,37.55279302597046,39.72297549247742
30.00000089406967,49.999998807907104,26.140310168266296,32.3564887046814
-50.00000238418579,30.0,-48.059799671173096,31.68088674545288
-25.000001192092896,0.0,-26.73914283514023,4.166848361492157
25.000001192092896,0.0,26.921785175800323,12.909700870513916
-54.99999940395355,0.0,-58.49602818489075,1.6701221466064453
30.00000089406967,49.999998807907104,22.32806771993637,38.081417083740234
50.00000238418579,49.999998807907104,46.25593364238739,43.64792346954346
45.0,30.0,65.63892781734467,43.306260108947754
-5.000000037252903,0.0,-1.058313511312008,24.117472171783447
-84.99999761581421,20.000000596046448,-76.36665880680084,18.739335536956787
70.0000011920929,49.999998807907104,61.44687116146088,42.12186098098755
10.000000074505806,0.0,10.785695537924767,24.28553581237793
10.000000074505806,0.0,8.508972823619843,23.621873259544373
60.00000178813934,40.000001192092896,52.454330921173096,32.6355242729187
35.00000059604645,30.0,36.45703822374344,34.19750690460205
70.0000011920929,30.0,67.46641337871552,30.875262022018433
74.99999821186066,0.0,65.0814950466156,8.603412508964539
45.0,10.000000298023224,57.104541063308716,24.683201909065247
40.000000298023224,0.0,42.35448092222214,6.573428213596344
-5.000000037252903,49.999998807907104,-5.879726707935333,33.570982217788696
-40.000000298023224,20.000000596046448,-31.90071076154709,23.051490783691406
-54.99999940395355,60.0,-55.96089541912079,56.88862681388855
-84.99999761581421,40.000001192092896,-77.09491074085236,37.125370502471924
-54.99999940395355,40.000001192092896,-48.0568653345108,31.40172243118286
-45.0,40.000001192092896,-41.20449185371399,32.64188289642334
-45.0,49.999998807907104,-38.92189711332321,26.469542384147644
5.000000037252903,60.0,1.8916086293756962,30.412960052490234
80.00000059604645,49.999998807907104,87.0760327577591,44.73862409591675
80.00000059604645,60.0,68.06566178798676,56.23571276664734
-25.000001192092896,10.000000298023224,-17.634510397911072,15.496019124984741
25.000001192092896,60.0,19.36075195670128,34.53779697418213
-5.000000037252903,40.000001192092896,-4.839105047285557,37.643680572509766
-25.000001192092896,20.000000596046448,-14.985096752643585,15.144002437591553
-25.000001192092896,20.000000596046448,-28.72464805841446,27.72437810897827
5.000000037252903,49.999998807907104,8.378808572888374,32.71002531051636
10.000000074505806,20.000000596046448,11.04608304798603,25.111541748046875
25.000001192092896,60.0,13.93373116850853,34.437968730926514
50.00000238418579,40.000001192092896,41.47660732269287,28.862324953079224
50.00000238418579,49.999998807907104,36.15242779254913,42.430737018585205
25.000001192092896,30.0,18.711579591035843,17.804673314094543
-40.000000298023224,20.000000596046448,-36.03460371494293,24.379420280456543
-70.0000011920929,0.0,-78.83094370365143,-2.074846029281616
-35.00000059604645,49.999998807907104,-39.50112283229828,49.651118516922
-25.000001192092896,20.000000596046448,-23.442968130111694,21.054060459136963
84.99999761581421,49.999998807907104,67.04621851444244,42.42745041847229
70.0000011920929,20.000000596046448,62.49276638031006,22.33864724636078
64.9999988079071,0.0,56.96757137775421,9.655113816261292
-15.000000447034836,10.000000298023224,-19.264329224824905,30.645761489868164
-25.000001192092896,10.000000298023224,-23.176225125789642,12.824293971061707
-80.00000059604645,49.999998807907104,-69.60291087627411,45.65590023994446
-45.0,40.000001192092896,-46.75859034061432,38.41883182525635
-20.000000149011612,49.999998807907104,-36.574854254722595,54.13243889808655
5.000000037252903,0.0,3.0982551723718643,26.334432363510132
10.000000074505806,49.999998807907104,10.236805602908134,37.53046989440918
30.00000089406967,40.000001192092896,28.96044909954071,37.26118326187134
54.99999940395355,10.000000298023224,58.16979110240936,18.52930247783661
70.0000011920929,30.0,57.96690881252289,21.4939284324646
50.00000238418579,49.999998807907104,54.192949533462524,42.071027755737305
20.000000149011612,40.000001192092896,12.783255279064178,28.926336765289307
15.000000447034836,20.000000596046448,13.279922604560852,23.143020272254944
-54.99999940395355,20.000000596046448,-56.35984182357788,20.246381163597107
-60.00000178813934,0.0,-51.16828680038452,9.425481855869293
-25.000001192092896,0.0,-33.21300566196442,17.995832562446594
-80.00000059604645,30.0,-77.27153420448303,27.822675704956055
-20.000000149011612,49.999998807907104,-17.22567468881607,40.823410749435425
40.000000298023224,10.000000298023224,29.77378338575363,21.124579310417175
-40.000000298023224,60.0,-16.994845122098923,36.94456458091736
-80.00000059604645,0.0,-73.45633864402771,5.673315525054932
-80.00000059604645,20.000000596046448,-79.99117612838745,17.417004704475403
50.00000238418579,49.999998807907104,41.4020311832428,34.34682369232178
45.0,10.000000298023224,44.504477977752686,18.04547667503357
60.00000178813934,20.000000596046448,47.45146930217743,16.8215274810791
50.00000238418579,0.0,47.1103298664093,21.687179803848267
-60.00000178813934,20.000000596046448,-57.65792369842529,21.511818766593933
35.00000059604645,20.000000596046448,35.11380136013031,26.454191207885742
-80.00000059604645,30.0,-73.2802677154541,28.383253812789917
-30.00000089406967,49.999998807907104,-31.170642971992493,52.27431893348694
15.000000447034836,49.999998807907104,20.386585593223572,39.583740234375
50.00000238418579,60.0,42.29417681694031,53.70994806289673
45.0,20.000000596046448,47.61251986026764,29.243048429489136
-35.00000059604645,40.000001192092896,-31.275919675827026,39.324331283569336
-10.000000074505806,10.000000298023224,-4.612672962248325,15.803723931312561
-80.00000059604645,20.000000596046448,-80.51836431026459,18.887758255004883
10.000000074505806,60.0,6.709590777754784,35.7961106300354
-45.0,30.0,-42.24973529577255,24.56199288368225
-20.000000149011612,10.000000298023224,-13.368404656648636,14.889124631881714
-25.000001192092896,30.0,-17.640605717897415,24.608375430107117
-30.00000089406967,30.0,-20.44521600008011,17.321977615356445
0.0,40.000001192092896,-0.17639484722167253,30.76062798500061
60.00000178813934,60.0,55.523995757102966,50.255892276763916
10.000000074505806,30.0,13.558032810688019,28.671880960464478
25.000001192092896,49.999998807907104,22.26707026362419,41.49319052696228
-54.99999940395355,40.000001192092896,-54.46471095085144,42.121217250823975
50.00000238418579,20.000000596046448,52.245370745658875,26.52020037174225
0.0,30.0,2.436083648353815,28.946138620376587
80.00000059604645,40.000001192092896,71.46383821964264,34.86827373504639
90.0,0.0,71.62146627902985,0.17357468605041504
-40.000000298023224,49.999998807907104,-34.063129127025604,38.314279317855835
60.00000178813934,49.999998807907104,47.79020011425018,30.578041076660156
-25.000001192092896,20.000000596046448,-25.22498220205307,16.763030290603638
-35.00000059604645,10.000000298023224,-32.324395179748535,13.488946259021759
-10.000000074505806,20.000000596046448,-15.403853952884674,33.680598735809326
-15.000000447034836,30.0,-10.109768137335777,24.578590393066406
-15.000000447034836,49.999998807907104,-10.137350633740425,33.115081787109375
-50.00000238418579,49.999998807907104,-43.07597368955612,35.98260998725891
40.000000298023224,20.000000596046448,41.24599099159241,19.63845670223236
-5.000000037252903,60.0,-7.678977996110916,42.89411902427673
-74.99999821186066,0.0,-77.05717206001282,-2.913140058517456
-10.000000074505806,20.000000596046448,-8.770716860890388,20.763144493103027
60.00000178813934,60.0,50.34158170223236,41.56200885772705
54.99999940395355,30.0,57.26028621196747,26.89354419708252
40.000000298023224,10.000000298023224,44.90136444568634,19.63518977165222
45.0,30.0,55.79486668109894,33.45384478569031
54.99999940395355,20.000000596046448,40.80822229385376,15.939241647720337
-30.00000089406967,40.000001192092896,-19.164785742759705,25.69736123085022
-10.000000074505806,10.000000298023224,-2.422813754528761,25.945980548858643
-60.00000178813934,20.000000596046448,-68.38206589221954,18.612470626831055
25.000001192092896,0.0,20.643558651208878,12.241407036781311
84.99999761581421,49.999998807907104,71.99208319187164,49.246848821640015
25.000001192092896,30.0,19.07621920108795,15.896206498146057
15.000000447034836,20.000000596046448,15.044690072536469,20.247411131858826
5.000000037252903,40.000001192092896,7.364949658513069,29.980069398880005
-84.99999761581421,40.000001192092896,-82.50733494758606,36.87345743179321
-35.00000059604645,20.000000596046448,-28.679863214492798,17.06080734729767
-30.00000089406967,49.999998807907104,-32.27013677358627,40.30412435531616
-54.99999940395355,20.000000596046448,-48.84918451309204,15.472004413604736
-35.00000059604645,49.999998807907104,-34.74045395851135,43.26735734939575
10.000000074505806,0.0,11.09249733388424,25.36106586456299
-35.00000059604645,40.000001192092896,-31.19206577539444,30.87459683418274
-5.000000037252903,10.000000298023224,-1.5668833069503307,22.99914300441742
84.99999761581421,30.0,84.28369760513306,28.903715014457703
-10.000000074505806,60.0,-0.20688154734671116,38.74945521354675
-30.00000089406967,0.0,-37.73732900619507,8.580472469329834
-70.0000011920929,20.000000596046448,-60.39129316806793,18.239580988883972
-30.00000089406967,20.000000596046448,-28.73470902442932,22.157054543495178
84.99999761581421,20.000000596046448,72.80099987983704,18.815174102783203
80.00000059604645,10.000000298023224,78.03684890270233,5.28782844543457
-84.99999761581421,10.000000298023224,-68.9234858751297,10.258991718292236
-80.00000059604645,20.000000596046448,-81.25020503997803,19.189394116401672
30.00000089406967,30.0,19.380877912044525,19.105891585350037
74.99999821186066,20.000000596046448,67.05653965473175,20.540724992752075
-54.99999940395355,49.999998807907104,-37.01391041278839,37.95695900917053
30.00000089406967,30.0,17.959838211536407,17.767657041549683
74.99999821186066,60.0,62.98029005527496,48.22366118431091
40.000000298023224,30.0,34.86053645610809,27.900888919830322
20.000000149011612,40.000001192092896,11.614619493484497,28.351389169692993
90.0,49.999998807907104,66.41918778419495,47.1625292301178
-50.00000238418579,20.000000596046448,-43.27971696853638,28.4453684091568
-74.99999821186066,30.0,-78.6703759431839,30.44238567352295
-74.99999821186066,10.000000298023224,-72.93362438678741,13.901150822639465
-5.000000037252903,20.000000596046448,-8.095579370856285,26.643070578575134
84.99999761581421,49.999998807907104,74.58570420742035,46.50412917137146
40.000000298023224,60.0,32.15301275253296,37.89778232574463
54.99999940395355,30.0,56.22150957584381,28.242273330688477
45.0,0.0,36.49562180042267,13.989189863204956
-35.00000059604645,60.0,-24.094659090042114,41.63132429122925
5.000000037252903,49.999998807907104,9.33350533246994,36.33033871650696
-45.0,49.999998807907104,-39.708473682403564,44.758265018463135
-84.99999761581421,0.0,-82.62289524078369,1.5944302082061768
-90.0,0.0,-81.20490789413452,4.404909610748291
-10.000000074505806,10.000000298023224,-1.8926746398210526,5.522972345352173
54.99999940395355,40.000001192092896,53.03456246852875,34.65869665145874
70.0000011920929,0.0,50.553181171417236,12.791045308113098
70.0000011920929,20.000000596046448,55.677343010902405,21.796395778656006
64.9999988079071,49.999998807907104,57.419942021369934,35.54118633270264
60.00000178813934,60.0,46.1752849817276,38.37728977203369
20.000000149011612,20.000000596046448,19.733011722564697,23.44187021255493
-45.0,40.000001192092896,-45.713757276535034,33.99820804595947
-50.00000238418579,20.000000596046448,-44.33200657367706,23.52331280708313
-54.99999940395355,60.0,-52.489076256752014,46.69515252113342
-64.9999988079071,40.000001192092896,-51.6908723115921,32.89731502532959
-54.99999940395355,40.000001192092896,-66.92154943943024,36.69404983520508
-30.00000089406967,40.000001192092896,-20.027743577957153,27.910137176513672
-30.00000089406967,60.0,-26.161773204803467,57.8627872467041
-5.000000037252903,0.0,-3.656463101506233,23.6103093624115
15.000000447034836,0.0,10.854829475283623,19.41999614238739
15.000000447034836,30.0,12.342208921909332,22.98745036125183
25.000001192092896,40.000001192092896,19.875793755054474,21.37932300567627
80.00000059604645,30.0,65.12881457805634,25.862510204315186
70.0000011920929,30.0,71.06519222259521,26.78994655609131
70.0000011920929,40.000001192092896,56.78906500339508,29.29816246032715
40.000000298023224,0.0,53.50097715854645,8.3498615026474
40.000000298023224,40.000001192092896,34.91200268268585,44.1264545917511
35.00000059604645,49.999998807907104,41.66449338197708,47.20923185348511
-5.000000037252903,30.0,-7.442616373300552,30.080734491348267
-84.99999761581421,30.0,-73.71337473392487,22.140008211135864
-15.000000447034836,60.0,-9.293476045131683,39.18070077896118
5.000000037252903,20.000000596046448,-0.743568018078804,31.002702713012695
30.00000089406967,60.0,17.757680118083954,34.379403591156006
74.99999821186066,40.000001192092896,66.17720425128937,31.31521224975586
60.00000178813934,40.000001192092896,56.13262116909027,33.04814100265503
20.000000149011612,10.000000298023224,17.019890248775482,11.548393964767456
5.000000037252903,40.000001192092896,9.30075891315937,30.466911792755127
0.0,30.0,1.1780313961207867,28.53288173675537
-50.00000238418579,49.999998807907104,-34.837024211883545,30.295976400375366
-54.99999940395355,10.000000298023224,-63.106852769851685,15.95029592514038
-80.00000059604645,10.000000298023224,-56.67978644371033,12.965642809867859
-45.0,10.000000298023224,-40.688488483428955,10.81811785697937
-30.00000089406967,40.000001192092896,-19.3619441986084,26.654677391052246
64.9999988079071,0.0,69.39504504203796,9.3943190574646
64.9999988079071,40.000001192092896,66.95317268371582,31.67785406112671
50.00000238418579,60.0,29.138770401477814,30.014923810958862
25.000001192092896,20.000000596046448,20.179240107536316,10.150675177574158
5.000000037252903,40.000001192092896,2.9525555670261383,25.18927037715912
-25.000001192092896,10.000000298023224,-19.8499895632267,22.13679313659668
-60.00000178813934,0.0,-43.43361675739288,9.88520085811615
-10.000000074505806,49.999998807907104,-8.251169621944427,34.47678208351135
35.00000059604645,30.0,53.77456247806549,45.19784688949585
54.99999940395355,0.0,49.14680778980255,17.12947905063629
50.00000238418579,30.0,42.97884285449982,24.89245355129242
-90.0,20.000000596046448,-86.65345072746277,20.2010715007782
-74.99999821186066,30.0,-64.96127307415009,27.62964963912964
-25.000001192092896,49.999998807907104,-21.626490354537964,40.188589096069336
35.00000059604645,20.000000596046448,26.637758016586304,15.934622883796692
25.000001192092896,60.0,19.215043634176254,43.420894145965576
74.99999821186066,49.999998807907104,61.71523153781891,48.291224241256714
5.000000037252903,40.000001192092896,8.023623079061508,31.255699396133423
45.0,49.999998807907104,52.2043114900589,49.84816074371338
15.000000447034836,60.0,20.808144360780716,49.291698932647705
54.99999940395355,10.000000298023224,45.82948386669159,17.65701413154602
-10.000000074505806,0.0,-4.5639244839549065,14.971546232700348
-35.00000059604645,49.999998807907104,-26.234954595565796,36.61443114280701
-5.000000037252903,0.0,-6.207512095570564,27.905566692352295
-15.000000447034836,0.0,-12.512409836053848,14.090279638767242
-84.99999761581421,49.999998807907104,-66.58024907112122,43.57667684555054
-90.0,60.0,-73.40020000934601,51.813082695007324
-35.00000059604645,0.0,-31.719117164611816,11.648308038711548
-30.00000089406967,40.000001192092896,-27.85183310508728,31.255499124526978
80.00000059604645,20.000000596046448,75.16359686851501,8.154889941215515
50.00000238418579,60.0,52.02108442783356,58.88154745101929
5.000000037252903,60.0,4.228400252759457,32.53287076950073
-5.000000037252903,40.000001192092896,-10.358343869447708,41.30749225616455
-20.000000149011612,10.000000298023224,-17.567739486694336,14.70040887594223
-70.0000011920929,30.0,-67.55046844482422,26.533913612365723
70.0000011920929,40.000001192092896,63.02988409996033,28.6257541179657
35.00000059604645,60.0,23.52901339530945,37.750725746154785
-54.99999940395355,0.0,-47.14783251285553,10.227637588977814
10.000000074505806,40.000001192092896,11.02460391819477,32.77337193489075
-74.99999821186066,60.0,-80.78999698162079,59.42357540130615
80.00000059604645,20.000000596046448,59.11150395870209,10.340736508369446
-15.000000447034836,30.0,-8.441505208611488,27.945152521133423
70.0000011920929,10.000000298023224,70.77083051204681,11.123051047325134
25.000001192092896,20.000000596046448,29.09030020236969,19.79991853237152
-25.000001192092896,20.000000596046448,-21.923534274101257,21.032735109329224
-50.00000238418579,30.0,-38.59363228082657,22.913607358932495
64.9999988079071,0.0,48.757469058036804,11.782082319259644
70.0000011920929,60.0,75.59670925140381,59.65166687965393
90.0,40.000001192092896,80.03639280796051,33.904967308044434
80.00000059604645,30.0,81.10761880874634,24.62758183479309
50.00000238418579,0.0,43.92250835895538,3.4807294607162476
-30.00000089406967,10.000000298023224,-26.740500032901764,12.593137621879578
15.000000447034836,49.999998807907104,10.930155292153358,32.51446008682251
-54.99999940395355,30.0,-44.43947196006775,29.73988652229309
-74.99999821186066,60.0,-82.29459822177887,61.21474742889404
-25.000001192092896,49.999998807907104,-23.694749772548676,39.71455693244934
-70.0000011920929,30.0,-53.83625864982605,20.877946615219116
64.9999988079071,10.000000298023224,60.75681388378143,8.386627435684204
-35.00000059604645,0.0,-37.065384685993195,9.844728112220764
54.99999940395355,0.0,59.916086196899414,17.634746432304382
20.000000149011612,49.999998807907104,17.797753661870956,40.27445912361145
60.00000178813934,10.000000298023224,53.7751042842865,11.722338795661926
80.00000059604645,0.0,84.43759739398956,2.736649811267853
64.9999988079071,30.0,69.27037060260773,32.148356437683105
50.00000238418579,10.000000298023224,56.7229163646698,21.290438175201416
25.000001192092896,49.999998807907104,36.21514052152634,55.13742685317993
25.000001192092896,60.0,22.24199026823044,43.43813180923462
-30.00000089406967,20.000000596046448,-30.296226739883423,20.926294326782227
-64.9999988079071,40.000001192092896,-56.01487755775452,40.312700271606445
-74.99999821186066,40.000001192092896,-67.75614559650421,32.035953998565674
-40.000000298023224,30.0,-23.210675418376923,26.786173582077026
45.0,20.000000596046448,32.08874702453613,14.073291420936584
60.00000178813934,60.0,54.93663489818573,47.602304220199585
40.000000298023224,0.0,47.57456123828888,14.46145623922348
35.00000059604645,40.000001192092896,41.160122752189636,47.66286849975586
15.000000447034836,10.000000298023224,10.490755140781403,22.020081281661987
-20.000000149011612,20.000000596046448,-10.965970829129219,10.948593020439148
-30.00000089406967,20.000000596046448,-13.721300214529037,22.593276500701904
-54.99999940395355,10.000000298023224,-43.50831091403961,11.527705192565918
-10.000000074505806,30.0,-10.836772844195366,30.78852653503418
84.99999761581421,10.000000298023224,75.09031355381012,6.849150359630585
54.99999940395355,0.0,53.23756277561188,6.573067009449005
-35.00000059604645,30.0,-20.49437552690506,21.561598777770996
-45.0,10.000000298023224,-39.62911784648895,18.838326930999756
-80.00000059604645,0.0,-82.41101145744324,3.528413772583008
-80.00000059604645,10.000000298023224,-90.28819799423218,5.788497626781464
-45.0,60.0,-34.98375982046127,41.306283473968506
-30.00000089406967,10.000000298023224,-20.84953486919403,24.800015687942505
50.00000238418579,49.999998807907104,36.78924858570099,41.67301654815674
-54.99999940395355,40.000001192092896,-35.36824643611908,19.637575149536133
-74.99999821186066,49.999998807907104,-48.68468463420868,33.58901023864746
-90.0,20.000000596046448,-86.10541105270386,18.02344501018524
90.0,60.0,64.29176151752472,55.89735388755798
80.00000059604645,40.000001192092896,53.88396978378296,22.164230346679688
40.000000298023224,30.0,35.13693541288376,28.773940801620483
25.000001192092896,0.0,20.344543308019638,5.170565843582153
-40.000000298023224,49.999998807907104,-31.39977067708969,36.185195446014404
-45.0,60.0,-42.16903030872345,49.675583839416504
0.0,30.0,-0.4618577426299453,31.95029854774475
54.99999940395355,49.999998807907104,49.801416993141174,41.8754768371582
74.99999821186066,30.0,66.40270292758942,23.685012459754944
0.0,10.000000298023224,0.275048422627151,27.987651228904724
-5.000000037252903,60.0,-12.262346148490906,36.83961868286133
-35.00000059604645,60.0,-25.537628531455994,51.48074269294739
10.000000074505806,40.000001192092896,11.81485041975975,32.53893256187439
-20.000000149011612,60.0,-11.679487377405167,47.508734464645386
-84.99999761581421,60.0,-66.82596623897552,54.80790853500366
20.000000149011612,30.0,7.495620176196098,32.02414155006409
20.000000149011612,10.000000298023224,19.349091053009033,20.021299123764038
10.000000074505806,49.999998807907104,9.48292851448059,33.78815174102783
50.00000238418579,40.000001192092896,44.39262181520462,30.021700859069824
64.9999988079071,49.999998807907104,55.82834601402283,42.587703466415405
80.00000059604645,0.0,81.3251405954361,-5.866713523864746
-10.000000074505806,10.000000298023224,0.7096835039556026,15.275872349739075
-25.000001192092896,30.0,-17.526488453149796,25.35851240158081
-10.000000074505806,0.0,-8.919873163104057,16.166045665740967
-45.0,10.000000298023224,-36.11320048570633,11.758574545383453
60.00000178813934,49.999998807907104,55.222638845443726,40.2128791809082
25.000001192092896,60.0,17.728937566280365,49.23552632331848
-74.99999821186066,49.999998807907104,-62.15587556362152,35.32601594924927
25.000001192092896,49.999998807907104,23.86528730392456,44.92262005805969
64.9999988079071,0.0,62.06750214099884,-1.102718710899353
-74.99999821186066,60.0,-62.20763146877289,52.875773906707764
-25.000001192092896,40.000001192092896,-19.851205945014954,26.519687175750732
60.00000178813934,40.000001192092896,61.85245335102081,37.776997089385986
84.99999761581421,40.000001192092896,78.36615979671478,37.32167601585388
-45.0,30.0,-42.55809277296066,30.394928455352783
-50.00000238418579,10.000000298023224,-45.70729315280914,18.794633746147156
-74.99999821186066,49.999998807907104,-70.91987013816833,41.58799409866333
15.000000447034836,40.000001192092896,16.51153653860092,35.56689262390137
-10.000000074505806,49.999998807907104,-9.576433002948761,46.59671187400818
-20.000000149011612,0.0,-15.566680133342743,9.170495867729187
-25.000001192092896,20.000000596046448,-20.95658451318741,17.12218701839447
-74.99999821186066,30.0,-67.20092296600342,23.470500111579895
80.00000059604645,0.0,65.74109852313995,2.9829365015029907
-74.99999821186066,20.000000596046448,-74.19187009334564,16.28346025943756
-90.0,0.0,-68.38003277778625,1.4401915669441223
15.000000447034836,40.000001192092896,20.797784328460693,36.41923785209656
10.000000074505806,20.000000596046448,5.749760270118713,25.098599195480347
25.000001192092896,10.000000298023224,19.75769340991974,8.935389518737793
-84.99999761581421,20.000000596046448,-80.41878998279572,20.21686613559723
20.000000149011612,0.0,20.882118344306946,19.42972719669342
50.00000238418579,49.999998807907104,36.0326161980629,38.82365942001343
74.99999821186066,10.000000298023224,67.00279355049133,7.848798036575317
-64.9999988079071,20.000000596046448,-57.72659361362457,27.758281230926514
25.000001192092896,10.000000298023224,18.10441866517067,12.388139963150024
-30.00000089406967,30.0,-21.66161522269249,25.314509868621826
-50.00000238418579,49.999998807907104,-47.13590204715729,40.457056760787964
-74.99999821186066,49.999998807907104,-46.08469605445862,31.274142265319824
40.000000298023224,20.000000596046448,32.746891379356384,12.363310754299164
15.000000447034836,40.000001192092896,7.1760014444589615,25.082151889801025
30.00000089406967,20.000000596046448,28.299520611763,16.15455687046051
15.000000447034836,40.000001192092896,3.1290261447429657,28.60356330871582
54.99999940395355,40.000001192092896,62.789767384529114,37.79820799827576
-74.99999821186066,49.999998807907104,-71.12732291221619,38.93962383270264
-50.00000238418579,30.0,-40.75809448957443,26.71753764152527
-45.0,0.0,-35.40698558092117,10.326177477836609
60.00000178813934,49.999998807907104,50.07435858249664,37.284454107284546
-30.00000089406967,60.0,-24.61176484823227,47.55819082260132
54.99999940395355,0.0,53.790462613105774,11.93644791841507
30.00000089406967,20.000000596046448,30.318430066108704,23.300964832305908
45.0,20.000000596046448,36.771747171878815,22.424941062927246
5.000000037252903,40.000001192092896,2.4269790574908257,24.63755428791046
80.00000059604645,0.0,74.98268187046051,3.1700000166893005
70.0000011920929,49.999998807907104,69.91167068481445,49.537492990493774
-45.0,0.0,-31.9366255402565,10.293091535568237
-60.00000178813934,10.000000298023224,-48.03342819213867,7.003765404224396
5.000000037252903,49.999998807907104,8.416498973965645,41.85102939605713
10.000000074505806,49.999998807907104,11.276064366102219,43.83842468261719
-45.0,10.000000298023224,-25.502614974975586,12.637919783592224
84.99999761581421,20.000000596046448,65.6544417142868,17.367982864379883
-25.000001192092896,49.999998807907104,-19.090788960456848,36.40219688415527
5.000000037252903,10.000000298023224,1.5388505347073078,26.62673592567444
70.0000011920929,0.0,72.06938445568085,8.085840046405792
70.0000011920929,49.999998807907104,65.1204514503479,47.815293073654175
-50.00000238418579,60.0,-36.50662958621979,45.09804368019104
-35.00000059604645,20.000000596046448,-25.97046732902527,14.759273529052734
-20.000000149011612,40.000001192092896,-15.04228949546814,40.18325686454773
-5.000000037252903,40.000001192092896,-4.989278577268124,35.51727533340454
-5.000000037252903,60.0,2.8708910197019577,31.78035020828247
45.0,49.999998807907104,42.5751194357872,48.035184144973755
0.0,49.999998807907104,2.170079592615366,30.209505558013916
20.000000149011612,40.000001192092896,12.450542002916336,34.41417574882507
45.0,40.000001192092896,49.826860427856445,33.45751762390137
15.000000447034836,20.000000596046448,18.090813159942627,28.516963720321655
-70.0000011920929,10.000000298023224,-42.82021164894104,9.093080163002014
-25.000001192092896,49.999998807907104,-22.40889608860016,42.35301375389099
-50.00000238418579,10.000000298023224,-44.1774845123291,13.89280915260315
5.000000037252903,20.000000596046448,2.829786501824856,30.053340196609497
5.000000037252903,30.0,6.293542608618736,29.481600522994995
-30.00000089406967,10.000000298023224,-35.742639899253845,19.426910877227783
5.000000037252903,0.0,3.7623131275177,28.445531129837036
-84.99999761581421,30.0,-62.33122229576111,23.481464982032776
-84.99999761581421,20.000000596046448,-78.58906745910645,19.21908438205719
-60.00000178813934,0.0,-57.70542025566101,3.8900041580200195
50.00000238418579,60.0,54.68461990356445,60.04443168640137
-30.00000089406967,10.000000298023224,-37.29827016592026,19.67558205127716
-15.000000447034836,49.999998807907104,-10.511069521307945,36.15218997001648
-35.00000059604645,10.000000298023224,-25.613822042942047,14.330295324325562
-40.000000298023224,20.000000596046448,-24.062579870224,24.90175187587738
-74.99999821186066,30.0,-61.387497782707214,25.950697660446167
-70.0000011920929,20.000000596046448,-68.41368913650513,22.301748991012573
84.99999761581421,30.0,78.28054368495941,28.11409592628479
25.000001192092896,49.999998807907104,29.3573060631752,41.84767484664917
-30.00000089406967,49.999998807907104,-29.688642024993896,44.30264711380005
5.000000037252903,60.0,2.2191770933568478,31.578229665756226
35.00000059604645,40.000001192092896,31.408227682113647,42.53553628921509
60.00000178813934,20.000000596046448,52.349950075149536,19.06681001186371
84.99999761581421,40.000001192092896,64.06411707401276,36.369287967681885
-90.0,30.0,-74.74583745002747,27.581584453582764
-5.000000037252903,20.000000596046448,-4.99654870480299,24.991382360458374
20.000000149011612,49.999998807907104,19.20488879084587,49.99253869056702
-40.000000298023224,20.000000596046448,-37.964646220207214,25.361191034317017
10.000000074505806,60.0,11.923037320375443,39.341583251953125
50.00000238418579,10.000000298023224,52.662100195884705,8.106856048107147
54.99999940395355,40.000001192092896,57.57011353969574,35.37631273269653
45.0,40.000001192092896,44.470767974853516,43.787856101989746
-10.000000074505806,30.0,-5.934081003069878,18.623417615890503
-40.000000298023224,30.0,-27.696946263313293,18.306198120117188
-74.99999821186066,0.0,-58.75843942165375,3.4825873374938965
-84.99999761581421,60.0,-80.14922797679901,61.01626396179199
-70.0000011920929,40.000001192092896,-49.274588227272034,33.92946481704712
-45.0,30.0,-47.62152135372162,29.03344988822937
84.99999761581421,60.0,78.56233656406403,52.560811042785645
45.0,10.000000298023224,39.06245559453964,16.681373119354248
-10.000000074505806,10.000000298023224,-1.5052672661840916,14.157586097717285
-70.0000011920929,10.000000298023224,-67.83688008785248,9.947614073753357
-50.00000238418579,0.0,-37.01812148094177,21.413086652755737
15.000000447034836,49.999998807907104,9.414964690804482,31.36978268623352
45.0,49.999998807907104,37.80995786190033,40.12722373008728
54.99999940395355,60.0,34.303677678108215,47.127699851989746
70.0000011920929,60.0,63.3059960603714,52.338563203811646
74.99999821186066,10.000000298023224,71.46161735057831,9.842880964279175
90.0,10.000000298023224,89.11415755748749,8.403151631355286
54.99999940395355,0.0,45.550206899642944,18.04683208465576
54.99999940395355,10.000000298023224,50.88284075260162,19.353418350219727
-30.00000089406967,0.0,-28.778378069400787,17.17415750026703
-40.000000298023224,49.999998807907104,-37.2358176112175,42.85883903503418
-74.99999821186066,0.0,-62.7808678150177,0.2816641330718994
-74.99999821186066,10.000000298023224,-67.70104229450226,13.723164796829224
0.0,20.000000596046448,-2.4641645327210426,23.510268330574036
10.000000074505806,40.000001192092896,7.461035773158073,31.33722424507141
80.00000059604645,30.0,84.10625874996185,26.37852430343628
60.00000178813934,49.999998807907104,51.32685363292694,36.00736856460571
40.000000298023224,20.000000596046448,40.53971707820892,24.488389492034912
-20.000000149011612,10.000000298023224,-4.243879616260529,17.23767399787903
-80.00000059604645,10.000000298023224,-84.16808366775513,4.265476763248444
-84.99999761581421,10.000000298023224,-74.79468047618866,5.000150799751282
-25.000001192092896,49.999998807907104,-20.164125859737396,34.62135314941406
-5.000000037252903,0.0,-9.278664886951447,29.917455911636353
50.00000238418579,49.999998807907104,37.81514793634415,41.64101600646973
-30.00000089406967,60.0,-28.046475648880005,51.98688268661499
64.9999988079071,0.0,60.539801716804504,4.127620160579681
-80.00000059604645,0.0,-73.20146977901459,4.196053147315979
64.9999988079071,20.000000596046448,58.440409898757935,16.262390613555908
0.0,40.000001192092896,2.7245243825018406,28.523093461990356
-84.99999761581421,20.000000596046448,-83.7522554397583,22.430884838104248
-10.000000074505806,0.0,-10.273211896419525,28.573976755142212
-40.000000298023224,0.0,-40.34674018621445,7.571368217468262
74.99999821186066,20.000000596046448,51.906752586364746,25.491081476211548
10.000000074505806,30.0,10.936800464987755,24.402934312820435
-70.0000011920929,20.000000596046448,-66.2047129869461,21.51805579662323
-15.000000447034836,60.0,-12.815044820308685,43.96632671356201
5.000000037252903,30.0,1.1000066064298153,26.428595781326294
15.000000447034836,49.999998807907104,9.922612309455872,36.11023664474487
-15.000000447034836,40.000001192092896,-8.425117582082748,29.98331308364868
-10.000000074505806,10.000000298023224,-8.828382343053818,20.989776849746704
-10.000000074505806,40.000001192092896,-10.343426764011383,29.831226468086243
80.00000059604645,40.000001192092896,68.1830620765686,36.43786311149597
45.0,20.000000596046448,34.60096299648285,22.266898155212402
-60.00000178813934,0.0,-53.55012059211731,1.5474790334701538
-20.000000149011612,40.000001192092896,-17.977861315011978,47.76665925979614
20.000000149011612,20.000000596046448,19.525001049041748,25.206631422042847
20.000000149011612,30.0,14.917320013046265,25.814053416252136
-45.0,40.000001192092896,-34.39819872379303,31.14609718322754
-40.000000298023224,10.000000298023224,-34.26223486661911,14.093685150146484
-25.000001192092896,49.999998807907104,-24.638493061065674,48.385562896728516
20.000000149011612,10.000000298023224,18.37862491607666,12.699476480484009
60.00000178813934,40.000001192092896,47.38521873950958,33.05828332901001
-30.00000089406967,49.999998807907104,-25.70877492427826,47.094032764434814
10.000000074505806,60.0,10.109499916434288,36.094990968704224
40.000000298023224,49.999998807907104,29.022193551063538,33.10279369354248
80.00000059604645,30.0,60.46072483062744,21.8375301361084
15.000000447034836,20.000000596046448,15.681242644786835,22.71212339401245
-60.00000178813934,30.0,-49.20934617519379,26.53241515159607
54.99999940395355,20.000000596046448,42.64826864004135,19.388843178749084
-15.000000447034836,10.000000298023224,-18.40686321258545,32.5879168510437
40.000000298023224,10.000000298023224,44.58402156829834,15.685733556747437
90.0,10.000000298023224,65.56156754493713,14.786796569824219
45.0,40.000001192092896,34.00809288024902,31.84426188468933
15.000000447034836,60.0,6.9759683310985565,32.16250777244568
-45.0,0.0,-44.20764058828354,13.151345551013947
-30.00000089406967,20.000000596046448,-34.161359667778015,30.417423248291016
-25.000001192092896,20.000000596046448,-18.96399959921837,26.972962617874146
-20.000000149011612,60.0,-11.071757152676582,49.12893533706665
-10.000000074505806,0.0,-8.743430748581886,21.207382678985596
-70.0000011920929,20.000000596046448,-63.27477514743805,18.257970213890076
-40.000000298023224,20.000000596046448,-38.38157415390015,25.914940237998962
-70.0000011920929,49.999998807907104,-65.44055700302124,48.15846920013428
15.000000447034836,10.000000298023224,18.258105218410492,17.49867081642151
45.0,30.0,37.53961801528931,27.130064964294434
74.99999821186066,10.000000298023224,56.2787264585495,13.233659863471985
54.99999940395355,40.000001192092896,50.246336460113525,34.21597480773926
80.00000059604645,0.0,68.32600772380829,5.408356189727783
80.00000059604645,40.000001192092896,62.39035427570343,32.838263511657715
84.99999761581421,40.000001192092896,58.849623799324036,28.1974858045578
70.0000011920929,0.0,59.45268630981445,7.096758484840393
10.000000074505806,20.000000596046448,5.135193094611168,21.5809428691864
-70.0000011920929,30.0,-61.63730263710022,26.13602042198181
-50.00000238418579,40.000001192092896,-53.34787666797638,30.484378337860107
-45.0,49.999998807907104,-42.1416637301445,30.509262084960938
10.000000074505806,60.0,5.8014994114637375,32.74578809738159
40.000000298023224,60.0,31.177391409873962,44.719412326812744
54.99999940395355,40.000001192092896,39.83885049819946,27.32762038707733
60.00000178813934,0.0,54.75635826587677,6.99035257101059
-45.0,0.0,-41.783167719841,16.859039068222046
-60.00000178813934,0.0,-40.610202848911285,7.4103230237960815
-84.99999761581421,0.0,-75.22744953632355,4.11371111869812
-84.99999761581421,20.000000596046448,-80.09296596050262,21.314597725868225
-45.0,10.000000298023224,-45.358412861824036,19.44854736328125
25.000001192092896,30.0,17.045553624629974,20.564861297607422
45.0,49.999998807907104,39.77531969547272,32.23889350891113
84.99999761581421,0.0,66.1498886346817,3.522937595844269
54.99999940395355,49.999998807907104,43.48088800907135,40.5651068687439
10.000000074505806,49.999998807907104,16.026157289743423,31.799941062927246
-54.99999940395355,40.000001192092896,-44.619630575180054,23.987626433372498
-64.9999988079071,10.000000298023224,-54.325488209724426,9.34971570968628
-54.99999940395355,0.0,-53.77176225185394,15.642746686935425
-54.99999940395355,30.0,-43.93517643213272,21.745185256004333
-54.99999940395355,40.000001192092896,-46.50717616081238,29.950332641601562
20.000000149011612,30.0,12.556623369455338,27.49085247516632
60.00000178813934,40.000001192092896,53.09915006160736,31.530479192733765
84.99999761581421,0.0,55.072612166404724,0.1367640495300293
45.0,30.0,41.73511326313019,26.51225745677948
35.00000059604645,40.000001192092896,39.91352319717407,45.16794204711914
25.000001192092896,10.000000298023224,22.83630609512329,8.976736664772034
0.0,10.000000298023224,-1.430217046290636,29.295884370803833
-54.99999940395355,60.0,-36.82124197483063,46.285929679870605
-45.0,30.0,-44.850831627845764,25.71481704711914
-30.00000089406967,40.000001192092896,-32.65692204236984,42.39325761795044
25.000001192092896,10.000000298023224,18.05260106921196,16.975218057632446
35.00000059604645,0.0,36.11712455749512,19.456815719604492
50.00000238418579,0.0,36.72836244106293,13.655498027801514
70.0000011920929,0.0,63.502344489097595,2.6124393939971924
35.00000059604645,49.999998807907104,33.77518057823181,49.70191955566406
15.000000447034836,20.000000596046448,14.429986774921417,24.123809337615967
64.9999988079071,0.0,55.59484899044037,16.706963181495667
74.99999821186066,30.0,66.06858015060425,26.290435194969177
80.00000059604645,20.000000596046448,62.50171422958374,15.125986933708191
60.00000178813934,0.0,61.57265603542328,5.188930034637451
-40.000000298023224,30.0,-44.87089991569519,33.08137893676758
-70.0000011920929,0.0,-58.3558988571167,0.754162073135376
-10.000000074505806,30.0,-5.19902229309082,26.838753819465637
64.9999988079071,10.000000298023224,62.16592848300934,12.646419703960419
35.00000059604645,20.000000596046448,34.05429124832153,26.249974966049194
-40.000000298023224,30.0,-36.60527855157852,19.214553236961365
-60.00000178813934,20.000000596046448,-50.34262239933014,17.128259539604187
60.00000178813934,49.999998807907104,48.10971558094025,35.876097679138184
20.000000149011612,40.000001192092896,13.877772241830826,31.806514263153076
15.000000447034836,0.0,11.533156782388687,18.346019983291626
-15.000000447034836,49.999998807907104,-8.874455988407135,33.36989164352417
-84.99999761581421,0.0,-75.52735269069672,5.061015486717224
-35.00000059604645,10.000000298023224,-31.282196044921875,19.088957905769348
25.000001192092896,20.000000596046448,18.355897217988968,19.350489377975464
54.99999940395355,60.0,46.85317039489746,48.93950700759888
-35.00000059604645,49.999998807907104,-32.703554928302765,44.009045362472534
70.0000011920929,60.0,58.45922827720642,47.41019010543823
-30.00000089406967,30.0,-18.494368940591812,26.27374827861786
90.0,20.000000596046448,75.7414036989212,19.744341373443604
20.000000149011612,10.000000298023224,12.291358262300491,10.034362971782684
74.99999821186066,40.000001192092896,62.41829752922058,27.86999523639679
70.0000011920929,20.000000596046448,68.34742248058319,23.1563401222229
15.000000447034836,49.999998807907104,15.23874118924141,41.036460399627686
-35.00000059604645,20.000000596046448,-26.37567400932312,14.464137554168701
30.00000089406967,20.000000596046448,21.659473478794098,11.190362870693207
-90.0,30.0,-73.12360525131226,26.57138228416443
-60.00000178813934,10.000000298023224,-44.423488676548004,10.255780220031738
-30.00000089406967,49.999998807907104,-43.29707890748978,52.78260827064514
-5.000000037252903,60.0,-9.659234806895256,37.617151737213135
45.0,30.0,39.38931226730347,25.24340808391571
-35.00000059604645,60.0,-29.156650006771088,47.310640811920166
-64.9999988079071,20.000000596046448,-51.931981444358826,18.287749886512756
84.99999761581421,60.0,70.18553495407104,54.24843192100525
-25.000001192092896,60.0,-30.35384327173233,56.17895722389221
0.0,40.000001192092896,1.1236333474516869,28.282363414764404
35.00000059604645,60.0,35.74158042669296,50.38633704185486
-40.000000298023224,60.0,-34.381223022937775,53.09669494628906
40.000000298023224,40.000001192092896,37.142876386642456,36.72690510749817
10.000000074505806,10.000000298023224,8.334155157208443,23.66981327533722
54.99999940395355,49.999998807907104,46.78448975086212,35.02817630767822
10.000000074505806,60.0,7.533624395728111,33.37711572647095
15.000000447034836,20.000000596046448,17.758179008960724,21.502493619918823
-80.00000059604645,60.0,-67.7949571609497,46.865540742874146
40.000000298023224,49.999998807907104,37.09977865219116,36.01776123046875
-54.99999940395355,60.0,-49.11943852901459,59.11942720413208
20.000000149011612,10.000000298023224,18.24616402387619,10.036506950855255
5.000000037252903,20.000000596046448,-1.9929210282862186,25.62622904777527
-30.00000089406967,40.000001192092896,-36.03382587432861,39.80405330657959
30.00000089406967,10.000000298023224,25.403834581375122,15.207581520080566
20.000000149011612,30.0,22.079680413007736,27.420188784599304
-20.000000149011612,20.000000596046448,-13.628440797328949,18.27670991420746
-10.000000074505806,0.0,-12.322947978973389,18.81267786026001
-64.9999988079071,30.0,-59.364237785339355,24.878865480422974
80.00000059604645,10.000000298023224,71.45488500595093,14.690712690353394
-20.000000149011612,30.0,-22.19680979847908,34.34749245643616
-54.99999940395355,10.000000298023224,-41.713105738162994,12.52455085515976
60.00000178813934,10.000000298023224,56.35053992271423,10.077190697193146
-90.0,0.0,-85.20065903663635,2.7635371685028076
5.000000037252903,10.000000298023224,3.1513528525829315,30.070163011550903
-15.000000447034836,40.000001192092896,-9.173164889216423,34.08344507217407
-15.000000447034836,60.0,-15.546224266290665,36.09041690826416
40.000000298023224,20.000000596046448,33.10702085494995,15.850932598114014
-10.000000074505806,10.000000298023224,-7.238558605313301,32.1987783908844
-15.000000447034836,60.0,-13.015417903661728,43.66624116897583
-30.00000089406967,60.0,-25.523533523082733,45.87257623672485
-70.0000011920929,20.000000596046448,-65.32978177070618,23.150557279586792
20.000000149011612,30.0,11.908831000328064,20.638786554336548
-45.0,49.999998807907104,-39.79628384113312,38.70936870574951
-74.99999821186066,0.0,-61.12314462661743,0.3140527009963989
-15.000000447034836,30.0,-10.396249517798424,27.448421716690063
-74.99999821186066,40.000001192092896,-56.6777104139328,34.70200181007385
-40.000000298023224,60.0,-37.224517464637756,51.39023423194885
0.0,20.000000596046448,1.3204711116850376,25.957378149032593
-5.000000037252903,10.000000298023224,-5.585522912442684,35.09797811508179
-64.9999988079071,30.0,-60.16628801822662,30.041452646255493
80.00000059604645,10.000000298023224,60.65152108669281,16.15196406841278
5.000000037252903,60.0,5.119361691176891,32.968289852142334
15.000000447034836,60.0,6.186608299612999,32.68038511276245
-50.00000238418579,49.999998807907104,-39.05955344438553,33.51308226585388
-10.000000074505806,20.000000596046448,-13.333381712436676,29.09016788005829
54.99999940395355,10.000000298023224,44.75958287715912,16.339425444602966
-60.00000178813934,49.999998807907104,-54.75283920764923,43.08311104774475
-20.000000149011612,30.0,-19.132702499628067,29.085781574249268
40.000000298023224,0.0,41.67480647563934,15.379557609558105
64.9999988079071,0.0,47.380927205085754,7.1572476625442505
-20.000000149011612,10.000000298023224,-12.36498087644577,19.33847665786743
-50.00000238418579,60.0,-42.76570647954941,51.47215962409973
-45.0,20.000000596046448,-52.60009825229645,23.984735012054443
10.000000074505806,49.999998807907104,7.153924182057381,40.136311054229736
70.0000011920929,10.000000298023224,58.533815145492554,8.731684684753418
-54.99999940395355,40.000001192092896,-49.1261225938797,33.245437145233154
10.000000074505806,40.000001192092896,13.525730967521667,32.29119658470154
-15.000000447034836,0.0,-14.085111021995544,16.05519711971283
-15.000000447034836,20.000000596046448,-17.004539966583252,27.878079414367676
50.00000238418579,0.0,31.454670131206512,9.660879671573639
45.0,20.000000596046448,31.322820782661438,20.504779815673828
10.000000074505806,30.0,13.736619651317596,28.67214024066925
-20.000000149011612,60.0,-11.923748105764389,38.244584798812866
-74.99999821186066,0.0,-62.999231815338135,3.3352813124656677
25.000001192092896,60.0,19.202401041984558,40.62199115753174
-25.000001192092896,20.000000596046448,-18.601414561271667,18.559189438819885
-90.0,40.000001192092896,-80.68658173084259,34.5885443687439
-80.00000059604645,40.000001192092896,-56.663108468055725,29.86920475959778
80.00000059604645,10.000000298023224,69.95496690273285,7.9306358098983765
30.00000089406967,30.0,40.58341026306152,38.66079926490784
10.000000074505806,49.999998807907104,4.439920596778393,31.006128787994385
5.000000037252903,0.0,2.1383237466216087,25.231919288635254
-5.000000037252903,60.0,-8.713152632117271,36.86651587486267
-40.000000298023224,49.999998807907104,-47.96899616718292,48.216294050216675
-54.99999940395355,30.0,-42.58555591106415,19.64513897895813
-80.00000059604645,10.000000298023224,-58.82381021976471,11.661404371261597
-84.99999761581421,10.000000298023224,-70.94229340553284,12.190103530883789
-90.0,40.000001192092896,-77.31247544288635,30.905485153198242
-64.9999988079071,20.000000596046448,-54.78188216686249,22.084473967552185
-40.000000298023224,60.0,-26.159262657165527,35.2478563785553
-35.00000059604645,30.0,-35.829307436943054,30.842950344085693
-30.00000089406967,40.000001192092896,-28.343868255615234,36.87797784805298
-20.000000149011612,40.000001192092896,-11.827948987483978,28.95144760608673
-5.000000037252903,49.999998807907104,-11.10347293317318,35.477482080459595
20.000000149011612,30.0,22.56693184375763,28.193394541740417
45.0,60.0,29.58988308906555,34.7953462600708
90.0,0.0,71.31314098834991,3.49639356136322
84.99999761581421,60.0,61.43008053302765,46.7941153049469
70.0000011920929,60.0,68.303262591362,54.24243092536926
64.9999988079071,40.000001192092896,44.98251736164093,24.184391498565674
20.000000149011612,20.000000596046448,20.380719602108,17.65555500984192
15.000000447034836,20.000000596046448,10.425916761159897,19.933406710624695
10.000000074505806,10.000000298023224,5.247008353471756,19.805297255516052
0.0,20.000000596046448,-2.317082919180393,29.795499444007874
-10.000000074505806,0.0,-8.823641538619995,20.22236466407776
-30.00000089406967,20.000000596046448,-26.696597635746002,18.08663785457611
-84.99999761581421,60.0,-71.46851599216461,58.51743936538696
-80.00000059604645,10.000000298023224,-71.93608403205872,8.403094410896301
-64.9999988079071,40.000001192092896,-52.43146777153015,33.81841421127319
-60.00000178813934,10.000000298023224,-57.57335364818573,10.171012580394745
-50.00000238418579,60.0,-44.149801433086395,53.70833873748779
-45.0,20.000000596046448,-47.31692433357239,17.25866675376892
35.00000059604645,20.000000596046448,39.050812125205994,31.12205743789673
40.000000298023224,40.000001192092896,44.13497418165207,39.5963180065155
54.99999940395355,49.999998807907104,52.44465887546539,29.2799574136734
20.000000149011612,40.000001192092896,8.589701279997826,31.491193771362305
10.000000074505806,30.0,13.492122888565063,30.584810972213745
-84.99999761581421,10.000000298023224,-78.15736591815948,11.263149082660675
-5.000000037252903,0.0,-9.090932384133339,44.21544313430786
-5.000000037252903,10.000000298023224,-8.610627874732018,31.597065925598145
-5.000000037252903,20.000000596046448,-12.176066190004349,34.764883518218994
15.000000447034836,60.0,12.806574404239655,30.581674575805664
45.0,0.0,38.31324219703674,5.885616838932037
84.99999761581421,30.0,56.578232645988464,40.09158253669739
84.99999761581421,40.000001192092896,70.94369351863861,33.16885828971863
60.00000178813934,30.0,57.461087107658386,27.974706888198853
50.00000238418579,0.0,37.39470899105072,11.657827198505402
50.00000238418579,20.000000596046448,48.537232875823975,24.06482219696045
20.000000149011612,49.999998807907104,16.51626393198967,35.59706926345825
15.000000447034836,40.000001192092896,14.230033457279205,26.742653846740723
10.000000074505806,49.999998807907104,10.39139673113823,28.426432013511658
-15.000000447034836,60.0,-6.810676530003548,38.20817828178406
-54.99999940395355,0.0,-45.22538602352142,14.806574285030365
-84.99999761581421,10.000000298023224,-63.14807832241058,9.124728441238403
-74.99999821186066,10.000000298023224,-65.55356919765472,13.099561035633087
-70.0000011920929,20.000000596046448,-66.92938685417175,18.298416137695312
-70.0000011920929,30.0,-49.233625531196594,23.081697821617126
-45.0,10.000000298023224,-35.61846166849136,12.44281679391861
-40.000000298023224,49.999998807907104,-47.93707251548767,47.79109597206116
-15.000000447034836,60.0,-16.41055539250374,39.84213709831238
5.000000037252903,10.000000298023224,4.973267130553722,31.551976203918457
-45.0,30.0,-45.54276645183563,26.893315315246582
64.9999988079071,10.000000298023224,51.810429096221924,13.823239803314209
54.99999940395355,30.0,46.6022926568985,22.88198232650757
-10.000000074505806,0.0,-11.371160745620728,32.167367935180664
-80.00000059604645,30.0,-52.700525522232056,27.521907091140747
-20.000000149011612,60.0,-15.990749448537827,36.08607530593872
-20.000000149011612,30.0,-23.0583393573761,29.97020959854126
-60.00000178813934,0.0,-44.03960824012756,7.098821997642517
25.000001192092896,20.000000596046448,21.641069501638412,15.723329186439514
-70.0000011920929,0.0,-51.519779562950134,2.074427604675293
20.000000149011612,10.000000298023224,16.86787337064743,12.368740439414978
-20.000000149011612,0.0,-17.345822900533676,11.35204553604126
5.000000037252903,20.000000596046448,6.45185261964798,25.05060911178589
-64.9999988079071,60.0,-34.484469294548035,41.47104263305664
-50.00000238418579,30.0,-50.097039341926575,37.260822057724
-64.9999988079071,49.999998807907104,-47.922706604003906,43.46012592315674
20.000000149011612,0.0,25.690906047821045,24.66138482093811
-64.9999988079071,60.0,-42.42217183113098,44.15119528770447
40.000000298023224,40.000001192092896,31.429409086704254,38.934996128082275
30.00000089406967,20.000000596046448,26.586565375328064,20.1519638299942
-50.00000238418579,20.000000596046448,-44.42846417427063,23.994770050048828
84.99999761581421,30.0,54.41411912441254,33.325581550598145
-5.000000037252903,30.0,-6.350719928741455,34.41664695739746
15.000000447034836,49.999998807907104,19.327516704797745,28.91892671585083
-10.000000074505806,60.0,-9.270817413926125,37.87081718444824
-35.00000059604645,49.999998807907104,-34.54609572887421,42.137078046798706
-10.000000074505806,40.000001192092896,-10.520728155970573,26.19927227497101
-74.99999821186066,20.000000596046448,-69.87045586109161,17.671324610710144
80.00000059604645,60.0,67.02306568622589,52.71903991699219
-10.000000074505806,0.0,-5.872254744172096,16.349714398384094
25.000001192092896,49.999998807907104,19.9710913002491,35.54828882217407
5.000000037252903,20.000000596046448,1.078633088618517,25.692797899246216
-90.0,40.000001192092896,-66.15695357322693,34.6415376663208
-45.0,30.0,-54.315022230148315,33.83523344993591
-5.000000037252903,20.000000596046448,-4.137331210076809,23.93885850906372
-45.0,40.000001192092896,-56.40576660633087,38.73010039329529
64.9999988079071,0.0,43.335836827754974,3.220338821411133
-25.000001192092896,20.000000596046448,-13.03247943520546,21.272932291030884
-54.99999940395355,0.0,-46.567955017089844,11.230292916297913
25.000001192092896,10.000000298023224,21.7775496840477,10.303494930267334
-45.0,30.0,-41.150796711444855,31.79208755493164
-70.0000011920929,0.0,-61.141077876091,10.53617388010025
5.000000037252903,40.000001192092896,5.9022364765405655,27.989802360534668
35.00000059604645,40.000001192092896,26.23873919248581,34.62482929229736
80.00000059604645,30.0,53.630377650260925,20.91743230819702
30.00000089406967,40.000001192092896,28.55171263217926,32.07007884979248
60.00000178813934,30.0,48.136720061302185,24.96070146560669
-74.99999821186066,60.0,-74.5998877286911,57.67930269241333
-64.9999988079071,0.0,-43.48739504814148,11.187225580215454
5.000000037252903,10.000000298023224,2.55783062428236,25.54554283618927
50.00000238418579,49.999998807907104,35.120069682598114,27.681516408920288
50.00000238418579,30.0,39.92025554180145,21.742290258407593
5.000000037252903,49.999998807907104,7.922038435935974,30.77605962753296
0.0,30.0,-0.06744762416929007,28.09410810470581
-45.0,30.0,-42.93254256248474,32.181172370910645
-30.00000089406967,30.0,-34.139266312122345,32.63011336326599
-25.000001192092896,20.000000596046448,-33.429886400699615,24.554725885391235
5.000000037252903,0.0,2.1526239439845085,22.96427071094513
45.0,0.0,42.075743079185486,14.610211551189423
84.99999761581421,30.0,52.853631377220154,32.768375873565674
50.00000238418579,20.000000596046448,44.67795521020889,17.74336874485016
-5.000000037252903,10.000000298023224,-4.520068019628525,24.07731056213379
-90.0,10.000000298023224,-70.30291378498077,12.813491821289062
-20.000000149011612,30.0,-16.36565253138542,26.825838088989258
20.000000149011612,60.0,7.259271964430809,28.204323649406433
45.0,20.000000596046448,41.64479523897171,12.865579426288605
50.00000238418579,10.000000298023224,36.52472913265228,13.251469731330872
80.00000059604645,0.0,52.201666831970215,5.777391493320465
80.00000059604645,40.000001192092896,55.75029909610748,22.379701137542725
50.00000238418579,10.000000298023224,51.79662644863129,19.727582931518555
20.000000149011612,10.000000298023224,20.54416537284851,29.546152353286743
5.000000037252903,30.0,3.3788055181503296,26.58519208431244
-25.000001192092896,0.0,-25.854193568229675,26.02505922317505
-45.0,40.000001192092896,-46.19981646537781,33.37041735649109
-84.99999761581421,40.000001192092896,-51.17839872837067,24.51837122440338
-80.00000059604645,20.000000596046448,-66.7611426115036,20.376620292663574
-30.00000089406967,10.000000298023224,-25.46259105205536,28.997318744659424
-20.000000149011612,30.0,-18.172255754470825,32.04301357269287
-10.000000074505806,20.000000596046448,-18.388789147138596,32.4607515335083
10.000000074505806,40.000001192092896,10.167381316423416,31.146901845932007
54.99999940395355,49.999998807907104,35.488731265068054,42.13439226150513
20.000000149011612,20.000000596046448,26.537577509880066,24.566604495048523
-10.000000074505806,20.000000596046448,-13.363726884126663,28.236186504364014
-84.99999761581421,49.999998807907104,-68.03764343261719,39.7624397277832
-64.9999988079071,20.000000596046448,-59.25095736980438,22.445685267448425
-25.000001192092896,20.000000596046448,-23.133175671100616,28.03330421447754
5.000000037252903,49.999998807907104,3.115767650306225,25.97626805305481
60.00000178813934,30.0,50.07237911224365,24.881027340888977
60.00000178813934,40.000001192092896,41.29730701446533,19.97318208217621
70.0000011920929,49.999998807907104,47.91792154312134,34.672701358795166
80.00000059604645,60.0,56.95108115673065,46.07071280479431
74.99999821186066,40.000001192092896,55.41353166103363,22.426908016204834
45.0,30.0,38.102857768535614,25.080599784851074
15.000000447034836,10.000000298023224,12.692014575004578,21.64051651954651
0.0,20.000000596046448,-1.022341065108776,28.108463287353516
-5.000000037252903,40.000001192092896,-11.009047776460648,34.928040504455566
-30.00000089406967,49.999998807907104,-23.750005960464478,31.554958820343018
-40.000000298023224,40.000001192092896,-26.516956686973572,35.213985443115234
-50.00000238418579,49.999998807907104,-33.74582648277283,39.470189809799194
-64.9999988079071,40.000001192092896,-45.53437650203705,30.617594718933105
-84.99999761581421,49.999998807907104,-72.11895167827606,41.49357318878174
-5.000000037252903,49.999998807907104,-0.40778801310807467,35.88895797729492
20.000000149011612,0.0,14.348436892032623,25.855543613433838
40.000000298023224,0.0,44.50386643409729,14.878764152526855
60.00000178813934,30.0,52.2152441740036,26.300243139266968
54.99999940395355,49.999998807907104,47.053601145744324,40.155158042907715
20.000000149011612,20.000000596046448,24.371607899665833,23.807837963104248
-20.000000149011612,20.000000596046448,-17.384395748376846,14.746839702129364
-60.00000178813934,40.000001192092896,-40.849544405937195,34.146437644958496
-10.000000074505806,40.000001192092896,-15.934259444475174,33.239861726760864
5.000000037252903,49.999998807907104,2.901470884680748,30.612788200378418
-54.99999940395355,60.0,-44.00189906358719,41.8642795085907
-80.00000059604645,49.999998807907104,-65.02891838550568,37.959043979644775
-70.0000011920929,0.0,-59.2089056968689,11.62451684474945
-60.00000178813934,40.000001192092896,-52.0244425535202,34.96855616569519
84.99999761581421,49.999998807907104,50.15384316444397,36.393996477127075
-50.00000238418579,0.0,-40.4310017824173,15.547422766685486
40.000000298023224,40.000001192092896,30.774346590042114,33.544403314590454
45.0,10.000000298023224,52.05316364765167,29.939979314804077
30.00000089406967,49.999998807907104,23.917171955108643,36.29447937011719
40.000000298023224,10.000000298023224,43.60820174217224,14.803137481212616
25.000001192092896,0.0,28.028209805488586,26.05140745639801
-84.99999761581421,10.000000298023224,-65.15570640563965,12.363107800483704
-64.9999988079071,49.999998807907104,-54.79857087135315,39.018434286117554
-40.000000298023224,20.000000596046448,-38.99742007255554,27.45407223701477
30.00000089406967,40.000001192092896,29.988099932670593,39.976794719696045
80.00000059604645,10.000000298023224,57.973453402519226,14.369272291660309
54.99999940395355,30.0,59.67874825000763,26.393229961395264
-50.00000238418579,49.999998807907104,-48.73940169811249,39.64215159416199
-74.99999821186066,0.0,-51.5565150976181,13.51073294878006
45.0,49.999998807907104,38.194119930267334,33.85361194610596
40.000000298023224,30.0,29.98834401369095,32.808122634887695
-5.000000037252903,30.0,-5.3407736867666245,32.9152250289917
-5.000000037252903,20.000000596046448,-9.77683424949646,29.26863133907318
80.00000059604645,49.999998807907104,52.29409039020538,36.4317512512207
-64.9999988079071,40.000001192092896,-54.36502397060394,32.38864302635193
-30.00000089406967,49.999998807907104,-35.58898150920868,45.412763357162476
-70.0000011920929,40.000001192092896,-55.08422076702118,28.86614441871643
10.000000074505806,30.0,9.13540206849575,25.497114658355713
15.000000447034836,0.0,11.038150414824486,19.432799220085144
40.000000298023224,10.000000298023224,44.1641566157341,21.669902801513672
74.99999821186066,10.000000298023224,54.96516287326813,12.277688384056091
-10.000000074505806,0.0,-9.348566606640816,17.636847496032715
30.00000089406967,0.0,21.02745920419693,15.245291590690613
20.000000149011612,40.000001192092896,11.75987720489502,30.636956691741943
80.00000059604645,40.000001192092896,64.1255235671997,26.62851333618164
5.000000037252903,49.999998807907104,-0.013726833276450634,34.24538254737854
-15.000000447034836,0.0,-11.552293002605438,20.020623207092285
5.000000037252903,30.0,1.7772766202688217,24.93779718875885
15.000000447034836,49.999998807907104,23.889110684394836,30.79698085784912
35.00000059604645,60.0,25.145138204097748,41.99241757392883
-35.00000059604645,49.999998807907104,-29.430820047855377,34.740943908691406
-45.0,10.000000298023224,-40.04303902387619,23.03704082965851
-15.000000447034836,40.000001192092896,-9.911394640803337,27.771686911582947
74.99999821186066,60.0,69.16283011436462,53.383458852767944
5.000000037252903,20.000000596046448,3.7841781601309776,26.183152198791504
84.99999761581421,20.000000596046448,58.52010369300842,19.574507474899292
15.000000447034836,49.999998807907104,11.592617332935333,32.29828119277954
35.00000059604645,30.0,38.82226645946503,33.240580558776855
-80.00000059604645,20.000000596046448,-74.08213019371033,20.609548687934875
54.99999940395355,10.000000298023224,55.717291831970215,7.324386835098267
-90.0,49.999998807907104,-74.40950453281403,43.17628026008606
54.99999940395355,40.000001192092896,34.93623912334442,23.199339509010315
-25.000001192092896,60.0,-19.61676076054573,42.69582509994507
-30.00000089406967,30.0,-26.48801028728485,26.33381724357605
-54.99999940395355,10.000000298023224,-45.81474781036377,10.109281539916992
-35.00000059604645,10.000000298023224,-24.633697271347046,21.850368976593018
-60.00000178813934,0.0,-36.56058490276337,10.945669412612915
0.0,10.000000298023224,-0.13632448855787516,27.88691997528076
25.000001192092896,0.0,27.35209733247757,21.937617659568787
50.00000238418579,10.000000298023224,40.267877876758575,15.075439810752869
45.0,60.0,44.911733865737915,43.75205755233765
-50.00000238418579,0.0,-40.31214773654938,14.817150235176086
60.00000178813934,10.000000298023224,43.965166211128235,7.2000449895858765
64.9999988079071,49.999998807907104,34.73280966281891,35.14508843421936
25.000001192092896,30.0,23.94941210746765,26.296836733818054
84.99999761581421,0.0,69.56246852874756,6.187976002693176
-15.000000447034836,60.0,-7.62138694524765,32.107146978378296
5.000000037252903,30.0,3.1697196140885353,25.629465579986572
60.00000178813934,0.0,41.31165683269501,5.375536680221558
74.99999821186066,40.000001192092896,48.4290486574173,24.847378134727478
35.00000059604645,40.000001192092896,30.695985853672028,38.22368502616882
-84.99999761581421,40.000001192092896,-65.69365561008453,32.665815353393555
74.99999821186066,0.0,45.22379815578461,2.7563148736953735
25.000001192092896,40.000001192092896,23.967181742191315,27.613041400909424
50.00000238418579,20.000000596046448,47.61581361293793,23.992871046066284
-45.0,10.000000298023224,-46.153671741485596,20.61201810836792
30.00000089406967,0.0,26.03239417076111,18.302428722381592
54.99999940395355,40.000001192092896,40.0206533074379,29.565024375915527
74.99999821186066,30.0,57.23244488239288,19.826416969299316
0.0,10.000000298023224,0.19518567016348243,28.865100145339966
-70.0000011920929,49.999998807907104,-54.67395544052124,44.55110549926758
-64.9999988079071,60.0,-68.11149537563324,52.82862067222595
-45.0,10.000000298023224,-41.65072292089462,21.48960292339325
70.0000011920929,20.000000596046448,58.06694447994232,30.4362952709198
74.99999821186066,20.000000596046448,42.57531255483627,15.495180487632751
64.9999988079071,30.0,69.51179623603821,24.34177279472351
-5.000000037252903,40.000001192092896,-6.460089012980461,34.956536293029785
-10.000000074505806,49.999998807907104,-18.090311586856842,41.77800178527832
20.000000149011612,40.000001192092896,14.725916236639023,25.81743836402893
30.00000089406967,40.000001192092896,27.008761167526245,34.0740966796875
-74.99999821186066,60.0,-69.03543591499329,58.353084325790405
-25.000001192092896,10.000000298023224,-22.824949622154236,21.701104044914246
54.99999940395355,0.0,51.32010519504547,10.122692584991455
54.99999940395355,40.000001192092896,46.00182116031647,29.0058696269989
50.00000238418579,20.000000596046448,42.089728116989136,18.016270995140076
-45.0,60.0,-40.424349904060364,41.685765981674194
15.000000447034836,60.0,15.887867957353592,33.58449697494507
35.00000059604645,10.000000298023224,22.063200920820236,14.326519668102264
60.00000178813934,30.0,43.96637052297592,18.154374361038208
50.00000238418579,30.0,31.64935827255249,23.425687551498413
64.9999988079071,60.0,38.55224847793579,44.928778409957886
-15.000000447034836,10.000000298023224,-12.98090323805809,24.65877413749695
-25.000001192092896,0.0,-19.1794091463089,11.519377827644348
-25.000001192092896,20.000000596046448,-21.63225844502449,17.69963264465332
-64.9999988079071,20.000000596046448,-43.75504732131958,21.58160090446472
40.000000298023224,49.999998807907104,31.029572188854218,36.04700803756714
-50.00000238418579,49.999998807907104,-44.03056651353836,36.944947242736816
-40.000000298023224,49.999998807907104,-30.01653403043747,37.747753858566284
15.000000447034836,10.000000298023224,12.199416160583496,22.1377694606781
74.99999821186066,30.0,54.741241335868835,25.25484323501587
70.0000011920929,10.000000298023224,47.41529166698456,19.86722767353058
64.9999988079071,40.000001192092896,39.38566982746124,23.30584466457367
-5.000000037252903,30.0,-6.934787705540657,29.136271476745605
-54.99999940395355,20.000000596046448,-51.39198839664459,25.67353069782257
-45.0,40.000001192092896,-34.28160309791565,30.926860570907593
-30.00000089406967,40.000001192092896,-19.02994841337204,26.79776966571808
-20.000000149011612,30.0,-21.826591193675995,34.20370817184448
-10.000000074505806,40.000001192092896,-7.8331781923770905,26.42506241798401
15.000000447034836,20.000000596046448,22.86040037870407,18.293148279190063
15.000000447034836,49.999998807907104,9.800760224461555,23.950989246368408
45.0,10.000000298023224,54.76804196834564,15.26785433292389
74.99999821186066,0.0,46.71228468418121,4.804126024246216
70.0000011920929,49.999998807907104,51.6736364364624,29.49385106563568
64.9999988079071,40.000001192092896,40.44204443693161,22.194721698760986
25.000001192092896,49.999998807907104,15.706596225500107,34.3716037273407
15.000000447034836,30.0,10.971135422587395,23.81232976913452
0.0,60.0,-0.11829853523522615,26.03084921836853
-5.000000037252903,60.0,-12.184224128723145,31.53720259666443
-30.00000089406967,20.000000596046448,-25.645710825920105,14.357816576957703
-25.000001192092896,60.0,-20.25527000427246,44.26642298698425
-20.000000149011612,0.0,-13.658288419246674,16.709418296813965
-20.000000149011612,30.0,-15.220528990030289,32.10592746734619
30.00000089406967,49.999998807907104,33.74989539384842,36.338632106781006
35.00000059604645,10.000000298023224,30.45769304037094,17.314764261245728
90.0,0.0,68.60250055789948,2.9472944140434265
54.99999940395355,40.000001192092896,42.397629618644714,28.369715809822083
54.99999940395355,49.999998807907104,37.56234169006348,37.44592308998108
50.00000238418579,0.0,40.9493413567543,14.668339490890503
40.000000298023224,30.0,42.54154622554779,33.18855285644531
15.000000447034836,30.0,8.297262713313103,23.15132439136505
-70.0000011920929,10.000000298023224,-47.06460356712341,14.69400554895401
-10.000000074505806,10.000000298023224,-8.66950772702694,30.77569842338562
0.0,60.0,-1.550622247159481,26.827200651168823
40.000000298023224,10.000000298023224,36.27086877822876,16.794676780700684
80.00000059604645,30.0,56.785739064216614,23.06401491165161
45.0,20.000000596046448,40.49943029880524,24.86468195915222
5.000000037252903,10.000000298023224,1.482716929167509,22.79776632785797
-20.000000149011612,10.000000298023224,-12.337489575147629,20.68197011947632
-25.000001192092896,60.0,-12.032821476459503,40.2427875995636
-64.9999988079071,10.000000298023224,-44.30009365081787,7.906070351600647
-64.9999988079071,30.0,-62.218961119651794,30.909740924835205
-25.000001192092896,20.000000596046448,-12.857882380485535,27.207212448120117
64.9999988079071,30.0,66.19247138500214,29.832109808921814
-50.00000238418579,20.000000596046448,-42.37939864397049,18.176629543304443
-20.000000149011612,10.000000298023224,-0.23096019867807627,10.48372507095337
74.99999821186066,20.000000596046448,60.42008936405182,11.729233860969543
84.99999761581421,10.000000298023224,82.74740874767303,9.95060384273529
90.0,10.000000298023224,69.91672933101654,11.338064074516296
54.99999940395355,10.000000298023224,47.11438536643982,12.125575840473175
-60.00000178813934,20.000000596046448,-59.069876074790955,16.76311433315277
10.000000074505806,10.000000298023224,3.405669517815113,18.81881296634674
-5.000000037252903,40.000001192092896,-1.913505345582962,32.05907106399536
-50.00000238418579,49.999998807907104,-46.76111161708832,40.13821363449097
-60.00000178813934,30.0,-51.17353320121765,22.98679769039154
-80.00000059604645,0.0,-83.58639299869537,3.2938554883003235
60.00000178813934,30.0,53.07914614677429,26.00915551185608
-20.000000149011612,40.000001192092896,-17.630979269742966,33.6775267124176
54.99999940395355,60.0,33.5318586230278,40.515124797821045
54.99999940395355,60.0,51.329970359802246,57.92663812637329
50.00000238418579,20.000000596046448,51.13689959049225,27.37818717956543
-60.00000178813934,49.999998807907104,-61.54164969921112,44.933377504348755
-70.0000011920929,40.000001192092896,-57.59965002536774,28.93562078475952
20.000000149011612,10.000000298023224,15.595179945230484,5.723199248313904
74.99999821186066,30.0,74.35121476650238,26.843926906585693
0.0,0.0,2.2197158820927143,27.985610961914062
-20.000000149011612,49.999998807907104,-15.7750703394413,45.313496589660645
-80.00000059604645,60.0,-87.00126349925995,55.24820566177368
-35.00000059604645,0.0,-34.177597761154175,15.653400421142578
60.00000178813934,0.0,49.566439390182495,3.947947919368744
70.0000011920929,0.0,77.42259085178375,-4.267669916152954
90.0,40.000001192092896,62.41491258144379,30.71138620376587
-15.000000447034836,20.000000596046448,-13.071468025445938,12.470549941062927
-80.00000059604645,40.000001192092896,-66.38214111328125,38.30887198448181
80.00000059604645,60.0,83.55187833309174,55.1941180229187
35.00000059604645,10.000000298023224,28.59200745820999,5.355591773986816
-25.000001192092896,0.0,-24.74656194448471,10.475538969039917
45.0,40.000001192092896,29.61330145597458,29.359581470489502
70.0000011920929,20.000000596046448,66.40532076358795,25.35874843597412
35.00000059604645,49.999998807907104,30.32587319612503,44.161999225616455
10.000000074505806,10.000000298023224,7.425481751561165,21.18286371231079
-15.000000447034836,0.0,-12.602916955947876,15.310712456703186
80.00000059604645,40.000001192092896,77.6888108253479,36.383761167526245
20.000000149011612,49.999998807907104,2.102167569100857,31.237735748291016
-64.9999988079071,60.0,-48.08447599411011,49.24224615097046
-60.00000178813934,30.0,-51.38358235359192,27.810253500938416
54.99999940395355,0.0,42.840296030044556,6.92783385515213
35.00000059604645,30.0,39.87792491912842,30.13099193572998
-25.000001192092896,49.999998807907104,-27.725541293621063,39.46301221847534
-90.0,49.999998807907104,-80.06186306476593,49.908989667892456
-25.000001192092896,20.000000596046448,-23.10220956802368,17.229453921318054
0.0,60.0,0.6555948313325644,30.519626140594482
40.000000298023224,30.0,48.90368700027466,34.55643653869629
90.0,40.000001192092896,67.94714033603668,30.272616147994995
-30.00000089406967,10.000000298023224,-30.680058896541595,12.620117962360382
0.0,30.0,2.5078736431896687,29.180408120155334
80.00000059604645,20.000000596046448,61.53824865818024,13.822241127490997
-54.99999940395355,60.0,-39.02464181184769,48.10613036155701
45.0,30.0,32.38761752843857,24.820375442504883
15.000000447034836,30.0,9.284804463386536,20.154000520706177
15.000000447034836,49.999998807907104,12.927564829587936,32.553913593292236
-20.000000149011612,49.999998807907104,-21.930736005306244,40.79988241195679
-74.99999821186066,40.000001192092896,-74.78469729423523,39.02885913848877
-84.99999761581421,10.000000298023224,-79.08696591854095,8.373450636863708
-60.00000178813934,10.000000298023224,-53.10161769390106,4.288894236087799
-40.000000298023224,10.000000298023224,-33.60685586929321,14.573745131492615
54.99999940395355,40.000001192092896,55.28636276721954,35.263956785202026
15.000000447034836,60.0,7.9990339279174805,32.8252387046814
35.00000059604645,30.0,34.74070608615875,21.528618335723877
80.00000059604645,0.0,69.14545476436615,-3.8342195749282837
-74.99999821186066,10.000000298023224,-79.59829151630402,14.643643498420715
45.0,0.0,43.70040535926819,5.660414099693298
45.0,49.999998807907104,41.976141929626465,40.176730155944824
50.00000238418579,20.000000596046448,51.1900931596756,23.991494178771973
50.00000238418579,60.0,40.68329036235809,46.350728273391724
10.000000074505806,49.999998807907104,14.991519302129745,40.18857479095459
35.00000059604645,20.000000596046448,34.10001754760742,23.665562868118286
35.00000059604645,49.999998807907104,47.92510449886322,54.074238538742065
70.0000011920929,30.0,61.36166274547577,29.243613481521606
80.00000059604645,0.0,82.32323348522186,2.451680302619934
90.0,49.999998807907104,81.02499604225159,45.75161933898926
54.99999940395355,60.0,44.74998861551285,42.34396576881409
45.0,30.0,45.9184205532074,32.040313482284546
20.000000149011612,30.0,17.690543085336685,23.195289373397827
-10.000000074505806,60.0,-7.278046756982803,36.66516065597534
-15.000000447034836,60.0,-15.29826208949089,44.59336996078491
-80.00000059604645,49.999998807907104,-54.61461961269379,32.43595361709595
-64.9999988079071,49.999998807907104,-57.78015196323395,43.689773082733154
15.000000447034836,20.000000596046448,19.239195585250854,20.793088674545288
35.00000059604645,20.000000596046448,33.81579726934433,23.20726990699768
84.99999761581421,49.999998807907104,68.75895380973816,42.28910207748413
5.000000037252903,0.0,4.0572065860033035,26.170856952667236
-74.99999821186066,40.000001192092896,-66.59177720546722,36.708312034606934
-70.0000011920929,10.000000298023224,-66.08041942119598,8.372774720191956
-45.0,49.999998807907104,-51.88140571117401,48.52673649787903
-40.000000298023224,60.0,-34.46282923221588,51.1294162273407
0.0,40.000001192092896,2.675822675228119,28.9544677734375
40.000000298023224,20.000000596046448,37.32483208179474,9.38475251197815
-25.000001192092896,20.000000596046448,-27.032155394554138,20.719345808029175
-20.000000149011612,49.999998807907104,-33.56703579425812,50.60957908630371
25.000001192092896,60.0,22.586758732795715,42.79321074485779
60.00000178813934,10.000000298023224,48.811638951301575,9.620442688465118
25.000001192092896,40.000001192092896,27.50948131084442,35.56050181388855
5.000000037252903,40.000001192092896,0.36607174202799797,22.84660041332245
-15.000000447034836,60.0,-5.751398429274559,36.83004140853882
-25.000001192092896,60.0,-21.925379633903503,38.4409761428833
-45.0,10.000000298023224,-37.166136503219604,12.691486179828644
-45.0,40.000001192092896,-46.421377658843994,36.76326513290405
-25.000001192092896,40.000001192092896,-24.28718000650406,34.664576053619385
64.9999988079071,40.000001192092896,47.005128264427185,25.006399154663086
90.0,20.000000596046448,62.28103816509247,22.564244270324707
20.000000149011612,40.000001192092896,10.855796411633492,17.97367572784424
10.000000074505806,20.000000596046448,5.351731181144714,20.39923846721649
5.000000037252903,0.0,4.4551920890808105,25.45997142791748
-5.000000037252903,49.999998807907104,-4.97088298201561,29.14286971092224
-45.0,49.999998807907104,-45.701773166656494,49.153972864151
-50.00000238418579,60.0,-35.64491629600525,44.14207935333252
-84.99999761581421,20.000000596046448,-87.10639536380768,20.51802635192871
-84.99999761581421,60.0,-85.2785986661911,60.19314765930176
64.9999988079071,0.0,58.651365637779236,4.409684836864471
-35.00000059604645,40.000001192092896,-20.810202956199646,26.220164895057678
25.000001192092896,0.0,24.560982584953308,13.621605634689331
54.99999940395355,0.0,54.35418784618378,6.676936447620392
-25.000001192092896,20.000000596046448,-28.97359997034073,11.865384578704834
35.00000059604645,60.0,29.976397454738617,46.74975514411926
35.00000059604645,30.0,40.801109075546265,33.146538734436035
90.0,30.0,67.87970960140228,27.239924669265747
-64.9999988079071,20.000000596046448,-53.38111996650696,19.172270894050598
45.0,20.000000596046448,44.01006102561951,26.517773866653442
-54.99999940395355,30.0,-42.02027499675751,24.47200119495392
25.000001192092896,30.0,24.88606095314026,24.89422917366028
40.000000298023224,10.000000298023224,36.764604449272156,14.187676906585693
45.0,10.000000298023224,37.5667941570282,17.865232229232788
-10.000000074505806,0.0,-6.888516917824745,10.32911628484726
40.000000298023224,20.000000596046448,37.89105445146561,12.972432374954224
-50.00000238418579,0.0,-40.15082895755768,12.239153981208801
-30.00000089406967,30.0,-25.26607632637024,23.360602855682373
50.00000238418579,20.000000596046448,53.78378391265869,23.557437658309937
40.000000298023224,10.000000298023224,41.896853148937225,15.06590723991394
-35.00000059604645,10.000000298023224,-36.845993399620056,17.14132010936737
20.000000149011612,0.0,10.11892855167389,6.824924647808075
80.00000059604645,20.000000596046448,57.23707973957062,17.482523918151855
-64.9999988079071,60.0,-47.736738324165344,56.204209327697754
-60.00000178813934,0.0,-49.920228123664856,6.943155527114868
-30.00000089406967,10.000000298023224,-32.00291097164154,13.042283356189728
-84.99999761581421,10.000000298023224,-70.82240402698517,11.586170196533203
40.000000298023224,10.000000298023224,34.31702971458435,8.429707288742065
60.00000178813934,40.000001192092896,41.30091458559036,26.623898148536682
35.00000059604645,49.999998807907104,37.41277366876602,47.10806965827942
-5.000000037252903,0.0,-7.614199295639992,34.24248933792114
20.000000149011612,30.0,18.942060470581055,23.099910020828247
-35.00000059604645,20.000000596046448,-29.10599112510681,17.243231534957886
-84.99999761581421,30.0,-85.30652582645416,27.70662546157837
-54.99999940395355,40.000001192092896,-56.353731751441956,46.44199848175049
-84.99999761581421,0.0,-70.13202488422394,6.038748621940613
-84.99999761581421,40.000001192092896,-79.53609645366669,33.591556549072266
-40.000000298023224,60.0,-29.92125928401947,48.807806968688965
-35.00000059604645,20.000000596046448,-27.43649035692215,18.805981278419495
-40.000000298023224,30.0,-41.37347638607025,24.954856038093567
-25.000001192092896,60.0,-27.109341323375702,51.80890202522278
20.000000149011612,60.0,23.497663736343384,44.81612205505371
10.000000074505806,0.0,9.340318143367767,19.939409494400024
-10.000000074505806,20.000000596046448,-9.149910807609558,16.390432119369507
-5.000000037252903,0.0,-3.2306691259145737,23.57858419418335
54.99999940395355,20.000000596046448,49.00596499443054,21.031558513641357
20.000000149011612,10.000000298023224,15.233304351568222,9.636092483997345
-20.000000149011612,49.999998807907104,-19.23402965068817,33.67273449897766
64.9999988079071,30.0,75.14812052249908,27.639922499656677
10.000000074505806,20.000000596046448,4.296313785016537,17.636200189590454
-64.9999988079071,20.000000596046448,-51.704251170158386,19.20677661895752
40.000000298023224,0.0,42.41042375564575,7.753536701202393
15.000000447034836,10.000000298023224,15.888073146343231,19.080569744110107
-40.000000298023224,49.999998807907104,-35.030188858509064,36.425381898880005
-5.000000037252903,10.000000298023224,-9.205960258841515,32.81761050224304
-25.000001192092896,0.0,-31.422649919986725,17.714737057685852
84.99999761581421,30.0,65.48603117465973,29.42725896835327
54.99999940395355,0.0,44.68445152044296,12.703092992305756
50.00000238418579,40.000001192092896,46.79048180580139,34.61472988128662
54.99999940395355,10.000000298023224,46.89330697059631,13.416736721992493
-45.0,0.0,-46.26271963119507,5.161925554275513
70.0000011920929,10.000000298023224,60.3461891412735,14.246399402618408
-54.99999940395355,10.000000298023224,-44.37940925359726,11.342681050300598
-20.000000149011612,0.0,-15.083401054143906,14.079481959342957
15.000000447034836,30.0,6.2915825843811035,24.950947165489197
-84.99999761581421,60.0,-84.68588411808014,53.47735047340393
-20.000000149011612,40.000001192092896,-20.021413564682007,35.977277755737305
15.000000447034836,0.0,11.81486114859581,10.51584005355835
35.00000059604645,60.0,34.1621857881546,48.861626386642456
70.0000011920929,20.000000596046448,70.06725490093231,25.28068721294403
-35.00000059604645,30.0,-32.977861762046814,19.82465386390686
74.99999821186066,49.999998807907104,65.6373131275177,46.85253024101257
-30.00000089406967,40.000001192092896,-21.857739686965942,28.166327476501465
64.9999988079071,10.000000298023224,61.11249625682831,8.423405885696411
-45.0,30.0,-36.644916236400604,18.21240484714508
25.000001192092896,20.000000596046448,20.73918879032135,13.650280237197876
50.00000238418579,20.000000596046448,51.036606431007385,25.884409546852112
45.0,49.999998807907104,51.19656801223755,54.8880136013031
-25.000001192092896,49.999998807907104,-24.70588892698288,38.709540367126465
5.000000037252903,49.999998807907104,6.003080829977989,34.47790861129761
-70.0000011920929,40.000001192092896,-62.70730018615723,31.381967067718506
-80.00000059604645,40.000001192092896,-71.09914362430573,35.70889592170715
-35.00000059604645,10.000000298023224,-41.289222836494446,18.054946660995483
-35.00000059604645,30.0,-43.93683671951294,32.1914005279541
-20.000000149011612,10.000000298023224,-16.362401694059372,14.56762969493866
80.00000059604645,40.000001192092896,64.8408955335617,34.90296721458435
64.9999988079071,49.999998807907104,52.68127262592316,36.00418567657471
-15.000000447034836,10.000000298023224,-10.434753969311714,8.965910375118256
-25.000001192092896,49.999998807907104,-27.305628061294556,41.113139390945435
-20.000000149011612,10.000000298023224,-18.53758603334427,10.96658706665039
50.00000238418579,49.999998807907104,46.39832139015198,38.0540406703949
45.0,30.0,44.312879741191864,27.928724884986877
64.9999988079071,10.000000298023224,66.53879821300507,3.1969615817070007
15.000000447034836,30.0,11.107953563332558,21.94338619709015
-50.00000238418579,10.000000298023224,-40.05374372005463,12.347736954689026
70.0000011920929,60.0,73.76367151737213,49.79011058807373
35.00000059604645,10.000000298023224,30.718921422958374,1.4708501100540161
-15.000000447034836,40.000001192092896,-14.374599158763885,32.75904178619385
40.000000298023224,30.0,42.37803876399994,28.45337748527527
84.99999761581421,60.0,86.71344101428986,55.07757782936096
-64.9999988079071,20.000000596046448,-56.089544892311096,22.582730054855347
64.9999988079071,20.000000596046448,69.48217928409576,18.86966586112976
-25.000001192092896,20.000000596046448,-27.92171001434326,10.954669117927551
-74.99999821186066,10.000000298023224,-84.03615653514862,14.23820436000824
60.00000178813934,20.000000596046448,52.625622153282166,16.900641918182373
64.9999988079071,0.0,59.88718271255493,2.750670611858368
64.9999988079071,30.0,73.08974504470825,26.308806538581848
20.000000149011612,10.000000298023224,18.707803040742874,5.869967043399811
-15.000000447034836,10.000000298023224,-14.01812419295311,22.750682830810547
0.0,20.000000596046448,-2.4949668534100056,25.162695050239563
90.0,0.0,90.17162919044495,-4.8774683475494385
-30.00000089406967,60.0,-24.982381761074066,51.429845094680786
-45.0,60.0,-50.138753056526184,56.355918645858765
-80.00000059604645,20.000000596046448,-97.46841788291931,20.686293840408325
50.00000238418579,10.000000298023224,49.18976068496704,10.59159904718399
50.00000238418579,40.000001192092896,47.66541302204132,32.64195442199707
64.9999988079071,10.000000298023224,58.63485395908356,11.358572244644165
84.99999761581421,10.000000298023224,70.43269515037537,7.4368250370025635
84.99999761581421,49.999998807907104,76.84683859348297,47.82647252082825
45.0,40.000001192092896,34.30749177932739,38.63252520561218
-90.0,60.0,-75.77736675739288,58.043861389160156
-20.000000149011612,0.0,-24.949951171875,18.867836594581604
-10.000000074505806,10.000000298023224,-6.160660609602928,24.585013389587402
-10.000000074505806,49.999998807907104,-4.268077500164509,35.98875403404236
25.000001192092896,30.0,28.73798668384552,21.956799030303955
25.000001192092896,60.0,21.014254689216614,40.28666853904724
35.00000059604645,10.000000298023224,25.659996271133423,8.519273400306702
40.000000298023224,30.0,37.74281144142151,21.392499804496765
70.0000011920929,20.000000596046448,56.71932756900787,31.00987672805786
90.0,20.000000596046448,76.24903857707977,18.288429379463196
80.00000059604645,20.000000596046448,62.56622672080994,19.278894066810608
70.0000011920929,49.999998807907104,57.80674874782562,34.82180714607239
10.000000074505806,20.000000596046448,5.318451002240181,20.51963210105896
5.000000037252903,0.0,0.77138252556324,24.09218430519104
-40.000000298023224,0.0,-45.3266179561615,16.119625568389893
-40.000000298023224,30.0,-32.54004210233688,21.817989349365234
-45.0,60.0,-32.708055675029755,62.99197196960449
-80.00000059604645,30.0,-70.75246274471283,21.976523995399475
-74.99999821186066,0.0,-50.466545820236206,9.390970766544342
-64.9999988079071,10.000000298023224,-54.95011568069458,12.808037996292114
-64.9999988079071,20.000000596046448,-49.96764957904816,19.324321746826172
-54.99999940395355,40.000001192092896,-57.379199266433716,30.572211742401123
40.000000298023224,40.000001192092896,35.67840903997421,33.494839668273926
64.9999988079071,20.000000596046448,63.47697615623474,21.647619009017944
80.00000059604645,60.0,63.3571994304657,53.81091356277466
70.0000011920929,49.999998807907104,58.29714238643646,40.84750413894653
30.00000089406967,10.000000298023224,11.496444046497345,9.140265583992004
-15.000000447034836,30.0,-9.230613112449646,28.0520761013031
-20.000000149011612,10.000000298023224,-21.111696660518646,8.568423986434937
-40.000000298023224,49.999998807907104,-49.81071889400482,45.95493793487549
-60.00000178813934,40.000001192092896,-55.898324847221375,35.21897792816162
-74.99999821186066,10.000000298023224,-66.9747805595398,10.52379459142685
-74.99999821186066,0.0,-65.96467673778534,8.000962436199188
20.000000149011612,40.000001192092896,8.04477296769619,37.468743324279785
50.00000238418579,10.000000298023224,52.85404443740845,8.736664652824402
54.99999940395355,60.0,44.10375326871872,56.092854738235474
64.9999988079071,30.0,60.905606746673584,30.47094225883484
84.99999761581421,60.0,93.3966314792633,62.69963979721069
74.99999821186066,49.999998807907104,55.64702868461609,40.88858485221863
50.00000238418579,20.000000596046448,59.18402016162872,21.03054642677307
20.000000149011612,60.0,12.85388320684433,23.780009150505066
-30.00000089406967,20.000000596046448,-29.138523638248444,23.032636642456055
-54.99999940395355,20.000000596046448,-46.866527795791626,19.78999972343445
-84.99999761581421,30.0,-72.71885454654694,28.67161452770233
-45.0,40.000001192092896,-39.05494272708893,31.78755283355713
-40.000000298023224,10.000000298023224,-31.437694430351257,15.628185868263245
-15.000000447034836,40.000001192092896,-9.405554831027985,34.565134048461914
-10.000000074505806,10.000000298023224,-4.5755914226174355,16.652294397354126
45.0,0.0,42.99500584602356,13.43234896659851
-25.000001192092896,49.999998807907104,-26.718599796295166,40.291221141815186
-15.000000447034836,0.0,-14.217614829540253,16.16815209388733
-10.000000074505806,20.000000596046448,-13.073943704366684,18.79396677017212
60.00000178813934,0.0,41.63215398788452,8.791889548301697
-70.0000011920929,20.000000596046448,-54.4094842672348,17.962360382080078
-70.0000011920929,60.0,-66.8891590833664,46.826194524765015
80.00000059604645,10.000000298023224,71.31141901016235,7.628206014633179
-70.0000011920929,40.000001192092896,-55.893105268478394,31.748746633529663
25.000001192092896,0.0,15.252061039209366,11.98349118232727
0.0,49.999998807907104,2.9427849501371384,35.695645809173584
-35.00000059604645,40.000001192092896,-22.386306524276733,30.936198234558105
74.99999821186066,30.0,53.39553952217102,17.7689391374588
-74.99999821186066,60.0,-82.40890860557556,54.27362322807312
35.00000059604645,20.000000596046448,26.94587141275406,13.987228274345398
-20.000000149011612,60.0,-14.414511770009995,41.238627433776855
-50.00000238418579,10.000000298023224,-41.22420072555542,13.64062249660492
-70.0000011920929,30.0,-62.37081706523895,27.36160933971405
-60.00000178813934,0.0,-50.63315391540527,1.644156575202942
64.9999988079071,49.999998807907104,51.31115198135376,36.76526427268982
-10.000000074505806,0.0,-5.657100006937981,11.945031881332397
64.9999988079071,60.0,40.740689635276794,45.48612356185913
-60.00000178813934,20.000000596046448,-57.652403712272644,23.706951141357422
-40.000000298023224,20.000000596046448,-44.77170646190643,24.620220065116882
10.000000074505806,20.000000596046448,7.966582551598549,26.162654757499695
0.0,60.0,0.4315125709399581,31.825811862945557
-15.000000447034836,40.000001192092896,-13.396448493003845,26.40794813632965
-50.00000238418579,60.0,-40.74175715446472,46.57014012336731
5.000000037252903,49.999998807907104,2.2385086119174957,33.38747262954712
-54.99999940395355,49.999998807907104,-40.27239203453064,31.483440399169922
-60.00000178813934,49.999998807907104,-41.51398926973343,30.88078022003174
5.000000037252903,49.999998807907104,9.170242622494698,37.38229036331177
15.000000447034836,10.000000298023224,12.940306663513184,20.222352147102356
50.00000238418579,49.999998807907104,43.582251369953156,42.15135455131531
-20.000000149011612,60.0,-13.433056622743607,35.34517765045166
-74.99999821186066,40.000001192092896,-66.24599754810333,33.83023023605347
40.000000298023224,10.000000298023224,26.86255931854248,6.909128129482269
84.99999761581421,20.000000596046448,65.84851026535034,20.72669506072998
-74.99999821186066,10.000000298023224,-69.520223736763,13.677403628826141
50.00000238418579,0.0,45.80828905105591,18.202214241027832
-25.000001192092896,0.0,-25.684774518013,18.83850932121277
74.99999821186066,10.000000298023224,58.50568950176239,13.419331312179565
10.000000074505806,60.0,7.0131175965070724,29.601961970329285
-80.00000059604645,60.0,-81.94034814834595,56.637868881225586
60.00000178813934,30.0,50.41881859302521,19.389220476150513
10.000000074505806,20.000000596046448,2.5343510694801807,17.69043803215027
-84.99999761581421,0.0,-91.51869893074036,3.1666383147239685
84.99999761581421,0.0,74.03490722179413,-4.77638840675354
54.99999940395355,10.000000298023224,49.82619524002075,11.244626641273499
80.00000059604645,0.0,68.63463878631592,7.123128175735474
-80.00000059604645,10.000000298023224,-78.91719281673431,6.26233845949173
84.99999761581421,10.000000298023224,77.07314729690552,8.314736187458038
60.00000178813934,0.0,54.209895730018616,6.4288330078125
20.000000149011612,0.0,16.204530894756317,25.51760494709015
-30.00000089406967,20.000000596046448,-31.346590518951416,15.989039540290833
-54.99999940395355,10.000000298023224,-48.79548668861389,8.235468864440918
-74.99999821186066,49.999998807907104,-66.70877516269684,38.6124587059021
-74.99999821186066,10.000000298023224,-72.87043690681458,14.766279458999634
45.0,30.0,44.365947246551514,28.08783710002899
80.00000059604645,10.000000298023224,59.444398283958435,12.779005765914917
74.99999821186066,30.0,62.18266010284424,25.464788675308228
70.0000011920929,30.0,59.07829284667969,21.20383858680725
20.000000149011612,60.0,20.67094400525093,36.2017035484314
-20.000000149011612,0.0,-15.118366330862045,18.728193640708923
-64.9999988079071,49.999998807907104,-50.280797481536865,33.13995122909546
-30.00000089406967,10.000000298023224,-26.27826154232025,19.911092519760132
-20.000000149011612,0.0,-20.34123346209526,17.635844349861145
5.000000037252903,49.999998807907104,11.695355325937271,35.75960397720337
30.00000089406967,30.0,32.80172109603882,29.701804518699646
80.00000059604645,10.000000298023224,59.94368076324463,11.202641129493713
90.0,40.000001192092896,70.15592873096466,31.922664642333984
35.00000059604645,40.000001192092896,39.03698801994324,37.92664289474487
-45.0,40.000001192092896,-44.80806648731232,36.258251667022705
-60.00000178813934,20.000000596046448,-55.39961636066437,13.191765546798706
-64.9999988079071,10.000000298023224,-62.75757551193237,3.2598254084587097
-80.00000059604645,10.000000298023224,-73.77876162528992,9.056763052940369
-70.0000011920929,49.999998807907104,-56.460097432136536,34.097710847854614
-54.99999940395355,0.0,-43.07009696960449,18.958457708358765
60.00000178813934,49.999998807907104,53.88770878314972,28.39743196964264
80.00000059604645,40.000001192092896,55.76708972454071,31.34308934211731
60.00000178813934,0.0,49.46491777896881,6.54406875371933
20.000000149011612,10.000000298023224,15.820040255784988,12.512886822223663
-15.000000447034836,49.999998807907104,-12.828463912010193,27.892659902572632
-80.00000059604645,20.000000596046448,-65.25084972381592,21.904406547546387
-70.0000011920929,20.000000596046448,-66.30423367023468,20.398271083831787
-50.00000238418579,40.000001192092896,-37.604060769081116,24.445998072624207
-50.00000238418579,49.999998807907104,-38.9938285946846,32.355759143829346
-20.000000149011612,30.0,-13.838172107934952,25.283364057540894
15.000000447034836,60.0,24.895459413528442,39.235113859176636
-40.000000298023224,49.999998807907104,-25.4373300075531,31.360273361206055
-40.000000298023224,60.0,-23.035497665405273,23.862862586975098
-54.99999940395355,10.000000298023224,-44.63791787624359,13.660678267478943
-64.9999988079071,49.999998807907104,-53.6916983127594,32.81942009925842
-84.99999761581421,10.000000298023224,-70.73029160499573,10.06873369216919
54.99999940395355,20.000000596046448,55.56468486785889,17.20165729522705
80.00000059604645,40.000001192092896,72.09448456764221,27.650352716445923
-64.9999988079071,20.000000596046448,-51.106536984443665,15.231910943984985
-40.000000298023224,30.0,-37.53894478082657,22.24164605140686
-54.99999940395355,30.0,-50.15953481197357,18.63150715827942
10.000000074505806,49.999998807907104,12.354772388935089,29.16533052921295
-35.00000059604645,0.0,-30.37843108177185,18.243062496185303
30.00000089406967,49.999998807907104,30.978253483772278,42.983118295669556
54.99999940395355,10.000000298023224,45.487287640571594,12.999293804168701
-54.99999940395355,40.000001192092896,-48.20047616958618,24.302022457122803
0.0,0.0,2.5905750319361687,28.279949426651
10.000000074505806,60.0,3.5304613038897514,29.080467224121094
40.000000298023224,49.999998807907104,37.44503527879715,38.178555965423584
-74.99999821186066,30.0,-60.59490501880646,26.000261306762695
-45.0,49.999998807907104,-41.67643994092941,39.17644143104553
10.000000074505806,60.0,3.18915992975235,28.865082263946533
64.9999988079071,30.0,47.78907358646393,28.156474828720093
54.99999940395355,49.999998807907104,27.746272087097168,33.36797833442688
10.000000074505806,30.0,11.255489140748978,24.212297201156616
-45.0,0.0,-39.73694533109665,2.741420567035675
-45.0,0.0,-43.119202852249146,9.194490909576416
74.99999821186066,40.000001192092896,55.87566554546356,31.035168170928955
-54.99999940395355,10.000000298023224,-51.27236187458038,11.616536378860474
-84.99999761581421,49.999998807907104,-64.57684814929962,32.9964280128479
54.99999940395355,10.000000298023224,40.11078357696533,12.192518413066864
20.000000149011612,40.000001192092896,12.668873816728592,26.817458868026733
-74.99999821186066,30.0,-64.59234595298767,26.10587239265442
60.00000178813934,20.000000596046448,47.92367219924927,16.775742173194885
-50.00000238418579,30.0,-37.7575609087944,19.244492053985596
5.000000037252903,30.0,1.3635039702057838,26.5108323097229
-45.0,10.000000298023224,-51.29186153411865,11.635335087776184
-40.000000298023224,30.0,-31.100245714187622,24.323830604553223
80.00000059604645,10.000000298023224,75.24244844913483,5.469498038291931
0.0,49.999998807907104,0.4883685288950801,30.512852668762207
84.99999761581421,30.0,47.609869837760925,26.452848315238953
-25.000001192092896,49.999998807907104,-25.89117854833603,37.83473610877991
-30.00000089406967,0.0,-29.929228127002716,17.399049997329712
-70.0000011920929,10.000000298023224,-60.43212175369263,7.100299894809723
-10.000000074505806,40.000001192092896,-5.569162108004093,15.602113008499146
70.0000011920929,49.999998807907104,45.03714859485626,38.13760042190552
-20.000000149011612,0.0,-17.450205087661743,12.720587253570557
-60.00000178813934,10.000000298023224,-52.10791826248169,1.1734262108802795
-64.9999988079071,0.0,-48.023369908332825,7.303876876831055
-45.0,10.000000298023224,-35.70452034473419,10.476125478744507
45.0,20.000000596046448,38.54107439517975,19.5798522233963
-30.00000089406967,49.999998807907104,-29.874701499938965,28.0816787481308
-80.00000059604645,49.999998807907104,-81.04881405830383,46.70735836029053
-25.000001192092896,30.0,-25.835544168949127,23.250993490219116
64.9999988079071,60.0,56.035653948783875,50.39525270462036
-84.99999761581421,10.000000298023224,-71.93610548973083,10.388393998146057
-30.00000089406967,30.0,-35.59689402580261,37.97260522842407
0.0,0.0,2.301265597343445,27.696967720985413
84.99999761581421,49.999998807907104,72.88157343864441,45.91927886009216
10.000000074505806,20.000000596046448,3.3137019351124763,19.744625687599182
-5.000000037252903,20.000000596046448,-3.4182390198111534,21.640455722808838
-40.000000298023224,30.0,-30.139145851135254,20.55050253868103
-80.00000059604645,10.000000298023224,-80.73305904865265,9.06162142753601
-70.0000011920929,10.000000298023224,-61.69921875,11.839617490768433
30.00000089406967,0.0,25.444153547286987,17.53378450870514
-45.0,10.000000298023224,-48.27441394329071,23.836276531219482
30.00000089406967,60.0,15.416841208934784,46.45489454269409
-50.00000238418579,30.0,-35.89986830949783,18.919401168823242
-84.99999761581421,49.999998807907104,-62.33186066150665,36.3142991065979
35.00000059604645,60.0,20.591664612293243,37.607914209365845
-10.000000074505806,10.000000298023224,-10.774386003613472,22.851208448410034
-64.9999988079071,30.0,-53.63758206367493,14.835137128829956
-70.0000011920929,40.000001192092896,-57.77410089969635,40.84834098815918
35.00000059604645,20.000000596046448,30.51893323659897,23.047910928726196
45.0,20.000000596046448,37.72526979446411,18.64382565021515
54.99999940395355,60.0,41.932784020900726,49.27695393562317
90.0,10.000000298023224,65.7221782207489,11.642972230911255
-40.000000298023224,10.000000298023224,-38.342880606651306,13.038663268089294
-64.9999988079071,10.000000298023224,-68.61735999584198,1.0115772485733032
-84.99999761581421,0.0,-66.50782406330109,5.657912492752075
-35.00000059604645,10.000000298023224,-38.61971139907837,19.412763118743896
-10.000000074505806,30.0,-8.700243830680847,25.09116768836975
80.00000059604645,0.0,67.5208032131195,-1.614135503768921
20.000000149011612,10.000000298023224,15.387369096279144,6.4560019969940186
54.99999940395355,10.000000298023224,41.1504265666008,13.72120052576065
60.00000178813934,40.000001192092896,40.01198709011078,25.235424041748047
-15.000000447034836,10.000000298023224,-18.54687586426735,25.307765007019043
60.00000178813934,10.000000298023224,59.68845784664154,8.004213273525238
-25.000001192092896,20.000000596046448,-20.18942043185234,14.144675731658936
-80.00000059604645,30.0,-59.34395492076874,25.343477725982666
50.00000238418579,49.999998807907104,39.42382425069809,33.272337913513184
74.99999821186066,30.0,58.9269894361496,26.13804280757904
-25.000001192092896,20.000000596046448,-30.981316566467285,21.69643521308899
-80.00000059604645,49.999998807907104,-78.12691748142242,41.255539655685425
5.000000037252903,10.000000298023224,1.7916673421859741,24.66787040233612
80.00000059604645,0.0,59.300830364227295,6.420528888702393
10.000000074505806,40.000001192092896,12.454491555690765,31.75987958908081
-80.00000059604645,60.0,-91.77688837051392,60.50186634063721
0.0,0.0,1.2939641810953617,27.534688711166382
0.0,30.0,1.8664776720106602,29.95709538459778
15.000000447034836,60.0,25.503140687942505,37.85602569580078
64.9999988079071,30.0,52.87323296070099,23.285726308822632
70.0000011920929,10.000000298023224,54.07917022705078,15.535241961479187
80.00000059604645,40.000001192092896,59.71252262592316,26.684939861297607
74.99999821186066,20.000000596046448,56.992435455322266,17.70605206489563
74.99999821186066,40.000001192092896,67.42475867271423,32.91724920272827
70.0000011920929,20.000000596046448,63.68875801563263,23.315287828445435
5.000000037252903,0.0,0.5333933886140585,23.97238790988922
-15.000000447034836,10.000000298023224,-16.740992814302444,16.14877223968506
-50.00000238418579,30.0,-51.819371581077576,23.630077242851257
-50.00000238418579,40.000001192092896,-34.77964639663696,15.805640816688538
-50.00000238418579,49.999998807907104,-42.043151557445526,34.45208787918091
-90.0,40.000001192092896,-68.52623462677002,31.52904510498047
-74.99999821186066,49.999998807907104,-54.80377972126007,41.844191551208496
-54.99999940395355,49.999998807907104,-32.20444142818451,28.074991106987
-5.000000037252903,30.0,-7.45684951543808,32.074570655822754
-64.9999988079071,10.000000298023224,-56.24080002307892,4.142419695854187
-84.99999761581421,40.000001192092896,-72.58397161960602,36.40196442604065
-35.00000059604645,0.0,-32.380083203315735,21.22630476951599
-10.000000074505806,60.0,-7.819752395153046,39.90883827209473
10.000000074505806,10.000000298023224,0.7141577638685703,20.134037733078003
10.000000074505806,30.0,2.1268283016979694,19.2471045255661
30.00000089406967,0.0,39.24362540245056,27.42557644844055
40.000000298023224,10.000000298023224,34.72903311252594,13.45569759607315
54.99999940395355,20.000000596046448,53.83773922920227,21.826617121696472
40.000000298023224,10.000000298023224,41.33545607328415,14.45165902376175
35.00000059604645,49.999998807907104,27.64512062072754,35.774080753326416
-64.9999988079071,10.000000298023224,-82.34755039215088,-2.0850813388824463
-64.9999988079071,20.000000596046448,-59.499329924583435,21.748019456863403
-84.99999761581421,10.000000298023224,-73.83221805095673,10.3215953707695
-15.000000447034836,0.0,-2.193416990339756,14.601191282272339
74.99999821186066,10.000000298023224,58.54359447956085,11.709185242652893
25.000001192092896,49.999998807907104,17.199893295764923,31.055291891098022
10.000000074505806,49.999998807907104,17.57035195827484,33.63527297973633
0.0,0.0,0.6983238039538264,28.024519085884094
-50.00000238418579,60.0,-38.36570084095001,41.726388931274414
-64.9999988079071,49.999998807907104,-44.780555069446564,24.364861249923706
-70.0000011920929,10.000000298023224,-76.80738866329193,9.408341646194458
-45.0,0.0,-42.36755669116974,17.370545268058777
20.000000149011612,60.0,14.425178915262222,32.69766569137573
-30.00000089406967,60.0,-20.620946288108826,45.11061429977417
-20.000000149011612,49.999998807907104,-20.783662497997284,31.95401430130005
-35.00000059604645,20.000000596046448,-25.070733726024628,19.656189680099487
-40.000000298023224,10.000000298023224,-41.586905121803284,13.807809054851532
54.99999940395355,49.999998807907104,38.62477004528046,41.36989116668701
90.0,20.000000596046448,78.15120756626129,20.40519118309021
54.99999940395355,0.0,40.442409217357635,11.685107946395874
25.000001192092896,10.000000298023224,16.824488639831543,18.215768337249756
5.000000037252903,20.000000596046448,4.044283032417297,29.10163164138794
35.00000059604645,10.000000298023224,33.59741985797882,19.144254326820374
60.00000178813934,49.999998807907104,52.313252091407776,40.40437459945679
25.000001192092896,0.0,13.75377506017685,11.91304475069046
-70.0000011920929,30.0,-44.42978382110596,26.190354824066162
-84.99999761581421,30.0,-68.16197454929352,27.50038504600525
-84.99999761581421,60.0,-64.61764991283417,52.3150634765625
-35.00000059604645,60.0,-28.989730775356293,46.177825927734375
90.0,0.0,74.30206596851349,0.042368173599243164
84.99999761581421,0.0,79.9019604921341,-3.8637882471084595
-15.000000447034836,20.000000596046448,-17.033322751522064,22.629827857017517
-60.00000178813934,10.000000298023224,-47.93507695198059,6.903684139251709
-64.9999988079071,60.0,-48.56680154800415,48.73451828956604
-35.00000059604645,30.0,-50.06838262081146,36.63507342338562
-54.99999940395355,30.0,-43.37729036808014,18.6912739276886
54.99999940395355,0.0,53.86763513088226,10.89217722415924
45.0,40.000001192092896,40.01773774623871,35.04846811294556
-20.000000149011612,10.000000298023224,-16.383166015148163,15.834497809410095
-84.99999761581421,49.999998807907104,-64.39352989196777,41.5762996673584
-50.00000238418579,60.0,-36.2699756026268,41.673842668533325
-84.99999761581421,10.000000298023224,-71.40058636665344,11.175495386123657
-60.00000178813934,0.0,-63.71398150920868,5.655960738658905
35.00000059604645,30.0,37.27908432483673,33.34487199783325
64.9999988079071,30.0,54.531739354133606,25.153321623802185
-74.99999821186066,30.0,-61.55334949493408,29.397679567337036
-70.0000011920929,10.000000298023224,-70.42112410068512,9.195137321949005
25.000001192092896,0.0,29.364177882671356,20.374306440353394
35.00000059604645,30.0,47.65599310398102,34.430097341537476
-80.00000059604645,20.000000596046448,-67.3156088590622,19.397751688957214
-80.00000059604645,49.999998807907104,-67.7859878540039,37.45615482330322
15.000000447034836,30.0,8.629984706640244,26.965806484222412
45.0,10.000000298023224,37.95448064804077,2.4405384063720703
-10.000000074505806,30.0,-12.59028509259224,27.459479570388794
-20.000000149011612,30.0,-12.47021734714508,29.954845905303955
-50.00000238418579,30.0,-38.8313564658165,21.967628002166748
40.000000298023224,0.0,37.69006311893463,15.782706141471863
45.0,49.999998807907104,35.07798582315445,28.869202136993408
60.00000178813934,10.000000298023224,50.69824576377869,12.4440336227417
64.9999988079071,60.0,46.05576038360596,43.756070137023926
10.000000074505806,30.0,9.418514594435692,27.07144796848297
-5.000000037252903,0.0,-4.859785549342632,30.688623189926147
-25.000001192092896,30.0,-12.112933695316315,15.804795026779175
-30.00000089406967,30.0,-36.960290372371674,29.013662338256836
10.000000074505806,49.999998807907104,14.321369379758835,41.06022834777832
15.000000447034836,10.000000298023224,17.611196637153625,19.122303128242493
30.00000089406967,10.000000298023224,30.445934236049652,23.985124826431274
50.00000238418579,60.0,44.78376567363739,52.834821939468384
64.9999988079071,30.0,51.688082814216614,30.018446445465088
50.00000238418579,0.0,46.58446133136749,18.60172212123871
-5.000000037252903,10.000000298023224,-7.012404128909111,25.01802921295166
-5.000000037252903,20.000000596046448,-5.7784659415483475,23.740042448043823
-64.9999988079071,30.0,-60.99602937698364,28.21791172027588
50.00000238418579,49.999998807907104,48.22616100311279,37.29254364967346
54.99999940395355,30.0,44.079009890556335,18.029698133468628
60.00000178813934,60.0,32.562717497348785,36.81120157241821
70.0000011920929,0.0,51.0080623626709,9.792783558368683
70.0000011920929,30.0,54.740774631500244,26.570178866386414
90.0,20.000000596046448,75.93126118183136,20.245589017868042
25.000001192092896,10.000000298023224,16.141749769449234,14.645412862300873
15.000000447034836,30.0,10.716762095689774,21.93902313709259
-10.000000074505806,10.000000298023224,-7.950404137372971,24.96257722377777
-70.0000011920929,20.000000596046448,-72.19660699367523,20.544869899749756
-50.00000238418579,10.000000298023224,-52.311052680015564,23.60301375389099
-45.0,20.000000596046448,-43.37680757045746,22.47457265853882
-45.0,40.000001192092896,-39.43521559238434,32.94201850891113
-35.00000059604645,49.999998807907104,-41.71848088502884,46.734691858291626
-30.00000089406967,40.000001192092896,-25.824112594127655,34.426560401916504
-5.000000037252903,10.000000298023224,-7.332234084606171,31.011332273483276
0.0,30.0,2.2152944281697273,28.429917097091675
40.000000298023224,60.0,26.731565594673157,42.00901508331299
45.0,30.0,31.430449783802032,17.171958088874817
64.9999988079071,20.000000596046448,60.13009965419769,21.217103004455566
70.0000011920929,20.000000596046448,59.47043716907501,18.07079315185547
70.0000011920929,40.000001192092896,53.83933246135712,26.779704093933105
45.0,10.000000298023224,47.589431405067444,25.24432897567749
5.000000037252903,0.0,3.1658659502863884,28.837970495224
-15.000000447034836,30.0,-11.997142732143402,27.696200609207153
-30.00000089406967,20.000000596046448,-23.366278409957886,16.19646906852722
5.000000037252903,40.000001192092896,5.068221352994442,30.717909336090088
-40.000000298023224,40.000001192092896,-27.761220037937164,23.621102571487427
25.000001192092896,60.0,14.232197999954224,21.83249831199646
40.000000298023224,30.0,37.65749305486679,27.19190239906311
50.00000238418579,10.000000298023224,40.24606078863144,9.726969301700592
90.0,20.000000596046448,75.53151547908783,20.90303599834442
20.000000149011612,40.000001192092896,13.309900313615799,28.765881657600403
-70.0000011920929,10.000000298023224,-58.13288390636444,5.203641951084137
-70.0000011920929,30.0,-62.44737267494202,24.019932746887207
-20.000000149011612,20.000000596046448,-20.512901544570923,16.51759922504425
-30.00000089406967,20.000000596046448,-23.03197056055069,18.272738456726074
70.0000011920929,30.0,64.28232550621033,28.057435154914856
74.99999821186066,20.000000596046448,55.60287415981293,14.754998981952667
54.99999940395355,20.000000596046448,41.13398462533951,15.475434064865112
15.000000447034836,10.000000298023224,20.145473778247833,18.688241243362427
60.00000178813934,30.0,52.355212569236755,24.098387360572815
-84.99999761581421,20.000000596046448,-80.46293377876282,20.566349029541016
64.9999988079071,0.0,40.09995013475418,12.312290668487549
-5.000000037252903,40.000001192092896,-11.436249911785126,37.69742131233215
35.00000059604645,10.000000298023224,27.88631558418274,7.665022015571594
15.000000447034836,60.0,9.237830936908722,29.41123366355896
-15.000000447034836,0.0,-12.831407636404037,19.78294014930725
20.000000149011612,0.0,16.752392202615738,13.614306449890137
-5.000000037252903,49.999998807907104,-9.704905450344086,30.47948956489563
74.99999821186066,49.999998807907104,72.74697482585907,48.649091720581055
-84.99999761581421,60.0,-71.46026015281677,45.94491720199585
-60.00000178813934,10.000000298023224,-54.25752639770508,12.687173187732697
-5.000000037252903,10.000000298023224,-2.8397468850016594,30.67624568939209
74.99999821186066,60.0,69.28387820720673,51.83631420135498
-74.99999821186066,0.0,-70.49305558204651,7.731726765632629
-30.00000089406967,40.000001192092896,-32.908650040626526,36.94156765937805
-30.00000089406967,60.0,-26.568988859653473,44.29056644439697
40.000000298023224,20.000000596046448,40.49581468105316,24.058223962783813
-40.000000298023224,30.0,-42.910999059677124,26.252882480621338
-35.00000059604645,30.0,-38.42238128185272,32.92396545410156
-74.99999821186066,20.000000596046448,-67.81504690647125,20.722015500068665
-20.000000149011612,49.999998807907104,-19.715419113636017,29.039538502693176
-15.000000447034836,40.000001192092896,-16.304417699575424,30.901122093200684
10.000000074505806,0.0,5.338044203817844,18.155686855316162
25.000001192092896,0.0,17.913724333047867,12.046889662742615
-20.000000149011612,20.000000596046448,-19.924780279397964,26.668349504470825
-20.000000149011612,0.0,-20.244203209877014,19.99169111251831
-40.000000298023224,49.999998807907104,-42.63420045375824,45.61293125152588
-60.00000178813934,0.0,-47.324740290641785,8.944873809814453
35.00000059604645,20.000000596046448,24.64617758989334,27.096766233444214
25.000001192092896,20.000000596046448,19.06173124909401,17.53336250782013
64.9999988079071,49.999998807907104,56.18529438972473,37.389113903045654
45.0,10.000000298023224,61.546509861946106,32.6991069316864
-25.000001192092896,20.000000596046448,-26.611799597740173,15.294494032859802
-84.99999761581421,0.0,-68.04928421974182,2.213132679462433
-15.000000447034836,40.000001192092896,-9.544174075126648,28.36014747619629
-45.0,10.000000298023224,-47.106242179870605,17.715631127357483
74.99999821186066,40.000001192092896,71.69950783252716,31.053264141082764
-60.00000178813934,20.000000596046448,-48.18625509738922,15.24850308895111
-80.00000059604645,20.000000596046448,-78.17610383033752,19.035276174545288
35.00000059604645,0.0,27.178813219070435,10.900813937187195
-90.0,0.0,-73.5270631313324,6.776896119117737
-35.00000059604645,20.000000596046448,-31.57096803188324,12.245950698852539
45.0,30.0,35.71884334087372,26.682985424995422
80.00000059604645,30.0,65.00643610954285,17.401379942893982
84.99999761581421,10.000000298023224,75.21547079086304,9.25365686416626
-35.00000059604645,20.000000596046448,-34.657739996910095,15.0334632396698
84.99999761581421,49.999998807907104,68.26665043830872,41.863389015197754
-70.0000011920929,40.000001192092896,-66.68550968170166,37.82355308532715
-84.99999761581421,0.0,-88.09535801410675,1.0790258646011353
-64.9999988079071,49.999998807907104,-38.89571875333786,31.97676658630371
-74.99999821186066,0.0,-77.93493032455444,7.7391234040260315
40.000000298023224,30.0,39.64407920837402,36.89649939537048
64.9999988079071,40.000001192092896,51.09812557697296,25.929107666015625
-10.000000074505806,10.000000298023224,-8.898867443203926,23.46441149711609
-70.0000011920929,40.000001192092896,-59.21131432056427,31.989537477493286
-35.00000059604645,60.0,-29.94214028120041,42.32382774353027
-60.00000178813934,40.000001192092896,-43.961636424064636,29.840510487556458
64.9999988079071,49.999998807907104,61.7294043302536,41.06334686279297
-84.99999761581421,49.999998807907104,-75.03896534442902,45.6203556060791
-40.000000298023224,30.0,-31.22441053390503,30.66589593887329
-64.9999988079071,20.000000596046448,-52.50823795795441,21.357033848762512
-70.0000011920929,10.000000298023224,-66.26993358135223,7.936597466468811
74.99999821186066,30.0,60.178502798080444,23.321646451950073
20.000000149011612,30.0,15.129351317882538,25.948383808135986
-10.000000074505806,0.0,-3.531011827290058,12.648060321807861
-50.00000238418579,20.000000596046448,-46.24326288700104,28.320853114128113
15.000000447034836,0.0,17.356023341417313,19.020713567733765
70.0000011920929,49.999998807907104,53.497318625450134,44.185813665390015
80.00000059604645,49.999998807907104,66.93439185619354,45.638076066970825
-64.9999988079071,40.000001192092896,-63.35895359516144,38.21597099304199
64.9999988079071,40.000001192092896,68.46886217594147,34.38497543334961
-10.000000074505806,40.000001192092896,-12.55127638578415,25.641106367111206
-54.99999940395355,20.000000596046448,-56.2617427110672,21.71245515346527
40.000000298023224,40.000001192092896,30.108587443828583,28.10518741607666
-15.000000447034836,30.0,-13.85020449757576,28.98613929748535
74.99999821186066,20.000000596046448,60.60438394546509,17.440098524093628
60.00000178813934,0.0,45.887022614479065,9.346203804016113
20.000000149011612,40.000001192092896,17.16555967926979,33.289328813552856
-60.00000178813934,40.000001192092896,-69.92153584957123,39.27443504333496
0.0,20.000000596046448,-0.893857553601265,27.197710275650024
20.000000149011612,60.0,10.661196783185005,30.526714324951172
54.99999940395355,20.000000596046448,46.51094734668732,22.073242664337158
5.000000037252903,49.999998807907104,3.5882481560111046,34.14870500564575
54.99999940395355,60.0,42.80990928411484,47.81620502471924
-64.9999988079071,40.000001192092896,-46.662545800209045,31.242613792419434
20.000000149011612,49.999998807907104,14.084999710321426,31.751725673675537
84.99999761581421,10.000000298023224,78.12981426715851,7.227396368980408
80.00000059604645,60.0,72.2741174697876,50.062748193740845
40.000000298023224,0.0,36.32806956768036,11.63201630115509
25.000001192092896,40.000001192092896,23.330720365047455,26.579498648643494
-20.000000149011612,40.000001192092896,-20.487247556447983,38.47828388214111
-20.000000149011612,60.0,-13.297265768051147,30.787843465805054
-50.00000238418579,60.0,-40.87206959724426,47.035624980926514
-80.00000059604645,0.0,-65.48783361911774,0.9461554884910583
-90.0,60.0,-64.25427496433258,42.72193908691406
-64.9999988079071,30.0,-61.13037586212158,33.378517627716064
-20.000000149011612,60.0,-15.944025367498398,30.875229835510254
35.00000059604645,20.000000596046448,30.484925508499146,20.766327381134033
45.0,10.000000298023224,41.249552965164185,9.117464125156403
50.00000238418579,49.999998807907104,39.704959988594055,32.793989181518555
60.00000178813934,40.000001192092896,48.25590670108795,30.378684997558594
90.0,49.999998807907104,60.375221371650696,38.180222511291504
84.99999761581421,0.0,77.05063283443451,0.8432963490486145
74.99999821186066,20.000000596046448,51.012117862701416,17.956974506378174
60.00000178813934,49.999998807907104,45.95774173736572,32.266273498535156
40.000000298023224,20.000000596046448,42.00068414211273,23.519293069839478
20.000000149011612,40.000001192092896,14.825927764177322,31.915268898010254
5.000000037252903,20.000000596046448,0.455737947486341,21.45773470401764
0.0,40.000001192092896,1.4238278567790985,28.312625885009766
-20.000000149011612,10.000000298023224,-10.103054568171501,10.405705869197845
-54.99999940395355,30.0,-45.14634132385254,26.40965759754181
-80.00000059604645,40.000001192092896,-55.77681541442871,30.24521827697754
45.0,60.0,43.57135891914368,56.83647036552429
74.99999821186066,30.0,71.74223005771637,22.724738717079163
70.0000011920929,49.999998807907104,65.43229043483734,42.259851694107056
40.000000298023224,20.000000596046448,48.77553105354309,28.307104110717773
20.000000149011612,60.0,13.269500881433487,37.05679535865784
5.000000037252903,20.000000596046448,2.110415194183588,30.517451763153076
5.000000037252903,49.999998807907104,2.7638477459549904,34.32661771774292
-5.000000037252903,10.000000298023224,-3.5512973740696907,24.850654006004333
-15.000000447034836,10.000000298023224,-12.37227514386177,19.95592474937439
-60.00000178813934,40.000001192092896,-61.31843626499176,28.314955830574036
-60.00000178813934,40.000001192092896,-69.88380789756775,39.799429178237915
-54.99999940395355,40.000001192092896,-45.50104737281799,31.31011962890625
40.000000298023224,30.0,41.93561643362045,26.752610206604004
80.00000059604645,49.999998807907104,74.99486982822418,45.7868492603302
90.0,40.000001192092896,77.47008204460144,37.18650698661804
45.0,0.0,46.87387704849243,24.9541836977005
45.0,20.000000596046448,38.8961586356163,27.24614381790161
40.000000298023224,60.0,24.30202066898346,25.51051139831543
35.00000059604645,0.0,31.190357208251953,23.449687957763672
30.00000089406967,30.0,37.801095843315125,33.008573055267334
15.000000447034836,30.0,1.7166479676961899,17.38402247428894
-40.000000298023224,49.999998807907104,-28.280745148658752,37.356083393096924
-54.99999940395355,60.0,-38.39514881372452,40.19978642463684
-70.0000011920929,60.0,-54.73038911819458,33.47522020339966
-84.99999761581421,40.000001192092896,-68.2658725976944,37.65129804611206
-54.99999940395355,60.0,-59.79714095592499,44.617767333984375
30.00000089406967,30.0,35.88377773761749,39.1590678691864
25.000001192092896,20.000000596046448,18.069690763950348,14.898993372917175
90.0,10.000000298023224,70.01488745212555,7.452383637428284
-35.00000059604645,60.0,-26.79362654685974,49.56146478652954
-70.0000011920929,49.999998807907104,-60.85270822048187,42.86712884902954
70.0000011920929,20.000000596046448,63.93589675426483,18.014797568321228
64.9999988079071,49.999998807907104,50.0019496679306,36.565396785736084
-30.00000089406967,0.0,-28.503094911575317,9.863972961902618
84.99999761581421,10.000000298023224,78.21214735507965,6.237670183181763
15.000000447034836,40.000001192092896,10.94520315527916,25.869040489196777
-45.0,0.0,-42.24536597728729,9.598474502563477
-25.000001192092896,60.0,-10.031072124838829,45.39302587509155
-45.0,60.0,-39.294249415397644,43.764331340789795
60.00000178813934,60.0,44.109233021736145,48.066526651382446
35.00000059604645,10.000000298023224,31.11069291830063,22.447181940078735
-64.9999988079071,20.000000596046448,-40.0760892033577,14.79788213968277
-35.00000059604645,10.000000298023224,-34.22134190797806,18.1096351146698
-5.000000037252903,30.0,-4.739766754209995,40.367149114608765
-54.99999940395355,40.000001192092896,-53.990410566329956,36.27301096916199
-30.00000089406967,40.000001192092896,-18.892495930194855,26.424960494041443
-80.00000059604645,10.000000298023224,-79.63642179965973,5.61468780040741
84.99999761581421,10.000000298023224,69.152272939682,11.688026189804077
70.0000011920929,30.0,55.46447217464447,21.094592213630676
-80.00000059604645,49.999998807907104,-75.53002953529358,43.465139865875244
50.00000238418579,30.0,47.63294756412506,25.263715982437134
45.0,60.0,43.296338617801666,45.29096961021423
25.000001192092896,40.000001192092896,30.596757531166077,46.44362926483154
54.99999940395355,49.999998807907104,44.078132808208466,40.48724412918091
15.000000447034836,20.000000596046448,11.480668634176254,21.05136752128601
0.0,49.999998807907104,3.1288692355155945,36.32318615913391
-50.00000238418579,40.000001192092896,-45.905781984329224,37.7992308139801
-80.00000059604645,10.000000298023224,-79.74903166294098,4.239855408668518
-80.00000059604645,60.0,-72.21220672130585,53.18972110748291
-84.99999761581421,49.999998807907104,-79.31767880916595,47.199121713638306
45.0,20.000000596046448,44.29009169340134,22.187461853027344
-60.00000178813934,60.0,-43.21477800607681,46.43579363822937
0.0,10.000000298023224,2.4308380857110023,28.561102151870728
-54.99999940395355,49.999998807907104,-40.112231969833374,32.40524768829346
-35.00000059604645,60.0,-24.682475924491882,37.11540699005127
-84.99999761581421,60.0,-78.15626084804535,50.49195170402527
-20.000000149011612,30.0,-17.957869470119476,24.081183671951294
-15.000000447034836,0.0,-11.549657732248306,13.953654170036316
0.0,10.000000298023224,-0.08505054283887148,30.587350130081177
-10.000000074505806,20.000000596046448,-9.96754065155983,29.13683295249939
-84.99999761581421,30.0,-65.05331575870514,25.357993841171265
-45.0,49.999998807907104,-43.33305537700653,42.11403250694275
-84.99999761581421,60.0,-81.86718285083771,52.791945934295654
30.00000089406967,49.999998807907104,28.723411560058594,49.27810549736023
74.99999821186066,60.0,68.03907573223114,49.28865909576416
0.0,30.0,0.6186457676813006,29.28878903388977
-50.00000238418579,40.000001192092896,-48.53193283081055,37.770209312438965
-74.99999821186066,49.999998807907104,-72.19492256641388,44.88380312919617
-80.00000059604645,10.000000298023224,-74.65138614177704,8.026731312274933
25.000001192092896,0.0,31.380657255649567,21.31916105747223
84.99999761581421,20.000000596046448,61.27577841281891,21.63287043571472
0.0,60.0,1.6684630885720253,28.271512985229492
-40.000000298023224,49.999998807907104,-28.608006834983826,30.084807872772217
-90.0,40.000001192092896,-71.36932253837585,28.21676194667816
40.000000298023224,30.0,39.52062249183655,32.25020170211792
64.9999988079071,30.0,61.913071274757385,24.8104190826416
15.000000447034836,10.000000298023224,15.951893627643585,20.184863805770874
-54.99999940395355,40.000001192092896,-46.50140404701233,38.08982849121094
-64.9999988079071,40.000001192092896,-55.234392285346985,33.98027300834656
-70.0000011920929,10.000000298023224,-62.512051463127136,7.406136095523834
-80.00000059604645,20.000000596046448,-78.21154117584229,18.29412817955017
-70.0000011920929,0.0,-68.67534399032593,6.990568935871124
-45.0,60.0,-41.919440031051636,48.529579639434814
-40.000000298023224,30.0,-41.30714535713196,27.27534592151642
20.000000149011612,49.999998807907104,26.332267820835114,35.95529794692993
70.0000011920929,60.0,54.61951196193695,48.71886849403381
54.99999940395355,49.999998807907104,46.87487483024597,41.025052070617676
-54.99999940395355,10.000000298023224,-40.99789202213287,9.517412781715393
-80.00000059604645,60.0,-63.686644434928894,48.414226770401
-90.0,49.999998807907104,-56.3127475976944,38.682496547698975
-40.000000298023224,49.999998807907104,-44.681552052497864,41.37872099876404
-5.000000037252903,30.0,0.39535161573439837,29.66357946395874
20.000000149011612,20.000000596046448,21.621946692466736,24.702755212783813
80.00000059604645,10.000000298023224,82.19131171703339,7.764471173286438
-50.00000238418579,49.999998807907104,-40.74035167694092,33.76381874084473
-60.00000178813934,49.999998807907104,-42.64612287282944,41.87964677810669
-84.99999761581421,20.000000596046448,-86.73740923404694,18.24909210205078
-84.99999761581421,60.0,-61.875858306884766,37.58718252182007
-70.0000011920929,10.000000298023224,-64.94920313358307,8.849439918994904
-60.00000178813934,60.0,-60.403958559036255,54.117311239242554
-40.000000298023224,30.0,-27.40044414997101,20.234767198562622
45.0,10.000000298023224,43.1849330663681,26.672160029411316
-80.00000059604645,30.0,-61.186230182647705,22.456921935081482
-35.00000059604645,20.000000596046448,-30.44632852077484,22.86619484424591
-20.000000149011612,0.0,-21.57311037182808,21.821672916412354
5.000000037252903,49.999998807907104,8.798737898468971,34.62528705596924
40.000000298023224,20.000000596046448,43.922733664512634,25.404800176620483
74.99999821186066,49.999998807907104,58.475857973098755,41.21122598648071
-70.0000011920929,0.0,-66.28636479377747,1.0879862308502197
-84.99999761581421,20.000000596046448,-66.11046552658081,19.937410354614258
-90.0,20.000000596046448,-79.26447451114655,18.792729377746582
-70.0000011920929,0.0,-72.71096885204315,4.3614694476127625
-45.0,30.0,-37.88412630558014,24.0785014629364
60.00000178813934,40.000001192092896,56.82501196861267,36.36303663253784
70.0000011920929,30.0,61.86234533786774,24.868247509002686
60.00000178813934,60.0,42.112205028533936,53.502845764160156
-50.00000238418579,20.000000596046448,-43.84149760007858,21.889082193374634
70.0000011920929,60.0,55.119014382362366,49.494431018829346
54.99999940395355,0.0,51.51861548423767,7.532502114772797
-5.000000037252903,10.000000298023224,-5.51943127065897,35.822153091430664
-80.00000059604645,49.999998807907104,-63.51067006587982,43.40867042541504
-50.00000238418579,40.000001192092896,-39.62647318840027,31.07560157775879
60.00000178813934,30.0,55.663357973098755,23.47118318080902
10.000000074505806,20.000000596046448,16.5213842689991,36.31120204925537
35.00000059604645,60.0,29.887425899505615,38.26772332191467
-70.0000011920929,40.000001192092896,-55.33755540847778,26.016916036605835
35.00000059604645,10.000000298023224,27.381792068481445,18.990182876586914
60.00000178813934,40.000001192092896,48.26995074748993,34.90609645843506
-80.00000059604645,20.000000596046448,-82.24926888942719,17.12754786014557
-40.000000298023224,49.999998807907104,-43.435338735580444,44.15966749191284
-80.00000059604645,60.0,-60.582502484321594,42.52777576446533
-45.0,20.000000596046448,-48.65441858768463,27.64603614807129
-10.000000074505806,10.000000298023224,-3.475763686001301,24.69672203063965
-10.000000074505806,10.000000298023224,-3.389972895383835,15.607486367225647
-60.00000178813934,60.0,-46.82278633117676,43.453084230422974
25.000001192092896,49.999998807907104,34.69514608383179,48.98641347885132
-80.00000059604645,20.000000596046448,-69.86030101776123,15.359169244766235
-30.00000089406967,0.0,-33.309546411037445,10.660741925239563
-84.99999761581421,20.000000596046448,-84.04957830905914,17.376530170440674
-25.000001192092896,0.0,-25.59088110923767,19.89098310470581
25.000001192092896,0.0,26.199450194835663,20.931474566459656
-30.00000089406967,60.0,-20.715208500623703,47.20653176307678
-50.00000238418579,10.000000298023224,-49.12993669509888,14.78192925453186
0.0,20.000000596046448,-0.7465769536793232,28.818304538726807
-74.99999821186066,30.0,-65.86086988449097,27.367728352546692
-35.00000059604645,40.000001192092896,-26.792762875556946,32.06226825714111
-50.00000238418579,30.0,-49.20906722545624,24.85732913017273
-35.00000059604645,49.999998807907104,-33.54525625705719,36.57123327255249
15.000000447034836,0.0,14.849001467227936,19.423563480377197
-64.9999988079071,60.0,-54.409666657447815,46.02039813995361
90.0,0.0,67.41720020771027,-1.2199652194976807
30.00000089406967,20.000000596046448,37.972470223903656,26.328907012939453
-25.000001192092896,49.999998807907104,-34.84693229198456,50.50909996032715
74.99999821186066,10.000000298023224,51.78382158279419,9.985848069190979
60.00000178813934,60.0,43.3447203040123,43.33389759063721
-15.000000447034836,20.000000596046448,-15.234764814376831,20.636454820632935
64.9999988079071,40.000001192092896,52.52010405063629,26.005536317825317
-10.000000074505806,40.000001192092896,-16.097660958766937,38.2354474067688
40.000000298023224,60.0,28.237920999526978,37.04354166984558
54.99999940395355,0.0,59.64172840118408,13.348244726657867
30.00000089406967,40.000001192092896,42.959817945957184,47.53226280212402
-20.000000149011612,20.000000596046448,-20.198168456554413,20.113629698753357
45.0,60.0,42.55836099386215,44.039433002471924
-50.00000238418579,30.0,-38.37427318096161,26.951758861541748
-20.000000149011612,20.000000596046448,-23.37170720100403,26.11783504486084
-10.000000074505806,40.000001192092896,-11.309205740690231,40.602922439575195
70.0000011920929,60.0,55.10791540145874,51.83334231376648
90.0,20.000000596046448,62.75940477848053,17.93346405029297
30.00000089406967,60.0,20.900393575429916,34.60416913032532
90.0,30.0,68.91988635063171,24.95350956916809
84.99999761581421,49.999998807907104,79.84595596790314,49.265602827072144
90.0,49.999998807907104,74.35841917991638,45.867390632629395
50.00000238418579,0.0,38.94734859466553,14.638372957706451
-10.000000074505806,20.000000596046448,-9.586564376950264,15.884735584259033
-60.00000178813934,30.0,-58.76165270805359,33.28705430030823
40.000000298023224,49.999998807907104,43.66511553525925,46.16438627243042
40.000000298023224,60.0,31.08316272497177,49.89510655403137
-40.000000298023224,60.0,-31.570318937301636,43.33935499191284
-40.000000298023224,40.000001192092896,-43.662132918834686,40.93122124671936
64.9999988079071,20.000000596046448,60.08097231388092,16.81479513645172
-5.000000037252903,40.000001192092896,-3.98819200694561,42.33400583267212
10.000000074505806,40.000001192092896,10.732597187161446,22.134472131729126
-40.000000298023224,49.999998807907104,-35.36741495132446,37.737979888916016
-74.99999821186066,20.000000596046448,-66.12728834152222,14.941127300262451
-70.0000011920929,40.000001192092896,-57.4336963891983,31.57804012298584
-64.9999988079071,40.000001192092896,-54.76478576660156,35.340471267700195
64.9999988079071,49.999998807907104,60.42053997516632,41.52693271636963
70.0000011920929,40.000001192092896,60.16895949840546,30.635730028152466
40.000000298023224,10.000000298023224,41.6847038269043,26.96718156337738
-40.000000298023224,60.0,-20.91082602739334,37.25263595581055
64.9999988079071,60.0,37.223294377326965,42.27801561355591
70.0000011920929,20.000000596046448,61.08480513095856,24.28406596183777
-84.99999761581421,30.0,-63.20001661777496,24.750972390174866
80.00000059604645,0.0,61.05210363864899,5.871061384677887
80.00000059604645,10.000000298023224,77.57660329341888,4.783937931060791
74.99999821186066,49.999998807907104,68.63066375255585,44.10348057746887
54.99999940395355,49.999998807907104,42.791592478752136,35.36998271942139
-80.00000059604645,10.000000298023224,-74.50044214725494,8.478009402751923
-74.99999821186066,20.000000596046448,-64.115851521492,17.48610019683838
10.000000074505806,40.000001192092896,10.739730522036552,25.231565237045288
-30.00000089406967,30.0,-28.623236417770386,26.608264446258545
-15.000000447034836,0.0,-15.06694570183754,17.524938583374023
20.000000149011612,20.000000596046448,22.74228662252426,19.515218138694763
20.000000149011612,40.000001192092896,11.69706255197525,28.896732330322266
-50.00000238418579,0.0,-39.4182425737381,17.740421891212463
54.99999940395355,49.999998807907104,45.27064025402069,34.9129843711853
54.99999940395355,60.0,50.38936793804169,60.96982955932617
54.99999940395355,10.000000298023224,41.990872621536255,15.256553292274475
-60.00000178813934,60.0,-51.636621952056885,44.225006103515625
5.000000037252903,20.000000596046448,3.0271561816334724,25.48404335975647
15.000000447034836,20.000000596046448,22.510176301002502,25.48914670944214
30.00000089406967,40.000001192092896,27.42808699607849,29.77522909641266
54.99999940395355,0.0,59.42104160785675,19.003039598464966
70.0000011920929,10.000000298023224,63.71055364608765,9.38822865486145
-15.000000447034836,49.999998807907104,-4.053366668522358,34.32176470756531
-15.000000447034836,60.0,-12.711699306964874,32.605401277542114
-25.000001192092896,60.0,-21.65757045149803,35.347352027893066
-50.00000238418579,40.000001192092896,-35.125552117824554,24.271423816680908
-60.00000178813934,30.0,-55.50660967826843,23.71597945690155
-74.99999821186066,0.0,-64.91312205791473,3.6582237482070923
-90.0,30.0,-65.9712266921997,21.905940771102905
-60.00000178813934,60.0,-57.22301423549652,50.53827166557312
-45.0,60.0,-43.02822768688202,49.43480372428894
-15.000000447034836,30.0,-10.546974912285805,28.311359882354736
20.000000149011612,10.000000298023224,21.572508215904236,20.731569528579712
30.00000089406967,20.000000596046448,31.85434341430664,30.064380168914795
35.00000059604645,60.0,24.797564148902893,32.1833610534668
54.99999940395355,49.999998807907104,47.85763084888458,39.84391808509827
84.99999761581421,49.999998807907104,66.28621459007263,33.30238580703735
84.99999761581421,40.000001192092896,76.1422061920166,32.73430109024048
-5.000000037252903,10.000000298023224,-7.140975818037987,24.805902242660522
-30.00000089406967,10.000000298023224,-14.805493354797363,12.628324627876282
-45.0,20.000000596046448,-44.84563887119293,24.0665066242218
-54.99999940395355,49.999998807907104,-50.10139524936676,39.76418137550354
-74.99999821186066,0.0,-69.26322519779205,9.025223851203918
-15.000000447034836,40.000001192092896,-14.105026423931122,37.176947593688965
-10.000000074505806,49.999998807907104,-5.591436512768269,39.5455527305603
84.99999761581421,20.000000596046448,66.09626054763794,22.963836193084717
84.99999761581421,49.999998807907104,74.49972331523895,43.73721957206726
60.00000178813934,0.0,44.89920258522034,6.759379506111145
30.00000089406967,49.999998807907104,19.062674045562744,36.0806679725647
15.000000447034836,30.0,8.72518502175808,24.00511622428894
-35.00000059604645,0.0,-42.70615339279175,12.902244329452515
-35.00000059604645,49.999998807907104,-34.269200563430786,43.83733034133911
-54.99999940395355,30.0,-42.03820288181305,24.844393730163574
-25.000001192092896,49.999998807907104,-20.928883999586105,30.61710476875305
70.0000011920929,10.000000298023224,77.79979526996613,14.274251461029053
74.99999821186066,20.000000596046448,60.288859605789185,20.701568126678467
10.000000074505806,0.0,10.141905024647713,26.437593698501587
10.000000074505806,60.0,3.7688275426626205,28.215989470481873
5.000000037252903,49.999998807907104,2.2202335484325886,33.24065566062927
-25.000001192092896,10.000000298023224,-24.85718160867691,14.284417927265167
-64.9999988079071,0.0,-55.93981862068176,2.9649415612220764
-64.9999988079071,40.000001192092896,-44.00656342506409,26.45505666732788
-70.0000011920929,20.000000596046448,-60.458906292915344,18.192127346992493
-80.00000059604645,10.000000298023224,-80.72996377944946,3.4868422150611877
-50.00000238418579,0.0,-40.20499348640442,10.913037657737732
-40.000000298023224,10.000000298023224,-40.72806179523468,22.28667140007019
-25.000001192092896,0.0,-25.174537897109985,24.60531771183014
74.99999821186066,10.000000298023224,70.98756909370422,4.059207737445831
64.9999988079071,10.000000298023224,58.660141825675964,6.0120972990989685
54.99999940395355,0.0,47.03489005565643,13.374134302139282
-84.99999761581421,49.999998807907104,-82.54744470119476,44.81723070144653
15.000000447034836,60.0,20.370507091283798,42.242642641067505
84.99999761581421,60.0,74.82633054256439,54.59644675254822
-35.00000059604645,40.000001192092896,-27.042838633060455,33.260793685913086
-70.0000011920929,30.0,-69.04768288135529,25.92354655265808
-35.00000059604645,30.0,-33.3223432302475,16.976659297943115
80.00000059604645,0.0,74.90762293338776,-3.1556063890457153
15.000000447034836,30.0,17.913881242275238,28.952869176864624
74.99999821186066,40.000001192092896,76.81834280490875,37.52659320831299
-45.0,60.0,-47.70961046218872,53.87545824050903
20.000000149011612,10.000000298023224,17.594550848007202,6.50306761264801
-90.0,40.000001192092896,-77.2409462928772,38.731738328933716
20.000000149011612,10.000000298023224,17.899468392133713,11.286537051200867
40.000000298023224,40.000001192092896,45.530245900154114,37.26572871208191
5.000000037252903,40.000001192092896,8.238007351756096,33.01788568496704
-64.9999988079071,0.0,-53.823662996292114,1.915310025215149
54.99999940395355,49.999998807907104,43.038044571876526,37.937257289886475
-54.99999940395355,40.000001192092896,-45.00432372093201,29.82601761817932
80.00000059604645,49.999998807907104,71.75303399562836,47.48046398162842
15.000000447034836,20.000000596046448,12.257247269153595,16.806503534317017
35.00000059604645,60.0,22.481511533260345,33.705875873565674
20.000000149011612,20.000000596046448,18.45314472913742,26.58328413963318
15.000000447034836,60.0,4.647383764386177,30.730340480804443
64.9999988079071,30.0,66.13462686538696,26.196506023406982
20.000000149011612,20.000000596046448,14.979089945554733,10.421728491783142
60.00000178813934,20.000000596046448,47.07747280597687,12.807033956050873
64.9999988079071,0.0,57.59490251541138,3.223409056663513
54.99999940395355,30.0,47.459574937820435,25.92776656150818
-25.000001192092896,60.0,-23.965269327163696,49.7568941116333
-40.000000298023224,60.0,-33.194951713085175,48.21857571601868
-70.0000011920929,40.000001192092896,-68.60501110553741,37.07010626792908
-20.000000149011612,60.0,-18.806689381599426,45.60281753540039
40.000000298023224,20.000000596046448,38.10035526752472,24.65142846107483
10.000000074505806,60.0,2.6968739926815033,28.742473125457764
-25.000001192092896,20.000000596046448,-27.126182913780212,12.78602421283722
-10.000000074505806,60.0,-7.6443882286548615,39.836565256118774
54.99999940395355,10.000000298023224,47.93866574764252,15.848470330238342
-60.00000178813934,20.000000596046448,-58.64634990692139,10.930922627449036
84.99999761581421,40.000001192092896,73.15533578395844,35.32208561897278
-64.9999988079071,60.0,-63.59377562999725,55.18424391746521
80.00000059604645,60.0,66.78213894367218,55.464545488357544
-15.000000447034836,20.000000596046448,-14.383494704961777,16.87150239944458
30.00000089406967,30.0,21.17143213748932,26.18079900741577
-70.0000011920929,60.0,-63.12099874019623,44.05039429664612
25.000001192092896,20.000000596046448,27.701396048069,20.780149698257446
30.00000089406967,10.000000298023224,27.234836518764496,16.308082938194275
40.000000298023224,60.0,32.52200961112976,48.98995757102966
64.9999988079071,60.0,52.03698456287384,50.54383993148804
50.00000238418579,20.000000596046448,47.60577142238617,21.778546571731567
50.00000238418579,60.0,31.146181225776672,39.136362075805664
30.00000089406967,0.0,21.669620275497437,6.991682946681976
-35.00000059604645,20.000000596046448,-30.478901267051697,15.562505722045898
-45.0,10.000000298023224,-48.08747470378876,9.777220487594604
-90.0,49.999998807907104,-75.48172295093536,41.71141505241394
-15.000000447034836,40.000001192092896,-15.515559911727905,39.116806983947754
10.000000074505806,30.0,5.712251588702202,25.17948031425476
90.0,10.000000298023224,77.7813845872879,8.311329782009125
30.00000089406967,10.000000298023224,31.592838764190674,20.78750252723694
25.000001192092896,30.0,13.319882154464722,15.680158138275146
15.000000447034836,60.0,17.08139732480049,34.35022830963135
-35.00000059604645,20.000000596046448,-25.12085884809494,17.119329571723938
-74.99999821186066,0.0,-70.65192818641663,11.06150597333908
-54.99999940395355,20.000000596046448,-46.89919173717499,18.895479440689087
0.0,10.000000298023224,0.4262551059946418,27.541297674179077
80.00000059604645,30.0,62.958253026008606,23.402416706085205
30.00000089406967,0.0,22.68206298351288,5.934748649597168
30.00000089406967,40.000001192092896,40.026068687438965,48.61425518989563
-5.000000037252903,20.000000596046448,-8.463848009705544,36.77698731422424
-50.00000238418579,49.999998807907104,-36.87702119350433,33.426125049591064
-64.9999988079071,49.999998807907104,-56.88528656959534,42.365005016326904
-25.000001192092896,40.000001192092896,-14.726990461349487,24.08017337322235
-25.000001192092896,60.0,-14.069792926311493,39.774770736694336
50.00000238418579,49.999998807907104,36.47602558135986,29.410661458969116
80.00000059604645,20.000000596046448,67.12503254413605,13.995587825775146
50.00000238418579,60.0,26.4425066113472,35.963594913482666
-74.99999821186066,10.000000298023224,-74.46142673492432,18.22030484676361
-80.00000059604645,60.0,-86.2670624256134,57.44104027748108
50.00000238418579,49.999998807907104,38.499693274497986,33.291388750076294
60.00000178813934,49.999998807907104,51.212865114212036,30.892624855041504
70.0000011920929,10.000000298023224,68.14019501209259,8.986678719520569
90.0,30.0,69.68788862228394,33.7743866443634
45.0,30.0,44.0761399269104,26.893819570541382
-70.0000011920929,40.000001192092896,-69.43437159061432,33.41195583343506
-90.0,40.000001192092896,-76.32581412792206,32.33310341835022
-35.00000059604645,20.000000596046448,-29.210329055786133,24.51154053211212
-25.000001192092896,40.000001192092896,-25.65940350294113,33.55787515640259
-25.000001192092896,49.999998807907104,-26.81711733341217,42.54159092903137
-5.000000037252903,0.0,-11.584824174642563,34.23267602920532
15.000000447034836,30.0,16.985434591770172,19.989307522773743
80.00000059604645,60.0,78.94571542739868,54.138736724853516
-35.00000059604645,40.000001192092896,-29.744499027729034,30.586252212524414
-54.99999940395355,20.000000596046448,-56.14612340927124,24.74621593952179
-80.00000059604645,30.0,-60.63654363155365,24.923837184906006
-35.00000059604645,40.000001192092896,-36.54532313346863,41.68666362762451
-30.00000089406967,20.000000596046448,-23.072887659072876,20.47378420829773
-20.000000149011612,49.999998807907104,-25.30952274799347,50.03569006919861
-30.00000089406967,0.0,-29.182742536067963,17.807403802871704
80.00000059604645,0.0,67.40055978298187,0.6025528907775879
-84.99999761581421,0.0,-78.21216344833374,6.639953255653381
-15.000000447034836,20.000000596046448,-13.904601037502289,16.40444040298462
-25.000001192092896,20.000000596046448,-20.17167627811432,20.242252349853516
-50.00000238418579,30.0,-40.13138830661774,31.442463397979736
-54.99999940395355,49.999998807907104,-39.28979158401489,31.68462038040161
5.000000037252903,0.0,2.810830995440483,26.974995732307434
54.99999940395355,60.0,39.26206558942795,43.39679002761841
-40.000000298023224,30.0,-35.636400282382965,26.73006534576416
15.000000447034836,49.999998807907104,18.498242050409317,41.33768320083618
20.000000149011612,40.000001192092896,10.69048784673214,42.014079093933105
-70.0000011920929,30.0,-50.264103412628174,24.140353202819824
-45.0,20.000000596046448,-59.484094977378845,32.12908744812012
25.000001192092896,30.0,23.285981118679047,19.63169753551483
-54.99999940395355,20.000000596046448,-54.46823537349701,20.376582741737366
-80.00000059604645,40.000001192092896,-69.52962756156921,40.6278133392334
-35.00000059604645,40.000001192092896,-25.050137042999268,26.3811993598938
-64.9999988079071,49.999998807907104,-49.77663338184357,39.429001808166504
15.000000447034836,30.0,11.425924748182297,22.894434928894043
-10.000000074505806,20.000000596046448,-13.94360437989235,31.49438738822937
40.000000298023224,10.000000298023224,45.03718078136444,16.894590854644775
-74.99999821186066,20.000000596046448,-72.03983724117279,18.50050449371338
-54.99999940395355,10.000000298023224,-51.850131154060364,9.205418229103088
-35.00000059604645,20.000000596046448,-28.987002968788147,19.54493522644043
74.99999821186066,30.0,67.51727879047394,17.27219581604004
70.0000011920929,49.999998807907104,51.8417090177536,45.14458894729614
0.0,40.000001192092896,2.000437416136265,28.288686275482178
-80.00000059604645,49.999998807907104,-70.98970949649811,42.050650119781494
-20.000000149011612,60.0,-19.648141264915466,44.856051206588745
84.99999761581421,0.0,73.67957890033722,-0.3933548927307129
74.99999821186066,60.0,75.56218385696411,52.3687469959259
-74.99999821186066,40.000001192092896,-74.24152851104736,39.33887958526611
64.9999988079071,49.999998807907104,47.44892120361328,42.98512816429138
-5.000000037252903,10.000000298023224,-6.616719961166382,31.100986003875732
-5.000000037252903,60.0,-10.522032380104065,41.77060604095459
-60.00000178813934,60.0,-58.36760938167572,47.86423444747925
-50.00000238418579,49.999998807907104,-36.465999484062195,35.0903856754303
0.0,60.0,3.349664658308029,28.443278074264526
0.0,0.0,2.0858288928866386,27.38347828388214
-40.000000298023224,40.000001192092896,-32.984604835510254,32.591750621795654
-70.0000011920929,49.999998807907104,-61.57392203807831,34.52437162399292
-30.00000089406967,40.000001192092896,-26.599394381046295,33.27093958854675
-74.99999821186066,30.0,-73.47674489021301,29.951308965682983
45.0,10.000000298023224,48.82731378078461,24.969059228897095
60.00000178813934,30.0,53.792930245399475,21.784833669662476
45.0,30.0,33.065588772296906,18.17604124546051
70.0000011920929,40.000001192092896,58.53438913822174,29.38037395477295
-70.0000011920929,60.0,-56.93666696548462,51.21216416358948
-90.0,30.0,-87.64736473560333,24.418542981147766
5.000000037252903,30.0,3.3501913771033287,25.934007167816162
80.00000059604645,60.0,70.43597280979156,50.897523164749146
-64.9999988079071,10.000000298023224,-60.70349156856537,10.554855465888977
35.00000059604645,60.0,28.539358377456665,43.93622159957886
54.99999940395355,20.000000596046448,54.910537004470825,17.606595754623413
-35.00000059604645,49.999998807907104,-34.404408037662506,43.56219291687012
-20.000000149011612,60.0,-12.021194100379944,27.372525930404663
-70.0000011920929,30.0,-66.49572730064392,26.226866841316223
70.0000011920929,60.0,61.46868824958801,52.6339852809906
64.9999988079071,60.0,54.25280034542084,50.38908362388611
35.00000059604645,60.0,32.007545828819275,45.610127449035645
0.0,40.000001192092896,2.6175228506326675,28.5458242893219
-60.00000178813934,0.0,-65.0472754240036,-1.23612642288208
64.9999988079071,49.999998807907104,52.69046187400818,43.911967277526855
90.0,60.0,77.11890041828156,55.43066740036011
-15.000000447034836,60.0,-12.631891518831253,42.24322557449341
35.00000059604645,60.0,27.81436264514923,45.385011434555054
0.0,0.0,1.8898826278746128,29.184730052947998
-45.0,49.999998807907104,-32.30554461479187,37.13554859161377
20.000000149011612,20.000000596046448,17.223063558340073,11.688348054885864
-45.0,0.0,-49.40475046634674,11.344624757766724
45.0,20.000000596046448,48.009910583496094,29.745227694511414
20.000000149011612,49.999998807907104,14.453820884227753,43.962156772613525
-40.000000298023224,49.999998807907104,-34.16597843170166,40.85731387138367
-84.99999761581421,20.000000596046448,-92.3621678352356,19.622731804847717
60.00000178813934,40.000001192092896,57.6969176530838,31.06752634048462
60.00000178813934,60.0,47.01601266860962,44.476797580718994
-84.99999761581421,30.0,-73.72185051441193,27.642470598220825
-54.99999940395355,0.0,-49.22021985054016,7.412230968475342
-50.00000238418579,40.000001192092896,-43.35106909275055,30.13452172279358
-25.000001192092896,20.000000596046448,-16.488185226917267,15.540375709533691
-74.99999821186066,10.000000298023224,-66.2991052865982,11.623141765594482
0.0,40.000001192092896,0.7081202790141106,28.395509719848633
40.000000298023224,60.0,31.7764949798584,43.43161582946777
-40.000000298023224,10.000000298023224,-35.41595220565796,12.157269716262817
-80.00000059604645,49.999998807907104,-69.01190757751465,46.8876850605011
-10.000000074505806,0.0,-3.4164660796523094,7.356304228305817
84.99999761581421,0.0,68.18836748600006,4.148727357387543
-15.000000447034836,0.0,-16.266296803951263,30.388766527175903
0.0,20.000000596046448,1.7154518701136112,26.911327242851257
5.000000037252903,10.000000298023224,1.5998671017587185,27.562830448150635
30.00000089406967,0.0,28.901019394397736,14.053573608398438
35.00000059604645,30.0,34.099784195423126,32.90820121765137
45.0,20.000000596046448,52.025874853134155,26.263328790664673
84.99999761581421,40.000001192092896,70.9520673751831,36.325228214263916
90.0,60.0,55.289340019226074,34.4348680973053
70.0000011920929,20.000000596046448,70.92618405818939,23.2608425617218
70.0000011920929,60.0,51.7253977060318,44.44294452667236
30.00000089406967,10.000000298023224,28.170954287052155,16.236344575881958
30.00000089406967,60.0,14.537029713392258,36.73303842544556
-84.99999761581421,40.000001192092896,-75.59601187705994,31.3566255569458
-50.00000238418579,40.000001192092896,-48.38426113128662,35.13702750205994
5.000000037252903,0.0,1.0664059035480022,25.542808771133423
60.00000178813934,0.0,38.433040380477905,10.140513181686401
80.00000059604645,20.000000596046448,59.210225343704224,15.416069626808167
90.0,60.0,75.11756479740143,51.4153254032135
80.00000059604645,30.0,60.680601596832275,26.694619059562683
45.0,10.000000298023224,41.86172425746918,24.400895833969116
-10.000000074505806,0.0,-2.7947410941123962,4.378935992717743
-40.000000298023224,0.0,-34.471213817596436,8.579868078231812
-60.00000178813934,0.0,-52.3605340719223,3.6579054594039917
-40.000000298023224,40.000001192092896,-48.57578158378601,49.27528381347656
-30.00000089406967,0.0,-29.241716265678406,16.628610491752625
20.000000149011612,0.0,14.441694617271423,17.47848093509674
35.00000059604645,20.000000596046448,30.319352746009827,28.35646390914917
40.000000298023224,20.000000596046448,41.79974913597107,32.262446880340576
-15.000000447034836,0.0,-11.783972829580307,19.659528136253357
-50.00000238418579,60.0,-34.55098807811737,38.887503147125244
-64.9999988079071,60.0,-38.91699135303497,37.88910269737244
-70.0000011920929,40.000001192092896,-67.5774621963501,33.11861515045166
-74.99999821186066,30.0,-63.15912902355194,27.982800006866455
-84.99999761581421,0.0,-83.72326612472534,5.381654798984528
-35.00000059604645,30.0,-40.83205908536911,29.320417642593384
-10.000000074505806,10.000000298023224,-4.969240464270115,18.123638033866882
0.0,60.0,-0.8124841935932636,27.25736975669861
20.000000149011612,30.0,14.466754496097565,25.610471963882446
45.0,30.0,34.08189654350281,30.592846870422363
54.99999940395355,40.000001192092896,48.57283651828766,34.10044312477112
64.9999988079071,10.000000298023224,53.96935522556305,8.494623899459839
35.00000059604645,49.999998807907104,27.81911015510559,40.13772368431091
10.000000074505806,49.999998807907104,15.954473912715912,34.23490047454834
-5.000000037252903,20.000000596046448,-5.8530279994010925,23.774553537368774
-10.000000074505806,49.999998807907104,-4.454624801874161,23.328548669815063
-20.000000149011612,0.0,-13.893912434577942,23.106404542922974
-90.0,40.000001192092896,-80.22229135036469,36.70262575149536
-70.0000011920929,49.999998807907104,-66.38014554977417,53.989269733428955
-64.9999988079071,0.0,-62.96334385871887,6.545796096324921
-64.9999988079071,40.000001192092896,-69.60839331150055,41.42901420593262
-10.000000074505806,0.0,-5.217595249414444,6.950342953205109
-84.99999761581421,10.000000298023224,-71.27741396427155,6.909507215023041
25.000001192092896,20.000000596046448,23.928021490573883,6.017858684062958
-74.99999821186066,10.000000298023224,-75.20760118961334,11.694706678390503
25.000001192092896,0.0,18.177579939365387,13.98673564195633
64.9999988079071,30.0,67.5004506111145,28.31632375717163
25.000001192092896,40.000001192092896,25.908594131469727,29.083719849586487
-15.000000447034836,49.999998807907104,-12.595758140087128,23.089420795440674
-50.00000238418579,60.0,-48.088011145591736,55.781275033950806
-84.99999761581421,30.0,-79.7149246931076,27.45020627975464
-30.00000089406967,20.000000596046448,-21.39102727174759,21.9890034198761
84.99999761581421,60.0,83.32081139087677,59.88619923591614
-5.000000037252903,10.000000298023224,-0.11157381813973188,28.899149894714355
80.00000059604645,10.000000298023224,86.33690178394318,2.1487730741500854
25.000001192092896,60.0,23.404813706874847,43.02976727485657
-64.9999988079071,60.0,-55.210134387016296,51.76767826080322
-50.00000238418579,40.000001192092896,-48.63200068473816,36.78705453872681
-10.000000074505806,40.000001192092896,-8.423614203929901,15.24418294429779
-80.00000059604645,40.000001192092896,-78.22431921958923,26.132526397705078
20.000000149011612,0.0,15.31105488538742,11.826058030128479
50.00000238418579,10.000000298023224,43.927427530288696,12.012112140655518
54.99999940395355,60.0,46.62564396858215,56.09501838684082
-10.000000074505806,0.0,-8.48482757806778,14.604144394397736
-74.99999821186066,60.0,-81.92976415157318,58.005380630493164
60.00000178813934,40.000001192092896,48.20792734622955,35.204622745513916
20.000000149011612,40.000001192092896,17.201457023620605,29.46428418159485
5.000000037252903,49.999998807907104,1.2682309001684189,34.62490797042847
25.000001192092896,49.999998807907104,27.523380517959595,43.89580249786377
30.00000089406967,10.000000298023224,22.582558393478394,16.98603630065918
74.99999821186066,30.0,75.98091423511505,27.52452850341797
-74.99999821186066,10.000000298023224,-77.55974292755127,11.350891292095184
-64.9999988079071,40.000001192092896,-44.74361836910248,29.702298045158386
45.0,40.000001192092896,41.969393491744995,39.74229097366333
-20.000000149011612,40.000001192092896,-24.342991411685944,36.54552698135376
-74.99999821186066,10.000000298023224,-69.59877490997314,13.636985421180725
74.99999821186066,0.0,61.27679228782654,6.0364097356796265
84.99999761581421,0.0,69.24447119235992,2.025940418243408
-70.0000011920929,40.000001192092896,-59.46517467498779,31.66188955307007
-70.0000011920929,40.000001192092896,-74.98593270778656,42.430880069732666
-40.000000298023224,30.0,-48.186684250831604,35.366131067276
20.000000149011612,40.000001192092896,18.157452642917633,37.46997356414795
15.000000447034836,10.000000298023224,10.63542477786541,25.196120738983154
80.00000059604645,40.000001192092896,71.38230443000793,34.155449867248535
50.00000238418579,40.000001192092896,65.11603653430939,35.30992269515991
5.000000037252903,40.000001192092896,5.289976000785828,32.89006233215332
50.00000238418579,20.000000596046448,46.8921160697937,16.08885884284973
0.0,60.0,2.705756798386574,26.63890242576599
84.99999761581421,0.0,67.29630768299103,0.4036223888397217
90.0,0.0,69.7059828042984,2.448415160179138
20.000000149011612,60.0,16.68666735291481,43.142409324645996
-45.0,30.0,-56.69061720371246,36.88827395439148
-80.00000059604645,0.0,-84.12236273288727,3.102268874645233
10.000000074505806,30.0,19.81114313006401,31.424496173858643
-25.000001192092896,49.999998807907104,-23.874742090702057,41.06007099151611
25.000001192092896,10.000000298023224,14.035474061965942,11.368274688720703
-50.00000238418579,20.000000596046448,-37.50627547502518,7.17198371887207
10.000000074505806,10.000000298023224,6.066916733980179,24.00649130344391
50.00000238418579,10.000000298023224,49.89044487476349,23.29310417175293
-30.00000089406967,60.0,-31.26224309206009,51.27722382545471
-35.00000059604645,60.0,-32.13625431060791,57.24192023277283
-90.0,20.000000596046448,-78.29331636428833,22.654979825019836
-80.00000059604645,40.000001192092896,-55.77735722064972,27.303072810173035
-60.00000178813934,60.0,-62.5137734413147,58.79619240760803
-40.000000298023224,10.000000298023224,-35.99179565906525,16.15770399570465
-10.000000074505806,10.000000298023224,-8.883505091071129,13.414344191551208
5.000000037252903,10.000000298023224,-0.35803035367280245,22.745633125305176
15.000000447034836,0.0,16.435062736272812,20.58689296245575
70.0000011920929,60.0,72.03006863594055,63.1730318069458
5.000000037252903,60.0,3.9978714287281036,36.37855768203735
0.0,30.0,2.790891956537962,28.50718080997467
-15.000000447034836,49.999998807907104,-12.49544084072113,22.738090753555298
-74.99999821186066,30.0,-73.07636082172394,23.51141095161438
-60.00000178813934,30.0,-54.290785789489746,32.719316482543945
54.99999940395355,60.0,62.44120895862579,50.82399845123291
-64.9999988079071,60.0,-68.92429053783417,58.1976056098938
-40.000000298023224,20.000000596046448,-47.30479538440704,29.42762017250061
-20.000000149011612,0.0,-19.36840832233429,18.207340836524963
-20.000000149011612,10.000000298023224,-10.218915939331055,17.819804549217224
-20.000000149011612,20.000000596046448,-24.867492020130157,31.734795570373535
-5.000000037252903,30.0,-5.142565481364727,25.997273325920105
10.000000074505806,10.000000298023224,1.9320680759847164,19.68751072883606
25.000001192092896,10.000000298023224,23.39200347661972,14.665121734142303
30.00000089406967,49.999998807907104,38.14574897289276,50.22935628890991
40.000000298023224,0.0,53.36101412773132,14.767429232597351
60.00000178813934,60.0,48.65267515182495,46.2703800201416
54.99999940395355,10.000000298023224,53.96875441074371,20.173076391220093
-15.000000447034836,40.000001192092896,-14.59932267665863,25.675923228263855
-30.00000089406967,0.0,-21.276559978723526,18.032541275024414
-74.99999821186066,49.999998807907104,-61.62785053253174,42.142428159713745
70.0000011920929,20.000000596046448,79.75703537464142,23.14340651035309
45.0,60.0,51.22994005680084,49.508782625198364
-15.000000447034836,49.999998807907104,-9.356590434908867,28.807164430618286
-45.0,60.0,-27.618454098701477,45.23083448410034
-50.00000238418579,30.0,-48.544716238975525,25.090001821517944
70.0000011920929,60.0,57.41571485996246,50.57613730430603
30.00000089406967,20.000000596046448,27.660841047763824,27.09299147129059
30.00000089406967,30.0,51.16512715816498,37.22801685333252
25.000001192092896,40.000001192092896,19.213017225265503,36.53139352798462
-35.00000059604645,60.0,-37.66688346862793,51.4671528339386
-50.00000238418579,40.000001192092896,-43.82587373256683,25.27654230594635
-74.99999821186066,30.0,-73.02416503429413,27.600531578063965
-80.00000059604645,0.0,-74.05190706253052,0.3234332799911499
-64.9999988079071,60.0,-52.618428468704224,51.29558086395264
60.00000178813934,10.000000298023224,49.13390100002289,7.5870949029922485
30.00000089406967,0.0,24.34358149766922,8.843432664871216
5.000000037252903,0.0,2.6357779651880264,28.703681230545044
-74.99999821186066,0.0,-72.59447515010834,8.060550391674042
-35.00000059604645,60.0,-38.73578667640686,51.17431282997131
40.000000298023224,40.000001192092896,39.64500993490219,36.92875027656555
-45.0,49.999998807907104,-55.20784914493561,57.49247431755066
84.99999761581421,10.000000298023224,85.33546149730682,2.446959614753723
-35.00000059604645,60.0,-36.70634150505066,53.64768862724304
10.000000074505806,49.999998807907104,13.667893409729004,44.08259153366089
70.0000011920929,10.000000298023224,68.8765686750412,14.06077891588211
35.00000059604645,60.0,33.94579589366913,45.69817900657654
-70.0000011920929,0.0,-79.5465624332428,3.861408233642578
-45.0,20.000000596046448,-46.258326172828674,24.350935220718384
-45.0,30.0,-47.58626639842987,30.074819326400757
30.00000089406967,0.0,34.33891385793686,21.342601776123047
40.000000298023224,60.0,34.87309992313385,43.932881355285645
-70.0000011920929,20.000000596046448,-72.32720911502838,19.90788996219635
80.00000059604645,60.0,75.82467555999756,56.94315791130066
-84.99999761581421,20.000000596046448,-83.5044139623642,22.61866807937622
-80.00000059604645,0.0,-71.51064813137054,3.839193284511566
-20.000000149011612,40.000001192092896,-18.965418487787247,44.38709020614624
-15.000000447034836,0.0,-12.666470557451248,16.69222891330719
-74.99999821186066,49.999998807907104,-57.33170807361603,40.54371356964111
10.000000074505806,40.000001192092896,13.88995885848999,34.668896198272705
60.00000178813934,10.000000298023224,52.86868929862976,4.656413197517395
-54.99999940395355,0.0,-56.227174401283264,3.847399055957794
-10.000000074505806,0.0,-10.54003469645977,15.935497283935547
74.99999821186066,49.999998807907104,66.91236555576324,42.974199056625366
-74.99999821186066,40.000001192092896,-68.6417305469513,36.653627157211304
-84.99999761581421,40.000001192092896,-72.37307488918304,34.53655242919922
-40.000000298023224,49.999998807907104,-40.02325773239136,42.63216733932495
-35.00000059604645,40.000001192092896,-19.96644303202629,28.613344430923462
-20.000000149011612,60.0,-16.367236375808716,33.56646537780762
-60.00000178813934,30.0,-50.236353278160095,19.042033553123474
-70.0000011920929,49.999998807907104,-53.81207048892975,43.879441022872925
-45.0,49.999998807907104,-58.40358316898346,44.571146965026855
10.000000074505806,40.000001192092896,14.571430385112762,29.31787133216858
90.0,0.0,67.89387702941895,0.3091728687286377
70.0000011920929,30.0,61.92252337932587,23.575966358184814
-80.00000059604645,40.000001192092896,-70.68228542804718,34.97987508773804
-15.000000447034836,60.0,-13.399247378110886,39.994025230407715
5.000000037252903,20.000000596046448,1.5241904184222221,28.553819060325623
-20.000000149011612,30.0,-21.56809464097023,27.19038963317871
-50.00000238418579,40.000001192092896,-41.502107083797455,28.161985874176025
50.00000238418579,0.0,49.360949993133545,12.84364253282547
-64.9999988079071,40.000001192092896,-54.85740780830383,29.855822324752808
-64.9999988079071,49.999998807907104,-58.14511477947235,43.615665435791016
-45.0,10.000000298023224,-50.615896582603455,9.820391535758972
-5.000000037252903,40.000001192092896,-4.6936870738863945,28.64181160926819
-50.00000238418579,30.0,-50.64054071903229,29.185774326324463
10.000000074505806,10.000000298023224,7.364289835095406,23.004809617996216
30.00000089406967,60.0,23.371473848819733,46.50355339050293
40.000000298023224,40.000001192092896,49.32515323162079,44.03076767921448
30.00000089406967,10.000000298023224,23.33984524011612,12.543970048427582
-74.99999821186066,60.0,-71.17465317249298,45.80192685127258
70.0000011920929,0.0,73.63979637622833,9.913328289985657
-80.00000059604645,60.0,-77.017942070961,58.488038778305054
40.000000298023224,49.999998807907104,43.877170979976654,49.387511014938354
-25.000001192092896,30.0,-21.55628889799118,32.4553120136261
-84.99999761581421,60.0,-70.60204446315765,52.52416491508484
20.000000149011612,10.000000298023224,17.89727032184601,13.352939486503601
10.000000074505806,10.000000298023224,6.008437871932983,22.723145484924316
35.00000059604645,0.0,39.42686587572098,13.374205827713013
-10.000000074505806,10.000000298023224,-7.431609258055687,17.929310202598572
-45.0,49.999998807907104,-52.07249701023102,44.760414361953735
-10.000000074505806,40.000001192092896,-11.558903306722641,31.273698806762695
-30.00000089406967,0.0,-32.73924708366394,7.83674955368042
30.00000089406967,0.0,31.454187333583832,12.817891538143158
74.99999821186066,40.000001192092896,67.07443535327911,34.4563364982605
84.99999761581421,49.999998807907104,79.86524641513824,45.96603512763977
30.00000089406967,30.0,32.450770139694214,28.1631338596344
-10.000000074505806,20.000000596046448,-5.221025459468365,10.261342227458954
-20.000000149011612,49.999998807907104,-14.061889797449112,45.915799140930176
-70.0000011920929,40.000001192092896,-56.93962275981903,35.07380247116089
50.00000238418579,49.999998807907104,46.244046092033386,48.03435802459717
70.0000011920929,20.000000596046448,88.17411303520203,23.896350860595703
80.00000059604645,60.0,74.50875699520111,58.32786798477173
-54.99999940395355,30.0,-46.58969700336456,28.355201482772827
64.9999988079071,30.0,65.28889417648315,25.33307433128357
-40.000000298023224,30.0,-47.46290624141693,33.739378452301025
-80.00000059604645,0.0,-74.00739848613739,1.9164445996284485
-84.99999761581421,30.0,-66.7101377248764,27.240207195281982
-50.00000238418579,0.0,-37.3344424366951,10.205978751182556
-35.00000059604645,49.999998807907104,-40.599600076675415,46.827828884124756
-35.00000059604645,60.0,-24.638125598430634,41.380627155303955
84.99999761581421,30.0,80.1846706867218,31.92397713661194
25.000001192092896,0.0,15.847540944814682,7.310884594917297
10.000000074505806,20.000000596046448,12.850089222192764,35.29602527618408
-20.000000149011612,40.000001192092896,-17.796267718076706,30.903453826904297
-60.00000178813934,0.0,-56.69325113296509,4.139353036880493
-50.00000238418579,10.000000298023224,-47.44714021682739,12.72506296634674
84.99999761581421,49.999998807907104,71.88801348209381,43.42158079147339
-25.000001192092896,49.999998807907104,-26.66241019964218,46.63661241531372
35.00000059604645,40.000001192092896,22.16760590672493,36.753108501434326
30.00000089406967,40.000001192092896,41.74249202013016,52.30285048484802
15.000000447034836,10.000000298023224,12.421756535768509,24.332653284072876
-70.0000011920929,49.999998807907104,-47.81797170639038,34.50331091880798
20.000000149011612,60.0,20.682175755500793,46.411471366882324
15.000000447034836,10.000000298023224,16.894722282886505,17.92051613330841
-20.000000149011612,60.0,-24.369722306728363,47.219728231430054
80.00000059604645,20.000000596046448,77.60429978370667,16.792935132980347
40.000000298023224,40.000001192092896,41.58931642770767,37.12270259857178
-74.99999821186066,60.0,-65.35361588001251,48.67256283760071
0.0,10.000000298023224,4.041378870606422,29.51455056667328
64.9999988079071,60.0,46.9638866186142,51.38823866844177
5.000000037252903,49.999998807907104,7.162971273064613,34.50031757354736
0.0,30.0,3.987823538482189,28.51891279220581
-15.000000447034836,10.000000298023224,-9.879906177520752,19.56236958503723
-54.99999940395355,60.0,-38.51775527000427,46.455198526382446
10.000000074505806,0.0,12.989385724067688,26.41166925430298
30.00000089406967,30.0,40.18145978450775,40.787880420684814
30.00000089406967,49.999998807907104,35.0096270442009,43.746453523635864
50.00000238418579,60.0,36.0500505566597,46.8771493434906
40.000000298023224,60.0,29.405945241451263,28.251246213912964
30.00000089406967,0.0,30.800374746322632,17.754617929458618
30.00000089406967,60.0,16.588666141033173,44.47079658508301
20.000000149011612,60.0,13.071407675743103,44.363229274749756
-50.00000238418579,20.000000596046448,-51.56830608844757,25.237276554107666
-60.00000178813934,20.000000596046448,-44.2836731672287,13.934404850006104
-64.9999988079071,30.0,-56.42448306083679,10.333977341651917
-45.0,20.000000596046448,-53.08335721492767,35.03375172615051
-40.000000298023224,0.0,-35.02337068319321,13.516485393047333
-20.000000149011612,49.999998807907104,-26.69865757226944,42.4164605140686
15.000000447034836,60.0,18.37523728609085,35.406954288482666
60.00000178813934,60.0,48.183873295784,46.08584761619568
70.0000011920929,40.000001192092896,55.45729994773865,33.72164726257324
84.99999761581421,49.999998807907104,72.09942519664764,39.34656500816345
74.99999821186066,49.999998807907104,65.70066154003143,42.63631582260132
30.00000089406967,20.000000596046448,22.245380580425262,10.442615747451782
-15.000000447034836,10.000000298023224,-22.66452133655548,41.57798767089844
-30.00000089406967,30.0,-39.975900650024414,32.33151197433472
-30.00000089406967,40.000001192092896,-26.777112185955048,29.42833185195923
-60.00000178813934,0.0,-28.685112297534943,4.081563949584961
-80.00000059604645,20.000000596046448,-81.22265875339508,19.353071451187134
-84.99999761581421,60.0,-62.88930952548981,47.44254112243652
-10.000000074505806,40.000001192092896,-12.271185368299484,23.399659395217896
25.000001192092896,0.0,32.006301283836365,25.603603720664978
40.000000298023224,20.000000596046448,38.74355971813202,18.307594656944275
60.00000178813934,30.0,58.25344383716583,23.749703764915466
60.00000178813934,40.000001192092896,70.0224620103836,37.299309968948364
60.00000178813934,49.999998807907104,48.19283187389374,33.518850803375244
74.99999821186066,30.0,62.31925964355469,29.920188188552856
40.000000298023224,0.0,45.24677395820618,13.192954659461975
40.000000298023224,10.000000298023224,35.0116628408432,31.58699870109558
30.00000089406967,60.0,19.37792479991913,46.089080572128296
-25.000001192092896,20.000000596046448,-18.262803107500076,14.14695918560028
-40.000000298023224,30.0,-38.2941073179245,26.115989685058594
-15.000000447034836,10.000000298023224,-17.994183897972107,32.33069658279419
25.000001192092896,20.000000596046448,20.831231474876404,12.17304915189743
60.00000178813934,49.999998807907104,53.87165307998657,37.86287069320679
90.0,30.0,74.91001009941101,24.78890597820282
70.0000011920929,40.000001192092896,62.223660349845886,31.194369792938232
45.0,60.0,41.92874997854233,41.46679759025574
40.000000298023224,30.0,46.62273645401001,39.42517876625061
5.000000037252903,10.000000298023224,1.0963795892894268,22.767845392227173
5.000000037252903,49.999998807907104,4.7194356098771095,37.19620227813721
-90.0,0.0,-76.66489899158478,-4.067121148109436
-60.00000178813934,49.999998807907104,-52.061553597450256,33.850722312927246
-54.99999940395355,10.000000298023224,-49.88219439983368,8.90548288822174
5.000000037252903,30.0,3.1738435104489326,24.446073174476624
-25.000001192092896,20.000000596046448,-17.43093341588974,11.130620241165161
-54.99999940395355,10.000000298023224,-43.93476605415344,10.358443558216095
5.000000037252903,10.000000298023224,3.330731950700283,25.903860926628113
-25.000001192092896,40.000001192092896,-19.614389687776566,32.26385235786438
30.00000089406967,20.000000596046448,31.421209573745728,23.507208824157715
-25.000001192092896,10.000000298023224,-16.735432595014572,18.67452085018158
-64.9999988079071,40.000001192092896,-53.678314089775085,35.838096141815186
-50.00000238418579,40.000001192092896,-39.92365121841431,27.651203870773315
-5.000000037252903,60.0,-6.18106484413147,41.47268772125244
-60.00000178813934,49.999998807907104,-57.397931814193726,35.87526798248291
64.9999988079071,10.000000298023224,62.41380214691162,10.595827996730804
-45.0,0.0,-38.911192417144775,8.67197871208191
20.000000149011612,60.0,18.056916743516922,37.30415940284729
74.99999821186066,10.000000298023224,64.6382063627243,4.698638319969177
-70.0000011920929,30.0,-54.33210253715515,25.368652939796448
10.000000074505806,0.0,8.569615557789803,19.600204825401306
40.000000298023224,40.000001192092896,43.665131628513336,34.569454193115234
40.000000298023224,40.000001192092896,35.92533051967621,33.97526979446411
-10.000000074505806,10.000000298023224,-1.4106307178735733,8.850985765457153
-70.0000011920929,20.000000596046448,-56.095595955848694,21.689313054084778
-90.0,60.0,-71.33881509304047,46.50257706642151
-15.000000447034836,60.0,-6.505211144685745,38.25033187866211
80.00000059604645,10.000000298023224,74.78332936763763,17.48794198036194
10.000000074505806,30.0,7.449624314904213,23.191477060317993
-20.000000149011612,10.000000298023224,-17.041561156511307,13.962557315826416
60.00000178813934,10.000000298023224,54.46826219558716,6.381108462810516
74.99999821186066,10.000000298023224,59.983500838279724,7.953178882598877
-30.00000089406967,40.000001192092896,-22.14228317141533,32.06207513809204
-5.000000037252903,10.000000298023224,-2.179122157394886,30.554219484329224
-15.000000447034836,20.000000596046448,-14.92418110370636,22.248507142066956
-5.000000037252903,10.000000298023224,-2.042389176785946,26.848554611206055
-70.0000011920929,40.000001192092896,-53.3655309677124,23.908292055130005
35.00000059604645,49.999998807907104,36.44909083843231,54.74340319633484
-35.00000059604645,10.000000298023224,-31.160380840301514,14.208093881607056
-64.9999988079071,20.000000596046448,-50.44300138950348,11.776483654975891
-64.9999988079071,0.0,-48.8646125793457,10.15046238899231
-15.000000447034836,0.0,-7.926602885127068,13.670700788497925
-70.0000011920929,30.0,-59.05950129032135,26.312134265899658
-70.0000011920929,30.0,-65.54387032985687,25.602182149887085
-80.00000059604645,10.000000298023224,-70.04154860973358,11.156378388404846
60.00000178813934,60.0,50.78327178955078,51.94714307785034
40.000000298023224,30.0,49.027867913246155,36.08473777770996
-30.00000089406967,0.0,-25.036988854408264,10.093680024147034
-80.00000059604645,10.000000298023224,-84.04464840888977,6.169299781322479
-74.99999821186066,40.000001192092896,-62.12065815925598,36.867324113845825
54.99999940395355,60.0,45.890032052993774,49.31299924850464
-30.00000089406967,10.000000298023224,-30.546085238456726,12.037864029407501
-84.99999761581421,10.000000298023224,-66.74980223178864,9.902774691581726
74.99999821186066,60.0,81.47791385650635,56.84703469276428
-30.00000089406967,40.000001192092896,-25.39317548274994,31.423137187957764
74.99999821186066,0.0,43.24683576822281,9.507665634155273
-30.00000089406967,10.000000298023224,-22.214496284723282,14.788564145565033
84.99999761581421,20.000000596046448,81.61399304866791,19.76024866104126
-60.00000178813934,40.000001192092896,-42.633315324783325,27.474149465560913
-25.000001192092896,60.0,-21.410488039255142,40.297837257385254
-84.99999761581421,60.0,-67.04558551311493,50.60664653778076
-50.00000238418579,20.000000596046448,-42.378618121147156,16.37666165828705
-25.000001192092896,0.0,-29.09691721200943,17.599262595176697
0.0,0.0,-0.8628689870238304,30.796884298324585
10.000000074505806,60.0,1.8117332831025124,26.467398405075073
15.000000447034836,49.999998807907104,22.492615878582,38.254945278167725
60.00000178813934,10.000000298023224,52.43994355201721,7.995997667312622
74.99999821186066,20.000000596046448,67.5851708650589,20.44650435447693
35.00000059604645,49.999998807907104,35.76770782470703,44.10517930984497
30.00000089406967,30.0,36.140537559986115,41.40834331512451
10.000000074505806,40.000001192092896,19.438996016979218,34.12768363952637
10.000000074505806,49.999998807907104,15.085997432470322,37.88414239883423
0.0,49.999998807907104,2.051159832626581,32.03428387641907
-84.99999761581421,60.0,-91.97288274765015,64.96450424194336
20.000000149011612,0.0,13.155147582292557,15.015352964401245
50.00000238418579,60.0,47.62320041656494,52.38310217857361
90.0,10.000000298023224,75.73532044887543,9.722941517829895
20.000000149011612,10.000000298023224,11.46622359752655,16.6276878118515
-10.000000074505806,0.0,-6.029965952038765,18.008991479873657
-45.0,0.0,-39.450120627880096,5.735563337802887
-60.00000178813934,30.0,-52.55953788757324,28.338502049446106
-60.00000178813934,49.999998807907104,-37.96956539154053,30.997095108032227
-90.0,10.000000298023224,-71.68039977550507,6.185445785522461
-10.000000074505806,60.0,-4.918178580701351,40.497307777404785
25.000001192092896,10.000000298023224,25.76381117105484,22.042797803878784
64.9999988079071,40.000001192092896,70.11660754680634,31.730003356933594
70.0000011920929,0.0,57.996477484703064,5.090000331401825
30.00000089406967,0.0,25.750402808189392,6.588512063026428
10.000000074505806,30.0,1.8873955495655537,18.3755761384964
-5.000000037252903,30.0,-3.890630342066288,26.68662965297699
-60.00000178813934,49.999998807907104,-33.307671546936035,35.3911828994751
-80.00000059604645,20.000000596046448,-88.71072113513947,19.94963049888611
-54.99999940395355,60.0,-53.110544085502625,44.667237997055054
-50.00000238418579,10.000000298023224,-45.42846143245697,13.968604803085327
-40.000000298023224,20.000000596046448,-41.04595720767975,21.955207586288452
-20.000000149011612,40.000001192092896,-13.477156162261963,27.826616764068604
70.0000011920929,49.999998807907104,61.41607940196991,33.22932243347168
84.99999761581421,40.000001192092896,66.6986471414566,22.868410348892212
40.000000298023224,40.000001192092896,29.16946291923523,37.32942581176758
0.0,60.0,-0.25921442080289125,31.67400598526001
-84.99999761581421,20.000000596046448,-86.33352220058441,20.78345775604248
-54.99999940395355,49.999998807907104,-40.929447412490845,34.59661245346069
15.000000447034836,49.999998807907104,21.32903203368187,34.96870994567871
54.99999940395355,60.0,41.43695890903473,48.56579303741455
60.00000178813934,10.000000298023224,43.34677755832672,11.988642811775208
30.00000089406967,30.0,42.97084718942642,36.458719968795776
-74.99999821186066,10.000000298023224,-80.32210171222687,13.513570725917816
-54.99999940395355,0.0,-48.24164807796478,11.818518340587616
-45.0,0.0,-29.397595524787903,12.632569670677185
15.000000447034836,10.000000298023224,19.308778792619705,20.596523880958557
84.99999761581421,0.0,69.52798068523407,1.93858802318573
70.0000011920929,10.000000298023224,51.99846267700195,34.09992456436157
70.0000011920929,20.000000596046448,64.06350016593933,24.158159494400024
60.00000178813934,49.999998807907104,39.68169450759888,34.40518498420715
50.00000238418579,20.000000596046448,40.562639236450195,18.836545944213867
45.0,20.000000596046448,32.3775377869606,19.270867109298706
0.0,10.000000298023224,0.9538828767836094,28.524091243743896
-10.000000074505806,0.0,-6.250420734286308,13.85096937417984
-10.000000074505806,30.0,-9.75021667778492,28.301410675048828
20.000000149011612,10.000000298023224,17.847598493099213,7.71684855222702
0.0,40.000001192092896,1.3540009036660194,29.521143436431885
70.0000011920929,20.000000596046448,63.585503697395325,29.136124849319458
0.0,60.0,0.6195716327056289,34.933215379714966
-5.000000037252903,30.0,-3.3874908462166786,31.68985605239868
-30.00000089406967,20.000000596046448,-18.320608735084534,18.730881214141846
-90.0,20.000000596046448,-101.98327302932739,20.336617827415466
70.0000011920929,60.0,64.34516966342926,51.29785180091858
70.0000011920929,10.000000298023224,67.44440853595734,16.789863109588623
-20.000000149011612,0.0,-12.53365695476532,15.730639100074768
-90.0,40.000001192092896,-83.71039688587189,36.0709547996521
64.9999988079071,10.000000298023224,58.828917145729065,9.164807796478271
-10.000000074505806,30.0,-5.788388773798943,17.70789384841919
70.0000011920929,0.0,56.09712481498718,9.010536074638367
25.000001192092896,49.999998807907104,28.26053738594055,40.76587915420532
-74.99999821186066,20.000000596046448,-60.71339964866638,14.546843469142914
45.0,60.0,53.525251150131226,62.05876350402832
84.99999761581421,49.999998807907104,78.41734170913696,46.60772681236267
84.99999761581421,10.000000298023224,73.18060755729675,8.28079104423523
-20.000000149011612,20.000000596046448,-16.58800631761551,13.699332475662231
60.00000178813934,49.999998807907104,51.387460827827454,30.483098030090332
70.0000011920929,49.999998807907104,53.386715054512024,38.040761947631836
60.00000178813934,49.999998807907104,60.71161329746246,41.60330414772034
-80.00000059604645,10.000000298023224,-78.58587563037872,7.421477437019348
74.99999821186066,40.000001192092896,58.131789565086365,30.99756360054016
-45.0,60.0,-30.598632395267487,50.081695318222046
5.000000037252903,10.000000298023224,1.8396181985735893,24.179386496543884
25.000001192092896,30.0,19.37367081642151,14.704228341579437
30.00000089406967,49.999998807907104,33.81866991519928,44.75066900253296
10.000000074505806,60.0,2.3527869768440723,27.314504384994507
-30.00000089406967,0.0,-28.403273820877075,18.265618085861206
10.000000074505806,10.000000298023224,3.417666368186474,17.938045263290405
70.0000011920929,60.0,61.05522036552429,53.943411111831665
-84.99999761581421,10.000000298023224,-75.80992341041565,9.320262372493744
-64.9999988079071,49.999998807907104,-48.486528396606445,39.599125385284424
-5.000000037252903,20.000000596046448,-3.042241595685482,31.59804940223694
-54.99999940395355,0.0,-52.06766366958618,5.764133334159851
0.0,30.0,0.8311760053038597,27.719085216522217
60.00000178813934,49.999998807907104,63.07932257652283,41.933008432388306
-54.99999940395355,10.000000298023224,-46.11609399318695,6.546282470226288
-60.00000178813934,49.999998807907104,-47.96211898326874,32.87580370903015
10.000000074505806,49.999998807907104,13.78280058503151,31.67172074317932
-35.00000059604645,20.000000596046448,-29.613089561462402,14.653356671333313
45.0,30.0,32.637736201286316,23.87675106525421
-10.000000074505806,30.0,-10.95901720225811,25.075550079345703
-50.00000238418579,30.0,-50.73613464832306,23.20210576057434
-64.9999988079071,20.000000596046448,-60.435426235198975,23.16678285598755
60.00000178813934,20.000000596046448,51.25641345977783,14.354487955570221
64.9999988079071,49.999998807907104,51.977214217185974,37.627941370010376
54.99999940395355,0.0,39.19998586177826,11.287192404270172
40.000000298023224,40.000001192092896,39.47365164756775,36.84154987335205
-25.000001192092896,60.0,-11.77110493183136,30.08194327354431
-60.00000178813934,20.000000596046448,-47.30129778385162,13.03278923034668
64.9999988079071,20.000000596046448,59.43454384803772,20.405611395835876
54.99999940395355,60.0,47.85726606845856,49.64840054512024
-45.0,49.999998807907104,-50.215861201286316,40.49048066139221
20.000000149011612,10.000000298023224,16.7752406001091,16.590208411216736
60.00000178813934,40.000001192092896,60.86177408695221,33.076279163360596
60.00000178813934,40.000001192092896,55.306543707847595,32.497369050979614
45.0,60.0,41.426930129528046,44.37222361564636
40.000000298023224,60.0,26.39044225215912,36.25978946685791
54.99999940395355,20.000000596046448,47.38246142864227,20.797142386436462
64.9999988079071,40.000001192092896,53.63794684410095,27.84131169319153
-60.00000178813934,0.0,-58.085097670555115,4.846653342247009
-15.000000447034836,0.0,-16.126615405082703,20.56641161441803
60.00000178813934,60.0,52.49793827533722,50.101786851882935
5.000000037252903,0.0,3.412933610379696,25.449135303497314
-54.99999940395355,40.000001192092896,-58.45995783805847,34.44278955459595
45.0,49.999998807907104,40.53151488304138,38.2688570022583
-90.0,20.000000596046448,-74.897940158844,20.320597887039185
-74.99999821186066,10.000000298023224,-69.21363115310669,13.50546419620514
-74.99999821186066,0.0,-71.79157197475433,-1.4513325691223145
-84.99999761581421,40.000001192092896,-75.80904364585876,36.35112762451172
-5.000000037252903,0.0,-6.581686288118362,29.906798601150513
25.000001192092896,20.000000596046448,21.965368688106537,27.55728006362915
25.000001192092896,60.0,7.897667214274406,27.042295932769775
90.0,40.000001192092896,70.58823108673096,32.559324502944946
35.00000059604645,40.000001192092896,38.37321102619171,36.6684365272522
10.000000074505806,60.0,2.9440321773290634,28.321035504341125
-70.0000011920929,60.0,-69.48618113994598,60.53187847137451
-15.000000447034836,20.000000596046448,-13.770933151245117,23.622974753379822
60.00000178813934,40.000001192092896,49.32961642742157,30.60980200767517
70.0000011920929,60.0,68.18635046482086,55.83040952682495
80.00000059604645,40.000001192092896,63.84288847446442,28.559136986732483
40.000000298023224,49.999998807907104,34.652466773986816,45.49707055091858
-60.00000178813934,60.0,-50.39057493209839,53.173924684524536
-60.00000178813934,30.0,-42.69056171178818,29.71404790878296
-5.000000037252903,10.000000298023224,-2.9470952600240707,25.033623576164246
60.00000178813934,0.0,43.69498461484909,6.305099129676819
-64.9999988079071,30.0,-57.43219971656799,21.62403702735901
-5.000000037252903,40.000001192092896,-6.697050780057907,38.80945086479187
-90.0,40.000001192092896,-75.23188591003418,33.77871751785278
-30.00000089406967,0.0,-35.06243705749512,15.1591157913208
80.00000059604645,0.0,60.90367555618286,6.831775903701782
80.00000059604645,0.0,62.38664746284485,-3.019498586654663
-54.99999940395355,60.0,-44.975677728652954,48.00313353538513
10.000000074505806,30.0,5.336825139820576,24.03201162815094
15.000000447034836,0.0,15.031517744064331,14.648959636688232
20.000000149011612,10.000000298023224,9.204210117459297,12.49472290277481
40.000000298023224,49.999998807907104,36.21624290943146,34.892985820770264
64.9999988079071,49.999998807907104,44.90636944770813,34.464157819747925
70.0000011920929,20.000000596046448,58.14081251621246,26.586785316467285
70.0000011920929,49.999998807907104,47.70391881465912,40.67790627479553
80.00000059604645,0.0,65.37017583847046,6.795521378517151
64.9999988079071,49.999998807907104,62.071911692619324,34.594759941101074
15.000000447034836,30.0,10.796251371502876,21.957891583442688
-40.000000298023224,49.999998807907104,-43.75975728034973,48.28503727912903
-45.0,0.0,-34.44041669368744,11.342657804489136
-60.00000178813934,60.0,-60.39805769920349,56.50215268135071
-70.0000011920929,60.0,-49.64098334312439,43.54875683784485
-90.0,30.0,-81.72916173934937,23.757253289222717
-84.99999761581421,0.0,-66.10945165157318,4.548007249832153
-80.00000059604645,30.0,-71.42583668231964,23.201138377189636
-70.0000011920929,20.000000596046448,-61.41988813877106,18.874711990356445
-20.000000149011612,10.000000298023224,-20.52812710404396,22.703415155410767
-10.000000074505806,30.0,-12.225102335214615,28.28810691833496
-5.000000037252903,40.000001192092896,-1.2025801464915276,30.84257483482361
10.000000074505806,60.0,8.844922184944153,32.499732971191406
80.00000059604645,49.999998807907104,63.319251537323,44.44724678993225
74.99999821186066,0.0,54.58333432674408,3.053816556930542
70.0000011920929,30.0,64.94392454624176,21.819709539413452
40.000000298023224,20.000000596046448,40.745705366134644,30.919411182403564
20.000000149011612,20.000000596046448,28.394004106521606,22.275885343551636
-10.000000074505806,30.0,-11.669293642044067,28.71735155582428
-80.00000059604645,0.0,-65.62152564525604,1.6399839520454407
-84.99999761581421,20.000000596046448,-93.42951536178589,20.943177938461304
-60.00000178813934,49.999998807907104,-40.93199282884598,34.41137909889221
-54.99999940395355,40.000001192092896,-45.7493394613266,27.99956202507019
-40.000000298023224,30.0,-39.42601025104523,27.277157306671143
-20.000000149011612,60.0,-22.92359858751297,42.65716195106506
70.0000011920929,0.0,60.060399770736694,16.31421983242035
80.00000059604645,49.999998807907104,75.07277190685272,48.988473415374756
70.0000011920929,10.000000298023224,64.25067007541656,14.487459361553192
64.9999988079071,10.000000298023224,69.88386690616608,4.494583010673523
50.00000238418579,30.0,54.83534395694733,32.9399299621582
30.00000089406967,20.000000596046448,31.69206440448761,24.31402623653412
25.000001192092896,10.000000298023224,21.49817481637001,15.420509576797485
25.000001192092896,40.000001192092896,29.677870273590088,41.75520658493042
15.000000447034836,49.999998807907104,15.352342128753662,32.13684797286987
-10.000000074505806,0.0,-7.9111553728580475,16.25196933746338
-60.00000178813934,0.0,-49.82693552970886,9.593543708324432
-10.000000074505806,60.0,-8.487124219536781,30.758371353149414
5.000000037252903,49.999998807907104,8.122723326086998,34.03980731964111
15.000000447034836,49.999998807907104,9.88823376595974,25.817534923553467
54.99999940395355,49.999998807907104,47.052538990974426,31.830425262451172
60.00000178813934,30.0,53.04281830787659,24.34314250946045
40.000000298023224,20.000000596046448,44.46308881044388,27.304580211639404
-5.000000037252903,30.0,-13.460716903209686,31.69410467147827
-25.000001192092896,10.000000298023224,-23.975821137428284,23.888007402420044
-35.00000059604645,40.000001192092896,-28.898986279964447,38.04633378982544
-45.0,10.000000298023224,-29.175414741039276,18.985304832458496
-50.00000238418579,30.0,-38.9985466003418,15.884916186332703
-54.99999940395355,60.0,-44.93849694728851,51.73218011856079
-84.99999761581421,40.000001192092896,-67.6301622390747,31.084535121917725
-5.000000037252903,49.999998807907104,-7.888558432459831,37.14749336242676
80.00000059604645,60.0,61.2180894613266,48.72461557388306
-64.9999988079071,49.999998807907104,-50.34558892250061,36.34470462799072
-70.0000011920929,10.000000298023224,-68.51968467235565,13.219954669475555
-80.00000059604645,30.0,-67.07383453845978,28.117098212242126
-10.000000074505806,60.0,-9.30562511086464,44.17278528213501
-50.00000238418579,60.0,-43.14288139343262,49.17725443840027
5.000000037252903,0.0,-1.1858208663761616,24.17973518371582
64.9999988079071,49.999998807907104,47.93287217617035,35.971927642822266
-54.99999940395355,10.000000298023224,-41.54111981391907,12.873508930206299
5.000000037252903,60.0,4.499749951064587,32.81516432762146
-25.000001192092896,30.0,-20.41215106844902,25.445596575737
-40.000000298023224,20.000000596046448,-30.190091729164124,21.953448057174683
30.00000089406967,20.000000596046448,21.05064019560814,10.712115168571472
-25.000001192092896,10.000000298023224,-15.754874646663666,16.46070957183838
-40.000000298023224,49.999998807907104,-36.32132649421692,38.63935947418213
80.00000059604645,0.0,55.77790439128876,0.43438732624053955
-5.000000037252903,40.000001192092896,-7.6377953588962555,41.79086923599243
-60.00000178813934,10.000000298023224,-52.45595633983612,2.4534523487091064
0.0,30.0,2.583490312099457,25.417778491973877
-45.0,30.0,-38.2431024312973,27.232654094696045
-35.00000059604645,30.0,-31.725334525108337,29.84413504600525
-60.00000178813934,60.0,-51.32594704627991,44.91620063781738
-74.99999821186066,0.0,-72.1735829114914,7.445874810218811
54.99999940395355,60.0,38.641144931316376,46.85086727142334
50.00000238418579,40.000001192092896,43.155401945114136,29.375612139701843
-20.000000149011612,49.999998807907104,-24.96594786643982,42.613184452056885
70.0000011920929,60.0,59.33136463165283,48.55021119117737
-60.00000178813934,30.0,-53.374945521354675,32.770410776138306
54.99999940395355,60.0,37.15845733880997,40.080803632736206
60.00000178813934,30.0,48.55662524700165,18.659597039222717
0.0,10.000000298023224,1.8265784718096256,27.228673696517944
-30.00000089406967,0.0,-33.24370622634888,15.935415029525757
40.000000298023224,49.999998807907104,36.011968553066254,39.14764165878296
30.00000089406967,49.999998807907104,44.24892783164978,51.06212496757507
45.0,30.0,29.454726576805115,15.190494060516357
-15.000000447034836,49.999998807907104,-15.608730465173721,37.899051904678345
-40.000000298023224,30.0,-31.426064372062683,19.92092728614807
-60.00000178813934,60.0,-50.86898982524872,49.08011555671692
-74.99999821186066,20.000000596046448,-75.39563477039337,16.649576425552368
-90.0,20.000000596046448,-88.86083900928497,24.02920961380005
-80.00000059604645,60.0,-74.17627573013306,54.54253077507019
-40.000000298023224,40.000001192092896,-32.311885356903076,27.261489629745483
30.00000089406967,0.0,30.700062811374664,19.263673424720764
64.9999988079071,20.000000596046448,65.02319991588593,16.211655735969543
10.000000074505806,30.0,8.578155040740967,25.36331534385681
5.000000037252903,60.0,2.422723565250635,36.251986026763916
25.000001192092896,49.999998807907104,27.40553766489029,36.567420959472656
90.0,0.0,62.1884161233902,2.383219599723816
-30.00000089406967,60.0,-21.518874764442444,41.849634647369385
-50.00000238418579,30.0,-43.77264529466629,16.930065751075745
-25.000001192092896,10.000000298023224,-27.423505783081055,32.21138119697571
0.0,40.000001192092896,-0.8005686476826668,25.11674165725708
-70.0000011920929,10.000000298023224,-56.396443247795105,5.961625277996063
-5.000000037252903,10.000000298023224,-7.155829221010208,32.48718738555908
0.0,0.0,2.59898928925395,25.228938460350037
25.000001192092896,30.0,20.205040276050568,26.861321926116943
50.00000238418579,30.0,42.751785814762115,20.416696071624756
84.99999761581421,0.0,74.1630631685257,-3.129976987838745
45.0,20.000000596046448,37.58065313100815,20.095603466033936
15.000000447034836,10.000000298023224,10.312369465827942,18.364076614379883
-15.000000447034836,40.000001192092896,-15.440983772277832,38.01042079925537
-45.0,20.000000596046448,-38.982898592948914,22.477757334709167
-80.00000059604645,30.0,-61.0123747587204,24.277403354644775
35.00000059604645,49.999998807907104,32.62668550014496,45.47290921211243
74.99999821186066,0.0,47.38449990749359,5.9320566058158875
60.00000178813934,30.0,47.42222785949707,25.085813999176025
35.00000059604645,40.000001192092896,37.17705845832825,39.53735589981079
25.000001192092896,10.000000298023224,25.269600749015808,20.38342595100403
-5.000000037252903,0.0,-4.918145723640919,23.60944390296936
-60.00000178813934,49.999998807907104,-48.17861080169678,36.7228102684021
-64.9999988079071,0.0,-38.65721672773361,5.832769274711609
-80.00000059604645,60.0,-62.226170897483826,53.38074803352356
-64.9999988079071,49.999998807907104,-56.617591381073,32.04103946685791
-60.00000178813934,40.000001192092896,-45.67470967769623,31.10283851623535
25.000001192092896,30.0,19.90809291601181,12.60699212551117
-25.000001192092896,30.0,-16.961389929056168,22.81042456626892
-90.0,10.000000298023224,-72.40804016590118,11.695890426635742
-30.00000089406967,40.000001192092896,-15.457833409309387,23.024606108665466
45.0,40.000001192092896,34.74472939968109,29.247363209724426
-30.00000089406967,0.0,-26.54018461704254,11.036916375160217
54.99999940395355,30.0,51.630404591560364,24.02855157852173
84.99999761581421,20.000000596046448,70.29226005077362,19.466103315353394
45.0,49.999998807907104,40.384352803230286,34.32475447654724
-64.9999988079071,30.0,-67.67917692661285,32.29685068130493
-30.00000089406967,49.999998807907104,-28.92375648021698,39.44454073905945
74.99999821186066,30.0,66.11112534999847,19.79462206363678
-60.00000178813934,10.000000298023224,-50.330954790115356,3.7498775124549866
10.000000074505806,20.000000596046448,11.82453989982605,30.925769805908203
-50.00000238418579,30.0,-49.0591961145401,29.00904893875122
-10.000000074505806,10.000000298023224,-5.58271799236536,16.50655210018158
-40.000000298023224,0.0,-38.963361382484436,10.816007852554321
-10.000000074505806,49.999998807907104,-6.350029930472374,30.251591205596924
45.0,0.0,24.454869031906128,14.414389729499817
-20.000000149011612,49.999998807907104,-15.457031428813934,33.77991199493408
-45.0,30.0,-46.52890741825104,29.776450395584106
5.000000037252903,60.0,11.786503493785858,34.33362364768982
-5.000000037252903,0.0,-4.653808660805225,29.930055141448975
25.000001192092896,40.000001192092896,19.65579628944397,26.512847542762756
35.00000059604645,60.0,26.665349900722504,39.817728996276855
0.0,30.0,0.4488719953224063,27.74326801300049
20.000000149011612,49.999998807907104,23.673225045204163,40.162761211395264
30.00000089406967,30.0,26.535421013832092,25.623700618743896
0.0,49.999998807907104,0.8318859525024891,30.465009212493896
20.000000149011612,0.0,23.682628870010376,12.639850974082947
80.00000059604645,30.0,68.92507374286652,25.133031606674194
-5.000000037252903,10.000000298023224,-5.602870099246502,32.24079608917236
15.000000447034836,30.0,9.432883858680725,27.98042893409729
15.000000447034836,0.0,13.274352997541428,15.98218023777008
54.99999940395355,30.0,41.0208597779274,20.410296320915222
-74.99999821186066,60.0,-63.46747577190399,47.00659990310669
-90.0,60.0,-64.6166467666626,43.792126178741455
90.0,49.999998807907104,67.49376654624939,39.58829998970032
70.0000011920929,0.0,67.37196207046509,4.458695948123932
20.000000149011612,10.000000298023224,14.16563093662262,9.199486076831818
-54.99999940395355,10.000000298023224,-57.68425226211548,12.320763766765594
-35.00000059604645,49.999998807907104,-33.04829657077789,43.81968140602112
30.00000089406967,49.999998807907104,20.101269632577896,32.468791007995605
-80.00000059604645,10.000000298023224,-70.91268718242645,8.603518903255463
35.00000059604645,60.0,20.141498744487762,24.305797219276428
-90.0,49.999998807907104,-64.38369691371918,41.228556632995605
40.000000298023224,30.0,46.74278676509857,22.029279470443726
60.00000178813934,30.0,46.79271340370178,23.51180076599121
50.00000238418579,30.0,44.86121714115143,25.50743043422699
35.00000059604645,10.000000298023224,28.182882070541382,9.343705773353577
30.00000089406967,20.000000596046448,20.237582176923752,13.835522532463074
-35.00000059604645,60.0,-26.08993023633957,38.696104288101196
-80.00000059604645,40.000001192092896,-62.044435143470764,32.72545337677002
35.00000059604645,0.0,24.485591053962708,11.298848390579224
70.0000011920929,20.000000596046448,66.67861640453339,27.41158425807953
-60.00000178813934,40.000001192092896,-38.186073303222656,22.77369797229767
5.000000037252903,49.999998807907104,0.836227610707283,35.537710189819336
-15.000000447034836,60.0,-3.3812466636300087,38.440024852752686
-10.000000074505806,0.0,-5.546086393296719,20.281062126159668
-84.99999761581421,20.000000596046448,-81.70883595943451,22.719286680221558
-30.00000089406967,30.0,-32.138346433639526,25.003173351287842
-5.000000037252903,49.999998807907104,-6.091808974742889,40.25113821029663
40.000000298023224,0.0,35.05845665931702,19.034621715545654
-64.9999988079071,0.0,-58.07376801967621,9.648451209068298
-54.99999940395355,10.000000298023224,-48.429322242736816,14.837818443775177
-45.0,20.000000596046448,-46.32928133010864,21.534463763237
-50.00000238418579,0.0,-38.14649194478989,11.298464834690094
15.000000447034836,30.0,13.574903905391693,26.99138045310974
64.9999988079071,10.000000298023224,55.47075390815735,11.199743449687958
64.9999988079071,49.999998807907104,47.54561483860016,34.86273765563965
-45.0,20.000000596046448,-40.67039430141449,22.66236662864685
-54.99999940395355,30.0,-51.25940144062042,28.486429452896118
-74.99999821186066,0.0,-60.61364829540253,9.666645526885986
-54.99999940395355,60.0,-43.25433522462845,43.891704082489014
25.000001192092896,0.0,20.287858843803406,8.90749990940094
-15.000000447034836,10.000000298023224,-11.774307489395142,20.784380435943604
-35.00000059604645,20.000000596046448,-30.17953723669052,19.96244251728058
15.000000447034836,40.000001192092896,11.9380322098732,34.35245990753174
25.000001192092896,60.0,22.543175518512726,33.806140422821045
30.00000089406967,10.000000298023224,30.895724594593048,21.176868081092834
-54.99999940395355,10.000000298023224,-49.226834177970886,11.35858029127121
-74.99999821186066,40.000001192092896,-71.46425127983093,36.36101245880127
80.00000059604645,30.0,72.07240462303162,22.687833309173584
60.00000178813934,10.000000298023224,52.44768440723419,8.73650461435318
5.000000037252903,60.0,1.9949301704764366,32.85048007965088
-5.000000037252903,30.0,-3.240007571876049,35.631630420684814
-40.000000298023224,0.0,-40.564430952072144,12.546602189540863
-84.99999761581421,49.999998807907104,-65.7599812746048,38.51680040359497
-80.00000059604645,0.0,-73.82230997085571,2.1585774421691895
0.0,10.000000298023224,0.5489423638209701,27.163047194480896
50.00000238418579,10.000000298023224,37.01275169849396,3.470657765865326
50.00000238418579,40.000001192092896,44.51855152845383,33.96659731864929
5.000000037252903,0.0,-1.2269557267427444,25.982433557510376
-84.99999761581421,60.0,-64.6261578798294,48.55533957481384
-70.0000011920929,10.000000298023224,-65.28733313083649,11.600387692451477
64.9999988079071,30.0,60.40210247039795,25.729326009750366
25.000001192092896,60.0,19.20173317193985,50.21841287612915
-5.000000037252903,40.000001192092896,-3.1460534781217575,31.737992763519287
0.0,60.0,4.200066737830639,26.854695081710815
5.000000037252903,10.000000298023224,1.482782308012247,28.06501865386963
25.000001192092896,49.999998807907104,29.908905029296875,31.123573780059814
45.0,0.0,48.595152497291565,3.973948359489441
54.99999940395355,49.999998807907104,45.298267006874084,37.56735920906067
60.00000178813934,60.0,43.33683729171753,43.73862862586975
35.00000059604645,40.000001192092896,31.865300238132477,46.20020270347595
5.000000037252903,40.000001192092896,5.686690807342529,30.07189393043518
-5.000000037252903,10.000000298023224,-5.617731548845768,23.7996643781662
-35.00000059604645,49.999998807907104,-36.31243497133255,40.35449266433716
-74.99999821186066,10.000000298023224,-65.6329733133316,15.717051029205322
-70.0000011920929,10.000000298023224,-71.61150991916656,13.0421644449234
-70.0000011920929,30.0,-61.431201696395874,24.005261063575745
10.000000074505806,30.0,9.453976079821587,28.020082712173462
50.00000238418579,60.0,43.03726941347122,48.89361619949341
64.9999988079071,20.000000596046448,52.83620774745941,22.41916537284851
54.99999940395355,30.0,48.31567704677582,22.208433151245117
15.000000447034836,49.999998807907104,10.176193043589592,35.273423194885254
-25.000001192092896,0.0,-16.92476436495781,15.454768538475037
-25.000001192092896,40.000001192092896,-27.274444699287415,27.276531457901
-80.00000059604645,60.0,-70.95913231372833,43.60644578933716
-45.0,49.999998807907104,-39.531311094760895,36.079323291778564
-40.000000298023224,49.999998807907104,-41.37774646282196,40.119863748550415
-35.00000059604645,40.000001192092896,-30.795983970165253,34.72270488739014
-10.000000074505806,0.0,-10.514476597309113,15.769951343536377
20.000000149011612,49.999998807907104,13.08872938156128,34.12034511566162
40.000000298023224,49.999998807907104,41.11621767282486,47.0069682598114
50.00000238418579,30.0,37.12434500455856,23.957290649414062
64.9999988079071,10.000000298023224,65.0798374414444,12.089887261390686
70.0000011920929,10.000000298023224,68.93135011196136,22.86055326461792
84.99999761581421,49.999998807907104,56.473068594932556,37.99545764923096
0.0,10.000000298023224,-1.8747497722506523,31.28265380859375
-30.00000089406967,49.999998807907104,-22.99715280532837,40.60645580291748
-74.99999821186066,60.0,-69.80041801929474,51.53700828552246
-15.000000447034836,20.000000596046448,-15.813903361558914,26.847896575927734
35.00000059604645,20.000000596046448,42.863051891326904,23.642733693122864
70.0000011920929,20.000000596046448,58.04569602012634,25.178747177124023
64.9999988079071,49.999998807907104,58.403229117393494,34.90498065948486
54.99999940395355,20.000000596046448,48.226354122161865,21.81585431098938
45.0,40.000001192092896,37.10724323987961,38.4709095954895
-5.000000037252903,10.000000298023224,-9.4778061658144,28.982795476913452
-30.00000089406967,30.0,-12.657234370708466,20.382433533668518
-50.00000238418579,20.000000596046448,-39.89606201648712,23.985750675201416
-64.9999988079071,30.0,-59.42312836647034,21.255719661712646
-74.99999821186066,0.0,-67.67499804496765,-0.7141685485839844
-80.00000059604645,10.000000298023224,-69.21497762203217,9.550936818122864
-54.99999940395355,49.999998807907104,-44.078181087970734,34.679564237594604
-50.00000238418579,40.000001192092896,-41.86123609542847,28.814086318016052
-5.000000037252903,20.000000596046448,-10.619023740291595,27.242068648338318
74.99999821186066,10.000000298023224,62.026153206825256,2.457248568534851
45.0,10.000000298023224,42.60079085826874,18.677954077720642
-50.00000238418579,20.000000596046448,-47.37288057804108,21.42845392227173
10.000000074505806,40.000001192092896,19.451053887605667,34.87293720245361
-40.000000298023224,0.0,-36.806076765060425,13.801116049289703
-70.0000011920929,49.999998807907104,-52.71364688873291,36.24246954917908
-40.000000298023224,49.999998807907104,-35.52604079246521,41.23350262641907
50.00000238418579,30.0,40.00130653381348,22.85950541496277
35.00000059604645,49.999998807907104,30.665711760520935,40.8287787437439
-20.000000149011612,60.0,-15.175030678510666,41.334285736083984
0.0,40.000001192092896,1.298703644424677,27.926859855651855
-35.00000059604645,49.999998807907104,-27.48192697763443,35.75186848640442
10.000000074505806,30.0,8.834509178996086,20.695806741714478
10.000000074505806,49.999998807907104,9.898851960897446,31.903553009033203
-40.000000298023224,10.000000298023224,-34.142922163009644,9.231532216072083
-84.99999761581421,10.000000298023224,-73.16940128803253,12.6032155752182
80.00000059604645,0.0,60.77013909816742,-3.0217498540878296
20.000000149011612,60.0,21.753172427415848,36.64673566818237
-30.00000089406967,60.0,-15.303964465856552,41.56241297721863
25.000001192092896,20.000000596046448,15.656611919403076,9.595843255519867
-25.000001192092896,30.0,-17.461328208446503,24.691209197044373
-25.000001192092896,40.000001192092896,-28.54912430047989,38.87351989746094
74.99999821186066,60.0,63.57811152935028,55.318357944488525
15.000000447034836,0.0,10.745398700237274,18.207895159721375
-5.000000037252903,40.000001192092896,-3.8687850907444954,36.55527949333191
-74.99999821186066,0.0,-70.40668845176697,3.0710524320602417
5.000000037252903,30.0,6.130791530013084,31.734609603881836
-90.0,49.999998807907104,-80.2919054031372,45.8783233165741
-10.000000074505806,20.000000596046448,-8.014751672744751,18.30234467983246
-80.00000059604645,49.999998807907104,-71.93427622318268,43.34303140640259
64.9999988079071,20.000000596046448,54.24927592277527,17.72215962409973
-30.00000089406967,10.000000298023224,-33.293093740940094,11.786447167396545
-25.000001192092896,10.000000298023224,-15.537914782762527,13.134665787220001
84.99999761581421,30.0,74.57437455654144,31.649082899093628
-45.0,60.0,-24.321244060993195,38.91929268836975
-30.00000089406967,40.000001192092896,-29.506659507751465,31.93657636642456
-15.000000447034836,0.0,-13.533443659543991,16.60393238067627
-25.000001192092896,60.0,-20.210750699043274,42.43032932281494
-5.000000037252903,40.000001192092896,-3.769059218466282,35.94410061836243
80.00000059604645,49.999998807907104,63.61311435699463,43.31367015838623
60.00000178813934,60.0,43.15421640872955,42.48384118080139
30.00000089406967,0.0,19.766364991664886,7.332276105880737
15.000000447034836,60.0,9.494465366005898,35.604422092437744
25.000001192092896,0.0,28.79001349210739,16.305829882621765
-25.000001192092896,30.0,-20.824477672576904,29.47161376476288
-40.000000298023224,60.0,-32.85053193569183,44.34863090515137
-10.000000074505806,0.0,-8.912649303674698,16.334583163261414
-84.99999761581421,20.000000596046448,-75.85502207279205,21.14529848098755
-60.00000178813934,20.000000596046448,-47.95984447002411,16.372048258781433
50.00000238418579,40.000001192092896,43.359915018081665,27.725806832313538
30.00000089406967,0.0,20.525168627500534,4.312024712562561
-80.00000059604645,40.000001192092896,-64.23855185508728,35.05896806716919
35.00000059604645,20.000000596046448,22.759146988391876,21.10563039779663
10.000000074505806,30.0,9.49787512421608,20.464653968811035
-60.00000178813934,10.000000298023224,-46.687023639678955,6.017923057079315
-84.99999761581421,30.0,-76.87443315982819,26.147101521492004
-64.9999988079071,49.999998807907104,-44.219243824481964,40.57144045829773
-74.99999821186066,40.000001192092896,-61.13392174243927,37.0059871673584
35.00000059604645,30.0,37.63406127691269,30.764318704605103
20.000000149011612,10.000000298023224,16.3272687792778,13.018264174461365
15.000000447034836,10.000000298023224,14.462048560380936,16.44047498703003
-15.000000447034836,40.000001192092896,-15.851467698812485,25.012900829315186
-80.00000059604645,40.000001192092896,-65.65805733203888,32.25037336349487
-64.9999988079071,30.0,-62.745789885520935,32.92510986328125
-50.00000238418579,49.999998807907104,-45.74752628803253,38.367919921875
-25.000001192092896,10.000000298023224,-17.82158374786377,27.108074426651
0.0,60.0,0.7543573714792728,28.85134220123291
25.000001192092896,60.0,23.178612291812897,26.770536303520203
54.99999940395355,0.0,53.245346546173096,10.897428095340729
70.0000011920929,10.000000298023224,54.68598783016205,14.160610735416412
25.000001192092896,60.0,18.45702052116394,23.50799560546875
5.000000037252903,10.000000298023224,4.571308940649033,26.498098969459534
-60.00000178813934,0.0,-33.02130550146103,6.599764823913574
-74.99999821186066,60.0,-77.02784478664398,51.73768401145935
45.0,30.0,51.09610855579376,22.46684432029724
45.0,49.999998807907104,35.19710272550583,27.115518450737
84.99999761581421,30.0,71.71371281147003,36.27166986465454
80.00000059604645,20.000000596046448,63.335291147232056,12.53327876329422
0.0,40.000001192092896,-2.7249744907021523,28.404622077941895
-15.000000447034836,20.000000596046448,-14.648959636688232,29.249188899993896
-84.99999761581421,30.0,-67.57440984249115,27.087814807891846
-60.00000178813934,0.0,-57.28565990924835,6.122608780860901
-15.000000447034836,49.999998807907104,-13.139699399471283,39.80769395828247
20.000000149011612,40.000001192092896,11.34524255990982,27.921302318572998
60.00000178813934,40.000001192092896,49.159473180770874,25.79857349395752
-5.000000037252903,49.999998807907104,-6.2818294018507,28.282193541526794
-10.000000074505806,20.000000596046448,-10.901552885770798,18.721582889556885
-70.0000011920929,0.0,-54.59735691547394,1.466909945011139
-74.99999821186066,20.000000596046448,-57.87298858165741,23.497238159179688
-70.0000011920929,40.000001192092896,-61.779250502586365,38.627554178237915
-60.00000178813934,0.0,-62.37705588340759,7.461685538291931
-54.99999940395355,49.999998807907104,-37.03139305114746,34.41148638725281
10.000000074505806,10.000000298023224,8.057456463575363,21.806766986846924
20.000000149011612,30.0,11.372310072183609,19.78070318698883
30.00000089406967,60.0,27.2901651263237,33.80037188529968
54.99999940395355,40.000001192092896,42.556537091732025,23.884904980659485
30.00000089406967,49.999998807907104,24.30697202682495,38.453696966171265
15.000000447034836,49.999998807907104,14.65862900018692,32.569395303726196
-10.000000074505806,0.0,-12.632406502962112,30.683562755584717
-70.0000011920929,10.000000298023224,-55.6916069984436,6.55892014503479
-30.00000089406967,0.0,-26.94326162338257,16.439244747161865
10.000000074505806,0.0,8.135458454489708,20.979137420654297
90.0,40.000001192092896,65.2944141626358,31.789326667785645
84.99999761581421,60.0,69.31435883045197,52.09152102470398
20.000000149011612,0.0,19.07061070203781,21.207591891288757
-5.000000037252903,60.0,-4.4601451233029366,25.699163675308228
-30.00000089406967,49.999998807907104,-29.447425603866577,35.97672700881958
-70.0000011920929,60.0,-60.044623017311096,40.152297019958496
-84.99999761581421,30.0,-63.3772087097168,27.43913233280182
-74.99999821186066,40.000001192092896,-66.3950264453888,37.719043493270874
84.99999761581421,49.999998807907104,63.87543976306915,37.79571533203125
50.00000238418579,10.000000298023224,43.30869823694229,12.358250319957733
35.00000059604645,49.999998807907104,34.77585643529892,48.146013021469116
40.000000298023224,20.000000596046448,37.11436986923218,22.74099111557007
-64.9999988079071,40.000001192092896,-61.34997367858887,35.76664209365845
54.99999940395355,49.999998807907104,36.961119174957275,30.741398334503174
5.000000037252903,10.000000298023224,1.371623519808054,25.914645195007324
-74.99999821186066,60.0,-65.63210427761078,42.089946269989014
45.0,40.000001192092896,30.104312002658844,25.749181509017944
-64.9999988079071,40.000001192092896,-50.97702383995056,36.391661167144775
74.99999821186066,60.0,68.39879751205444,47.734419107437134
74.99999821186066,20.000000596046448,49.18786704540253,16.716551184654236
-80.00000059604645,30.0,-61.1142772436142,26.28491699695587
25.000001192092896,40.000001192092896,19.66879963874817,29.798269271850586
50.00000238418579,0.0,43.85728508234024,7.204770147800446
45.0,10.000000298023224,44.45047974586487,22.23463475704193
40.000000298023224,0.0,23.59300285577774,3.8227397203445435
-45.0,49.999998807907104,-41.698474287986755,38.1876540184021
-70.0000011920929,40.000001192092896,-48.6919641494751,23.011624217033386
-15.000000447034836,49.999998807907104,-9.924421459436417,29.65590476989746
70.0000011920929,20.000000596046448,61.44497215747833,25.717828273773193
30.00000089406967,0.0,21.38716086745262,6.547713875770569
20.000000149011612,0.0,17.692885994911194,19.816142320632935
-25.000001192092896,20.000000596046448,-13.622149676084518,16.381981372833252
-10.000000074505806,10.000000298023224,-5.062895826995373,15.789152383804321
-70.0000011920929,10.000000298023224,-48.45196545124054,8.24809044599533
-50.00000238418579,30.0,-37.47003614902496,26.40869379043579
-90.0,60.0,-71.44716560840607,46.866806745529175
50.00000238418579,10.000000298023224,33.924297988414764,6.980047523975372
-15.000000447034836,20.000000596046448,-16.854616552591324,26.135272979736328
-45.0,20.000000596046448,-41.86879187822342,30.894720554351807
-5.000000037252903,60.0,-9.257663190364838,41.356751918792725
74.99999821186066,60.0,58.16153526306152,43.35383892059326
-30.00000089406967,49.999998807907104,-25.53198516368866,34.827085733413696
35.00000059604645,60.0,29.73749577999115,41.503998041152954
-40.000000298023224,49.999998807907104,-43.216440975666046,37.310707569122314
60.00000178813934,30.0,52.830140590667725,23.166775703430176
-40.000000298023224,60.0,-23.660972714424133,43.31842660903931
50.00000238418579,0.0,47.85611271858215,11.52079313993454
40.000000298023224,30.0,35.75062483549118,23.97451400756836
-35.00000059604645,20.000000596046448,-29.838360249996185,18.352242708206177
84.99999761581421,40.000001192092896,62.072888016700745,32.736976146698
-15.000000447034836,60.0,-10.340291932225227,31.353235244750977
-15.000000447034836,20.000000596046448,-24.18031543493271,37.59164571762085
90.0,20.000000596046448,77.13765978813171,21.021666526794434
60.00000178813934,10.000000298023224,45.54976165294647,6.614798605442047
54.99999940395355,40.000001192092896,42.52645879983902,27.099748849868774
-20.000000149011612,10.000000298023224,-5.047227032482624,17.386568784713745
-5.000000037252903,20.000000596046448,-5.578657127916813,28.79015564918518
70.0000011920929,30.0,46.238059401512146,23.76217246055603
74.99999821186066,10.000000298023224,50.54457664489746,3.6990103125572205
60.00000178813934,20.000000596046448,48.447319865226746,12.822776734828949
64.9999988079071,40.000001192092896,40.96289724111557,26.058579683303833
-40.000000298023224,40.000001192092896,-45.209614634513855,37.99362659454346
-25.000001192092896,30.0,-28.171233236789703,37.09152817726135
84.99999761581421,10.000000298023224,74.19927835464478,8.345886468887329
15.000000447034836,10.000000298023224,11.620254814624786,16.334484815597534
-5.000000037252903,30.0,-4.104061424732208,28.768283128738403
-80.00000059604645,0.0,-72.85578668117523,1.3701286911964417
60.00000178813934,30.0,56.176743507385254,24.318888187408447
50.00000238418579,20.000000596046448,43.63403677940369,23.15342903137207
-84.99999761581421,60.0,-72.62313187122345,49.14818286895752
40.000000298023224,0.0,33.031741976737976,5.389376878738403
40.000000298023224,49.999998807907104,31.17973566055298,37.56120443344116
-70.0000011920929,0.0,-61.97129666805267,10.87064802646637
5.000000037252903,20.000000596046448,2.9791634157299995,25.1065456867218
90.0,60.0,45.50383150577545,40.24434685707092
10.000000074505806,10.000000298023224,4.948928095400333,20.708579421043396
-25.000001192092896,30.0,-7.39244632422924,19.668030738830566
-20.000000149011612,49.999998807907104,-28.587058782577515,37.80498147010803
10.000000074505806,40.000001192092896,12.410794347524643,29.79130983352661
25.000001192092896,49.999998807907104,22.99225240945816,39.18560743331909
-90.0,0.0,-75.9963047504425,9.309936761856079
40.000000298023224,0.0,45.64743161201477,18.47223937511444
50.00000238418579,49.999998807907104,38.07807415723801,40.75032949447632
64.9999988079071,20.000000596046448,52.10496246814728,15.77779233455658
20.000000149011612,40.000001192092896,11.242540776729584,28.400039076805115
-15.000000447034836,60.0,-13.31872746348381,40.57326078414917
60.00000178813934,10.000000298023224,47.56355345249176,8.688301742076874
-64.9999988079071,20.000000596046448,-52.51743257045746,17.901960611343384
-60.00000178813934,49.999998807907104,-50.64941346645355,34.69996690750122
-40.000000298023224,60.0,-33.14168840646744,40.82796335220337
-45.0,10.000000298023224,-43.0016764998436,17.288687825202942
10.000000074505806,30.0,12.014913707971573,27.58674144744873
30.00000089406967,10.000000298023224,38.069477677345276,21.13026738166809
0.0,40.000001192092896,-2.021450847387314,24.824191331863403
10.000000074505806,10.000000298023224,6.067184954881668,24.598490595817566
54.99999940395355,60.0,39.09038007259369,39.47831153869629
54.99999940395355,0.0,48.35238039493561,13.192842900753021
25.000001192092896,0.0,21.43949344754219,16.895576119422913
-70.0000011920929,60.0,-47.52617418766022,28.70444118976593
-80.00000059604645,0.0,-64.3565046787262,8.551898896694183
-54.99999940395355,30.0,-53.614659905433655,24.726417660713196
-50.00000238418579,30.0,-47.89865255355835,26.837353706359863
-35.00000059604645,49.999998807907104,-34.742658734321594,43.86821150779724
-25.000001192092896,49.999998807907104,-27.05508291721344,38.00447702407837
-15.000000447034836,10.000000298023224,-13.611513376235962,30.914515256881714
15.000000447034836,0.0,18.149448931217194,13.303145170211792
20.000000149011612,49.999998807907104,25.74523150920868,32.01133131980896
64.9999988079071,10.000000298023224,53.352243304252625,11.773412525653839
64.9999988079071,49.999998807907104,40.33122360706329,26.690745949745178
90.0,10.000000298023224,64.12570059299469,15.156694650650024
80.00000059604645,49.999998807907104,63.58028948307037,37.37753391265869
74.99999821186066,0.0,52.91522562503815,1.9712519645690918
45.0,49.999998807907104,34.372500479221344,45.32641053199768
20.000000149011612,30.0,16.619370728731155,28.13885271549225
-20.000000149011612,40.000001192092896,-7.335745096206665,31.42493963241577
-40.000000298023224,0.0,-35.79465329647064,15.823910236358643
-80.00000059604645,20.000000596046448,-78.474440574646,21.71804666519165
-74.99999821186066,0.0,-61.216431856155396,13.484415113925934
-60.00000178813934,0.0,-53.800923228263855,13.629634380340576
-54.99999940395355,0.0,-46.40421688556671,4.828328490257263
-50.00000238418579,30.0,-46.67733013629913,25.5540668964386
-45.0,0.0,-44.98559653759003,21.73038125038147
-15.000000447034836,60.0,-8.83464328944683,34.58702802658081
10.000000074505806,0.0,7.433617562055588,20.507689118385315
25.000001192092896,30.0,20.995882898569107,29.14612054824829
60.00000178813934,30.0,42.18464881181717,23.99178385734558
74.99999821186066,0.0,56.05746030807495,10.266267657279968
84.99999761581421,49.999998807907104,59.24080789089203,34.710960388183594
84.99999761581421,60.0,61.49773120880127,41.66933298110962
64.9999988079071,10.000000298023224,58.51734638214111,8.782235383987427
60.00000178813934,20.000000596046448,59.85130548477173,13.149496614933014
35.00000059604645,10.000000298023224,26.663759350776672,13.546258807182312
25.000001192092896,0.0,23.57265830039978,15.734288692474365
-60.00000178813934,49.999998807907104,-38.107967376708984,28.2854962348938
-74.99999821186066,0.0,-59.830657839775085,4.109926521778107
-64.9999988079071,40.000001192092896,-52.65150010585785,29.769634008407593
10.000000074505806,49.999998807907104,6.530714258551598,35.99304914474487
30.00000089406967,60.0,18.669903427362442,25.74070930480957
54.99999940395355,30.0,42.632186114788055,24.279513359069824
30.00000089406967,20.000000596046448,34.55780625343323,24.050967693328857
10.000000074505806,30.0,10.622063353657722,22.010436058044434
-10.000000074505806,40.000001192092896,-7.623019739985466,17.06200897693634
-64.9999988079071,20.000000596046448,-42.6025664806366,15.675147771835327
-80.00000059604645,0.0,-60.12836694717407,10.114847123622894
-25.000001192092896,0.0,-29.674206376075745,26.228703260421753
-15.000000447034836,60.0,-8.005215749144554,31.588586568832397
64.9999988079071,0.0,46.519449949264526,9.404607117176056
84.99999761581421,10.000000298023224,82.93374717235565,6.565815210342407
30.00000089406967,40.000001192092896,24.348524808883667,31.778576374053955
5.000000037252903,0.0,1.5047666989266872,23.676820993423462
64.9999988079071,30.0,66.4221864938736,23.903918266296387
5.000000037252903,60.0,0.7746060378849506,30.050779581069946
30.00000089406967,30.0,21.368133276700974,25.51320791244507
10.000000074505806,0.0,6.377690210938454,19.766850471496582
54.99999940395355,60.0,37.36480504274368,50.58013558387756
-20.000000149011612,49.999998807907104,-13.795064985752106,35.869059562683105
-10.000000074505806,60.0,-13.310578912496567,39.26947832107544
-20.000000149011612,60.0,-19.217720478773117,42.062233686447144
-5.000000037252903,60.0,-13.450493663549423,40.677502155303955
45.0,20.000000596046448,41.999385952949524,25.043368935585022
-40.000000298023224,20.000000596046448,-38.922841250896454,30.41508436203003
64.9999988079071,10.000000298023224,53.930527567863464,7.72501677274704
-45.0,49.999998807907104,-40.60145080089569,43.76999616622925
-74.99999821186066,20.000000596046448,-61.680845618247986,20.38181483745575
-70.0000011920929,49.999998807907104,-57.64644384384155,45.413267612457275
0.0,40.000001192092896,2.951713018119335,28.485442399978638
-70.0000011920929,10.000000298023224,-63.722795248031616,6.465753614902496
74.99999821186066,0.0,63.962053656578064,-4.630765914916992
-60.00000178813934,10.000000298023224,-64.82232928276062,7.524413466453552
-40.000000298023224,20.000000596046448,-38.677244782447815,15.576900243759155
10.000000074505806,49.999998807907104,9.896023571491241,41.19025468826294
-80.00000059604645,49.999998807907104,-85.84997892379761,49.04014706611633
-74.99999821186066,0.0,-65.05767166614532,9.471893906593323
-35.00000059604645,0.0,-24.439636766910553,10.274659395217896
-5.000000037252903,40.000001192092896,-8.097513243556023,31.78997039794922
-50.00000238418579,10.000000298023224,-52.37624645233154,19.615740180015564
-70.0000011920929,20.000000596046448,-68.78309905529022,22.62947380542755
50.00000238418579,40.000001192092896,48.14703047275543,35.137585401535034
-80.00000059604645,30.0,-57.87052631378174,27.195040583610535
-10.000000074505806,60.0,-7.846627458930016,36.353466510772705
30.00000089406967,30.0,24.71071422100067,29.493665099143982
15.000000447034836,49.999998807907104,11.90037801861763,32.25066304206848
-20.000000149011612,20.000000596046448,-18.380881994962692,26.157878637313843
-5.000000037252903,0.0,-6.62038117647171,25.049457550048828
-40.000000298023224,40.000001192092896,-39.33424651622772,39.65575575828552
10.000000074505806,20.000000596046448,14.486836194992065,33.65023612976074
-35.00000059604645,49.999998807907104,-34.555113315582275,41.56536340713501
-5.000000037252903,40.000001192092896,-3.857821226119995,32.40160346031189
-54.99999940395355,0.0,-45.053059458732605,12.28546142578125
-15.000000447034836,10.000000298023224,-21.00338637828827,27.707226276397705
60.00000178813934,60.0,50.615859031677246,50.42215347290039
50.00000238418579,30.0,52.86065340042114,29.87190306186676
-90.0,49.999998807907104,-73.01426231861115,46.00073218345642
60.00000178813934,0.0,55.63927710056305,6.864160001277924
-25.000001192092896,10.000000298023224,-22.656498849391937,12.221128642559052
60.00000178813934,0.0,44.8655891418457,4.195466637611389
40.000000298023224,30.0,27.73814767599106,25.21790385246277
-15.000000447034836,20.000000596046448,-13.384284675121307,16.517422199249268
-80.00000059604645,49.999998807907104,-76.16157174110413,47.29305624961853
64.9999988079071,0.0,68.1250137090683,1.5705746412277222
-45.0,49.999998807907104,-44.42413240671158,53.0088472366333
-35.00000059604645,20.000000596046448,-27.66565829515457,21.684097051620483
35.00000059604645,30.0,37.14559078216553,40.21572947502136
70.0000011920929,20.000000596046448,64.958735704422,22.295039892196655
60.00000178813934,0.0,55.786170959472656,4.754444360733032
45.0,30.0,43.045460879802704,23.767508268356323
45.0,10.000000298023224,46.68162167072296,11.571923196315765
54.99999940395355,20.000000596046448,50.15232503414154,13.92838329076767
80.00000059604645,60.0,75.63247382640839,51.85311198234558
40.000000298023224,40.000001192092896,31.822983026504517,31.82375192642212
20.000000149011612,0.0,17.176423966884613,15.389376282691956
-10.000000074505806,60.0,-5.875217244029045,40.665796995162964
-25.000001192092896,30.0,-20.65128743648529,25.822187662124634
54.99999940395355,10.000000298023224,57.43332624435425,18.64900767803192
60.00000178813934,40.000001192092896,72.00219511985779,41.51033163070679
40.000000298023224,20.000000596046448,44.045458137989044,21.869900822639465
30.00000089406967,20.000000596046448,24.07375395298004,14.806548357009888
-84.99999761581421,40.000001192092896,-74.90138947963715,31.76724672317505
-84.99999761581421,60.0,-102.50589609146118,61.818809509277344
-80.00000059604645,10.000000298023224,-74.76043939590454,11.517132818698883
-5.000000037252903,30.0,-3.592979907989502,20.312461853027344
45.0,0.0,40.29954135417938,3.0044344067573547
50.00000238418579,20.000000596046448,41.181387305259705,14.432787895202637
64.9999988079071,60.0,52.320000529289246,53.38593006134033
74.99999821186066,60.0,56.02048337459564,46.87345504760742
80.00000059604645,60.0,71.96102321147919,52.38946795463562
74.99999821186066,0.0,65.92558085918427,-1.9164597988128662
40.000000298023224,30.0,33.743653893470764,24.395939111709595
-15.000000447034836,10.000000298023224,-16.593217849731445,26.48597002029419
-54.99999940395355,0.0,-52.03651249408722,14.997771978378296
-70.0000011920929,60.0,-64.42374765872955,58.50392818450928
-84.99999761581421,40.000001192092896,-75.3262460231781,31.008660793304443
-60.00000178813934,40.000001192092896,-49.50208246707916,27.983763813972473
-35.00000059604645,10.000000298023224,-32.11769878864288,19.18389916419983
40.000000298023224,30.0,45.23528337478638,30.63988208770752
50.00000238418579,0.0,52.48650670051575,11.057199239730835
64.9999988079071,60.0,42.40251660346985,44.47242736816406
45.0,20.000000596046448,47.08284795284271,22.15163826942444
40.000000298023224,20.000000596046448,42.33653426170349,14.592397212982178
-20.000000149011612,60.0,-6.533916816115379,37.31829285621643
-25.000001192092896,10.000000298023224,-30.41100651025772,23.781684637069702
-70.0000011920929,10.000000298023224,-43.468906581401825,10.659363269805908
-84.99999761581421,49.999998807907104,-71.44234836101532,40.77444076538086
-70.0000011920929,10.000000298023224,-77.18724310398102,7.362390160560608
-5.000000037252903,0.0,-14.215261191129684,28.055115938186646
-25.000001192092896,40.000001192092896,-15.763169378042221,27.862390279769897
20.000000149011612,60.0,14.415919929742813,36.62874698638916
-45.0,0.0,-50.36125838756561,11.06837511062622
70.0000011920929,40.000001192092896,67.48766720294952,30.59452772140503
25.000001192092896,30.0,21.16679459810257,19.188612699508667
45.0,60.0,40.45522212982178,44.16183114051819
25.000001192092896,0.0,17.95393869280815,10.525558590888977
-25.000001192092896,0.0,-23.370154201984406,16.800379157066345
-45.0,40.000001192092896,-39.64246988296509,33.743934631347656
54.99999940395355,20.000000596046448,43.50944548845291,18.571191430091858
80.00000059604645,0.0,83.63659858703613,3.253624141216278
60.00000178813934,30.0,55.151501297950745,30.874786376953125
70.0000011920929,0.0,54.65725600719452,6.605320572853088
-20.000000149011612,40.000001192092896,-24.950957000255585,40.75007200241089
-10.000000074505806,49.999998807907104,-2.158721275627613,40.33958673477173
-30.00000089406967,0.0,-29.454774856567383,15.589996576309204
15.000000447034836,49.999998807907104,12.137783020734787,30.365688800811768
-74.99999821186066,49.999998807907104,-73.5305392742157,38.80027413368225
20.000000149011612,20.000000596046448,14.354289472103119,14.234913289546967
-45.0,60.0,-39.551677107810974,46.49022102355957
74.99999821186066,40.000001192092896,66.42463266849518,29.377943873405457
-80.00000059604645,30.0,-70.73135912418365,25.867297053337097
-10.000000074505806,49.999998807907104,-6.711737215518951,34.59487795829773
-40.000000298023224,10.000000298023224,-31.960489153862,18.217438459396362
-40.000000298023224,20.000000596046448,-46.961456537246704,37.36715912818909
-80.00000059604645,20.000000596046448,-82.22846567630768,20.610600113868713
-25.000001192092896,49.999998807907104,-22.44231641292572,34.39762830734253
-50.00000238418579,10.000000298023224,-50.86070716381073,14.452830255031586
-50.00000238418579,0.0,-40.5930233001709,8.99757295846939
30.00000089406967,49.999998807907104,27.955532670021057,38.76831293106079
-60.00000178813934,40.000001192092896,-40.05343794822693,24.19798493385315
74.99999821186066,10.000000298023224,72.89873957633972,1.8958255648612976
-5.000000037252903,60.0,-8.845248743891716,35.51132798194885
80.00000059604645,10.000000298023224,83.05252611637115,11.706975102424622
-15.000000447034836,20.000000596046448,-8.297154083848,16.301169991493225
-74.99999821186066,30.0,-64.242462515831,28.17180633544922
-54.99999940395355,20.000000596046448,-55.54360270500183,22.458103895187378
-20.000000149011612,60.0,-9.283532425761223,43.4015679359436
45.0,60.0,30.89667946100235,46.099780797958374
-5.000000037252903,40.000001192092896,-5.4384781792759895,33.78912091255188
50.00000238418579,20.000000596046448,59.40140783786774,25.67947268486023
-84.99999761581421,60.0,-87.6870721578598,60.84033966064453
-20.000000149011612,20.000000596046448,-20.91270223259926,19.985575675964355
-50.00000238418579,40.000001192092896,-50.02093434333801,35.74054956436157
20.000000149011612,60.0,17.44182050228119,44.582791328430176
0.0,10.000000298023224,2.2937471978366375,26.81431531906128
54.99999940395355,60.0,47.20480799674988,52.61776328086853
-25.000001192092896,0.0,-18.41793403029442,11.19858205318451
60.00000178813934,0.0,58.96537721157074,-0.08944094181060791
-20.000000149011612,0.0,-25.518670678138733,22.988950610160828
-30.00000089406967,0.0,-27.38568663597107,12.923690378665924
-54.99999940395355,30.0,-52.601686120033264,28.94424319267273
-40.000000298023224,0.0,-38.81933480501175,20.126255750656128
-70.0000011920929,20.000000596046448,-64.2202377319336,13.361709415912628
54.99999940395355,60.0,44.81533795595169,41.65170907974243
30.00000089406967,60.0,16.838841140270233,43.374348878860474
-20.000000149011612,40.000001192092896,-20.176862329244614,34.524346590042114
74.99999821186066,40.000001192092896,69.07916128635406,30.177054405212402
-54.99999940395355,20.000000596046448,-58.82836997509003,23.046889901161194
64.9999988079071,20.000000596046448,70.55234849452972,15.016289949417114
70.0000011920929,30.0,59.03351068496704,24.17740523815155
-60.00000178813934,10.000000298023224,-69.10909473896027,12.919304072856903
64.9999988079071,20.000000596046448,65.5335921049118,16.59039795398712
-70.0000011920929,0.0,-66.19077622890472,5.472589731216431
-10.000000074505806,0.0,-9.476794973015785,20.205366611480713
-74.99999821186066,10.000000298023224,-61.18568301200867,10.55383712053299
20.000000149011612,60.0,14.265834242105484,27.659729719161987
-20.000000149011612,20.000000596046448,-14.667162448167801,13.691080212593079
-25.000001192092896,60.0,-20.01223772764206,45.57171821594238
-35.00000059604645,40.000001192092896,-31.62639856338501,34.26811337471008
-90.0,40.000001192092896,-79.50773477554321,40.51150560379028
-74.99999821186066,10.000000298023224,-79.94557321071625,13.54604959487915
20.000000149011612,10.000000298023224,14.952503889799118,11.874046325683594
84.99999761581421,60.0,66.20766341686249,55.46179533004761
-74.99999821186066,20.000000596046448,-72.47493982315063,18.44736635684967
-20.000000149011612,20.000000596046448,-15.422066152095795,24.527708888053894
15.000000447034836,49.999998807907104,22.48314768075943,46.40068531036377
70.0000011920929,0.0,83.93872261047363,-4.0434300899505615
-60.00000178813934,40.000001192092896,-44.07444477081299,32.10862755775452
-80.00000059604645,10.000000298023224,-71.581512093544,10.289230048656464
5.000000037252903,0.0,0.9432497620582581,24.279645681381226
30.00000089406967,10.000000298023224,17.124362289905548,6.7676809430122375
-54.99999940395355,20.000000596046448,-51.71759247779846,16.164944171905518
30.00000089406967,60.0,17.21794456243515,40.727477073669434
90.0,20.000000596046448,86.49829566478729,15.897851586341858
84.99999761581421,10.000000298023224,82.65736162662506,5.0750792026519775
15.000000447034836,30.0,10.336228385567665,27.18326210975647
-20.000000149011612,10.000000298023224,-8.49183551967144,15.818939208984375
-5.000000037252903,20.000000596046448,-10.056230574846268,35.46889901161194
20.000000149011612,20.000000596046448,20.523313879966736,24.336392283439636
45.0,20.000000596046448,43.68557542562485,23.985743522644043
-40.000000298023224,60.0,-24.480087161064148,47.05042004585266
-30.00000089406967,49.999998807907104,-28.03285539150238,36.177603006362915
10.000000074505806,0.0,8.472912535071373,18.643428683280945
10.000000074505806,30.0,4.08191341906786,27.326542139053345
35.00000059604645,30.0,40.55011600255966,37.7654242515564
40.000000298023224,60.0,26.594322323799133,45.92691779136658
50.00000238418579,49.999998807907104,36.75465613603592,35.72614789009094
35.00000059604645,60.0,14.61008906364441,32.19830274581909
-35.00000059604645,40.000001192092896,-31.508204340934753,33.12125086784363
-64.9999988079071,20.000000596046448,-65.42764484882355,23.349046111106873
-50.00000238418579,20.000000596046448,-64.85759496688843,27.21796452999115
-35.00000059604645,20.000000596046448,-24.986882507801056,20.139876008033752
-5.000000037252903,10.000000298023224,0.6393228331580758,23.61642301082611
40.000000298023224,40.000001192092896,46.859779357910156,42.21814513206482
70.0000011920929,0.0,60.69940388202667,9.390049874782562
90.0,40.000001192092896,80.09545505046844,31.359214782714844
-20.000000149011612,0.0,-18.404708057641983,14.147181808948517
-20.000000149011612,60.0,-7.80132494866848,29.469923973083496
-50.00000238418579,40.000001192092896,-40.96869885921478,32.97661542892456
-50.00000238418579,49.999998807907104,-47.01247751712799,40.70986032485962
-74.99999821186066,10.000000298023224,-83.33918452262878,11.833401918411255
-50.00000238418579,0.0,-51.84469163417816,19.47417140007019
60.00000178813934,30.0,56.490610241889954,19.522976875305176
-10.000000074505806,0.0,-7.517999857664108,14.896920919418335
-15.000000447034836,40.000001192092896,-6.782527416944504,27.659971117973328
-74.99999821186066,49.999998807907104,-69.4227522611618,47.68399000167847
-60.00000178813934,40.000001192092896,-58.836164474487305,40.85484266281128
-20.000000149011612,49.999998807907104,-24.910310804843903,34.420573711395264
10.000000074505806,0.0,5.00478308647871,17.431780099868774
25.000001192092896,60.0,17.971960455179214,30.675240755081177
35.00000059604645,10.000000298023224,30.29601216316223,15.457223653793335
64.9999988079071,60.0,42.12627857923508,34.75943326950073
45.0,60.0,37.62711971998215,40.126540660858154
30.00000089406967,0.0,32.58769690990448,12.986898422241211
0.0,20.000000596046448,3.696952387690544,27.25300133228302
0.0,60.0,2.123315781354904,27.05455183982849
-54.99999940395355,60.0,-37.71352171897888,42.29367971420288
-70.0000011920929,20.000000596046448,-60.568243861198425,28.114231824874878
-80.00000059604645,60.0,-84.23867404460907,61.413917541503906
-15.000000447034836,49.999998807907104,-18.53970095515251,34.391276836395264
40.000000298023224,40.000001192092896,46.2736576795578,40.31888723373413
-64.9999988079071,40.000001192092896,-56.06756150722504,33.727662563323975
-90.0,10.000000298023224,-89.19812679290771,6.312406361103058
-35.00000059604645,30.0,-37.76673138141632,31.267554759979248
-15.000000447034836,30.0,-11.777000427246094,30.299956798553467
35.00000059604645,30.0,33.860517740249634,27.30744481086731
-70.0000011920929,60.0,-58.44294190406799,53.50804567337036
-64.9999988079071,40.000001192092896,-56.49219274520874,38.2242751121521
40.000000298023224,20.000000596046448,33.15969944000244,19.70686912536621
-74.99999821186066,40.000001192092896,-65.1795244216919,35.71835160255432
-54.99999940395355,20.000000596046448,-52.43602752685547,18.466009497642517
60.00000178813934,30.0,54.10509645938873,31.95265531539917
25.000001192092896,49.999998807907104,20.170658379793167,47.134902477264404
-45.0,10.000000298023224,-47.50361144542694,20.9693044424057
60.00000178813934,20.000000596046448,65.56305348873138,14.52928751707077
20.000000149011612,30.0,17.78769537806511,34.841798543930054
-45.0,10.000000298023224,-37.53636181354523,13.05339127779007
20.000000149011612,10.000000298023224,11.040853410959244,12.215677499771118
80.00000059604645,49.999998807907104,69.9513190984726,41.23269438743591
60.00000178813934,0.0,63.860376477241516,4.997798502445221
-30.00000089406967,20.000000596046448,-16.205759346485138,14.358476400375366
-50.00000238418579,60.0,-46.61698579788208,52.16881513595581
0.0,20.000000596046448,3.427836634218693,28.3360755443573
80.00000059604645,0.0,82.85737931728363,3.0853915214538574
-84.99999761581421,0.0,-61.33816659450531,6.074437201023102
-64.9999988079071,10.000000298023224,-69.92438971996307,1.99651300907135
-10.000000074505806,30.0,-11.324248909950256,33.824379444122314
-20.000000149011612,49.999998807907104,-29.80542540550232,47.0120894908905
35.00000059604645,0.0,29.09800887107849,10.12722373008728
-35.00000059604645,40.000001192092896,-29.92199957370758,38.30408334732056
90.0,49.999998807907104,66.4431881904602,43.85142803192139
15.000000447034836,20.000000596046448,13.148837685585022,26.304609775543213
-40.000000298023224,20.000000596046448,-53.08418333530426,31.79753065109253
-80.00000059604645,49.999998807907104,-77.89959490299225,46.19947671890259
-60.00000178813934,30.0,-52.92619049549103,26.9490909576416
-54.99999940395355,20.000000596046448,-44.40482318401337,16.448158621788025
50.00000238418579,20.000000596046448,55.56802153587341,28.121325373649597
35.00000059604645,60.0,29.30537849664688,40.28648257255554
25.000001192092896,49.999998807907104,28.44076305627823,45.92222571372986
-60.00000178813934,20.000000596046448,-50.856603384017944,19.06079649925232
-20.000000149011612,10.000000298023224,-13.658114075660706,9.827505648136139
0.0,20.000000596046448,0.4704532166942954,27.835532426834106
25.000001192092896,20.000000596046448,24.154362380504608,25.51551640033722
45.0,60.0,31.398177444934845,46.68067216873169
54.99999940395355,10.000000298023224,48.811386823654175,13.468649983406067
70.0000011920929,60.0,64.92778837680817,49.530590772628784
35.00000059604645,0.0,36.87505781650543,5.8563342690467834
30.00000089406967,0.0,32.05803573131561,19.218397736549377
25.000001192092896,49.999998807907104,25.475098192691803,47.61977791786194
5.000000037252903,60.0,0.20101836416870356,31.731913089752197
-20.000000149011612,10.000000298023224,-14.063800871372223,20.771044492721558
-30.00000089406967,49.999998807907104,-38.318944573402405,41.49594783782959
-54.99999940395355,10.000000298023224,-43.36705505847931,11.910097002983093
-90.0,60.0,-92.53130793571472,56.96895718574524
-84.99999761581421,0.0,-61.6955441236496,6.911307871341705
-84.99999761581421,10.000000298023224,-80.73195397853851,8.459622859954834
-30.00000089406967,49.999998807907104,-42.33373939990997,49.83759641647339
60.00000178813934,10.000000298023224,62.70968198776245,6.389193534851074
74.99999821186066,10.000000298023224,79.66787874698639,16.079682111740112
84.99999761581421,0.0,74.4841343164444,-3.3767884969711304
84.99999761581421,30.0,103.48612546920776,32.2964608669281
84.99999761581421,60.0,81.0516893863678,49.39203858375549
80.00000059604645,20.000000596046448,82.88102567195892,15.576660633087158
74.99999821186066,0.0,67.48445928096771,-4.508255124092102
64.9999988079071,40.000001192092896,45.13801574707031,28.59399139881134
-74.99999821186066,40.000001192092896,-73.35534274578094,34.10840034484863
-40.000000298023224,30.0,-49.34061884880066,26.26857876777649
0.0,20.000000596046448,2.832951843738556,28.237722516059875
30.00000089406967,20.000000596046448,35.24047940969467,28.77689480781555
70.0000011920929,40.000001192092896,57.903555035591125,36.049418449401855
54.99999940395355,10.000000298023224,54.00230884552002,15.927586555480957
45.0,30.0,49.95127201080322,31.246730089187622
35.00000059604645,20.000000596046448,52.51263678073883,33.86178374290466
-25.000001192092896,60.0,-20.737725645303726,42.07846283912659
-54.99999940395355,20.000000596046448,-48.49890410900116,16.36022686958313
-80.00000059604645,49.999998807907104,-72.05214321613312,41.56418323516846
-64.9999988079071,60.0,-74.01351392269135,52.657259702682495
15.000000447034836,40.000001192092896,14.969953000545502,37.400572299957275
40.000000298023224,0.0,37.51831591129303,16.832054257392883
70.0000011920929,0.0,59.61922466754913,6.878508925437927
84.99999761581421,49.999998807907104,76.5958160161972,42.06510543823242
50.00000238418579,60.0,33.56714576482773,49.52539086341858
10.000000074505806,40.000001192092896,16.87437504529953,33.447604179382324
-25.000001192092896,10.000000298023224,-26.563632488250732,17.119317054748535
-80.00000059604645,30.0,-88.8601952791214,28.684065341949463
-64.9999988079071,30.0,-62.96085476875305,31.995452642440796
-50.00000238418579,10.000000298023224,-34.413897693157196,10.270847976207733
-45.0,0.0,-33.14385563135147,11.289412379264832
-45.0,40.000001192092896,-53.32946598529816,39.41798686981201
-35.00000059604645,10.000000298023224,-29.336749613285065,10.017118155956268
-20.000000149011612,30.0,-21.25707909464836,36.32670521736145
-10.000000074505806,0.0,-8.217519968748093,15.030380487442017
5.000000037252903,20.000000596046448,6.0889832675457,27.72598922252655
-84.99999761581421,40.000001192092896,-69.23336684703827,31.177968978881836
-90.0,20.000000596046448,-86.21508121490479,17.567115426063538
-50.00000238418579,30.0,-47.64290928840637,26.36885404586792
-30.00000089406967,0.0,-25.140575766563416,12.874453961849213
5.000000037252903,10.000000298023224,5.90589165687561,25.193030834197998
0.0,0.0,1.414679680019617,31.843786239624023
-30.00000089406967,49.999998807907104,-34.0559783577919,45.77544808387756
-74.99999821186066,60.0,-72.86806046962738,56.65766358375549
-54.99999940395355,49.999998807907104,-42.90405482053757,34.64414119720459
-5.000000037252903,49.999998807907104,-10.287394747138023,36.265411376953125
70.0000011920929,0.0,71.4402025938034,0.3131139278411865
-54.99999940395355,30.0,-39.07630115747452,19.06765043735504
40.000000298023224,30.0,42.17480510473251,23.314794301986694
40.000000298023224,49.999998807907104,42.27916181087494,45.08314847946167
-45.0,0.0,-38.60665440559387,6.442228853702545
0.0,49.999998807907104,2.6504390873014927,29.401473999023438
-30.00000089406967,10.000000298023224,-24.321177005767822,11.970292925834656
-10.000000074505806,60.0,-9.677700474858284,46.22823715209961
-5.000000037252903,40.000001192092896,-6.996352449059486,30.77874183654785
54.99999940395355,49.999998807907104,48.63531053066254,45.53667426109314
-64.9999988079071,0.0,-66.8000990152359,-3.210010528564453
45.0,20.000000596046448,33.301910161972046,21.963400840759277
45.0,20.000000596046448,44.86902505159378,26.79933249950409
40.000000298023224,20.000000596046448,31.78347408771515,22.2265487909317
25.000001192092896,40.000001192092896,25.4344841837883,40.90252876281738
-35.00000059604645,0.0,-28.26007604598999,12.21847414970398
40.000000298023224,20.000000596046448,42.2556146979332,22.692872285842896
25.000001192092896,49.999998807907104,25.89076280593872,33.74640941619873
0.0,0.0,2.2495197504758835,28.27319025993347
35.00000059604645,40.000001192092896,38.474139869213104,41.07700824737549
64.9999988079071,40.000001192092896,68.22492063045502,30.695714950561523
-20.000000149011612,60.0,-12.865291982889175,48.64694952964783
10.000000074505806,40.000001192092896,9.033097922801971,34.377336502075195
45.0,49.999998807907104,47.13932454586029,36.36608362197876
-25.000001192092896,10.000000298023224,-17.27659910917282,8.750773966312408
20.000000149011612,20.000000596046448,17.838194668293,15.161114931106567
54.99999940395355,0.0,49.893534779548645,14.226000308990479
20.000000149011612,10.000000298023224,12.33554095029831,12.323901057243347
80.00000059604645,10.000000298023224,81.6205483675003,9.722460508346558
-15.000000447034836,0.0,-11.94197103381157,16.74860715866089
-10.000000074505806,49.999998807907104,-11.68650135397911,40.0188946723938
20.000000149011612,49.999998807907104,18.879813104867935,45.34390211105347
-5.000000037252903,49.999998807907104,-8.731531128287315,32.4561882019043
-80.00000059604645,20.000000596046448,-86.28488302230835,18.016895055770874
35.00000059604645,60.0,30.183168947696686,40.90997815132141
45.0,49.999998807907104,38.33009988069534,37.20290780067444
-40.000000298023224,0.0,-45.670305490493774,21.166352033615112
-84.99999761581421,40.000001192092896,-72.9498839378357,35.73595404624939
25.000001192092896,0.0,22.91215091943741,5.677916407585144
-35.00000059604645,10.000000298023224,-42.345176339149475,17.10663914680481
-25.000001192092896,30.0,-22.875801622867584,32.605648040771484
-64.9999988079071,40.000001192092896,-64.61952745914459,34.19624447822571
-64.9999988079071,49.999998807907104,-53.588690757751465,42.06982612609863
-60.00000178813934,40.000001192092896,-50.58574855327606,32.94297695159912
84.99999761581421,20.000000596046448,67.60330259799957,17.679258584976196
-10.000000074505806,60.0,-13.215006440877914,40.54688572883606
90.0,60.0,76.39098107814789,54.76642727851868
20.000000149011612,10.000000298023224,16.52878448367119,10.074421763420105
30.00000089406967,20.000000596046448,29.16473686695099,21.16249680519104
-80.00000059604645,10.000000298023224,-87.64319121837616,5.843303203582764
-60.00000178813934,40.000001192092896,-46.30753934383392,36.50339126586914
5.000000037252903,0.0,2.7314273826777935,23.973559141159058
-54.99999940395355,20.000000596046448,-53.700571060180664,23.65332841873169
35.00000059604645,0.0,31.19534343481064,13.054982721805573
74.99999821186066,10.000000298023224,75.35450041294098,11.527597904205322
80.00000059604645,60.0,74.0379273891449,55.20996451377869
54.99999940395355,49.999998807907104,47.60307312011719,43.34060311317444
-50.00000238418579,40.000001192092896,-46.116480231285095,32.92131185531616
-15.000000447034836,60.0,-9.529362246394157,36.17542505264282
90.0,60.0,85.25131523609161,61.91451072692871
60.00000178813934,40.000001192092896,69.89117860794067,39.509403705596924
45.0,30.0,52.278324365615845,34.43539381027222
-74.99999821186066,20.000000596046448,-71.8506932258606,17.410653233528137
84.99999761581421,40.000001192092896,77.51204788684845,31.286773681640625
70.0000011920929,20.000000596046448,76.92878544330597,20.40685772895813
35.00000059604645,49.999998807907104,47.92083978652954,49.27933216094971
64.9999988079071,49.999998807907104,56.83574080467224,45.82394599914551
50.00000238418579,0.0,53.85393977165222,25.320099592208862
45.0,10.000000298023224,53.99350583553314,28.56721043586731
-30.00000089406967,10.000000298023224,-33.35563212633133,14.51192557811737
-20.000000149011612,10.000000298023224,-21.4008991420269,19.801762104034424
-20.000000149011612,20.000000596046448,-26.530383825302124,33.3569598197937
25.000001192092896,30.0,20.935358852148056,24.174846410751343
-84.99999761581421,30.0,-88.58969449996948,29.338048696517944
-10.000000074505806,40.000001192092896,-9.865113124251366,32.73417949676514
15.000000447034836,60.0,8.657236620783806,34.90908622741699
60.00000178813934,20.000000596046448,46.9025981426239,13.147918581962585
84.99999761581421,30.0,89.01701331138611,23.97831380367279
25.000001192092896,30.0,27.488353550434113,29.175342321395874
-30.00000089406967,60.0,-25.19200712442398,56.65709137916565
84.99999761581421,0.0,92.74115324020386,-6.649450063705444
30.00000089406967,20.000000596046448,29.185127019882202,14.004185199737549
-84.99999761581421,10.000000298023224,-82.50439524650574,8.466796875
-64.9999988079071,60.0,-44.16554868221283,45.11127948760986
5.000000037252903,30.0,1.2336701340973377,24.863576889038086
54.99999940395355,40.000001192092896,58.35956811904907,34.84426975250244
-25.000001192092896,20.000000596046448,-15.866406261920929,21.738771200180054
-20.000000149011612,40.000001192092896,-20.51004096865654,43.980900049209595
35.00000059604645,49.999998807907104,37.240025997161865,40.45889854431152
45.0,49.999998807907104,47.789137959480286,44.31126952171326
54.99999940395355,49.999998807907104,48.71092200279236,39.02132749557495
74.99999821186066,30.0,87.14077055454254,25.046254992485046
70.0000011920929,60.0,69.78138506412506,54.067429304122925
54.99999940395355,10.000000298023224,58.69190454483032,16.820295453071594
-40.000000298023224,49.999998807907104,-35.19193410873413,39.00729060173035
-54.99999940395355,20.000000596046448,-47.27886915206909,21.350523233413696
-90.0,20.000000596046448,-94.1572630405426,19.33089315891266
-74.99999821186066,60.0,-67.45357096195221,50.32254695892334
-30.00000089406967,60.0,-33.13268154859543,53.24666976928711
-25.000001192092896,0.0,-32.900442481040955,22.377512454986572
-25.000001192092896,60.0,-20.538559556007385,40.6421685218811
-20.000000149011612,0.0,-28.666331470012665,33.418904542922974
-5.000000037252903,30.0,-14.342126995325089,36.29944324493408
20.000000149011612,10.000000298023224,18.477760702371597,16.066530346870422
54.99999940395355,10.000000298023224,65.4300320148468,13.83219838142395
74.99999821186066,0.0,70.10868430137634,-0.9509986639022827
40.000000298023224,20.000000596046448,44.456074833869934,20.135618448257446
35.00000059604645,60.0,24.99213695526123,35.61804413795471
0.0,0.0,3.2455822080373764,28.378867506980896
-54.99999940395355,30.0,-54.982940554618835,35.28647303581238
-90.0,30.0,-78.50986182689667,25.149779319763184
-84.99999761581421,49.999998807907104,-71.80884003639221,42.15709447860718
-70.0000011920929,20.000000596046448,-66.21912717819214,19.830325841903687
-45.0,30.0,-46.94808304309845,29.370145797729492
-10.000000074505806,10.000000298023224,-1.5484003722667694,15.48025131225586
5.000000037252903,0.0,2.6562609896063805,24.81305480003357
15.000000447034836,0.0,-0.37362664472311735,15.688900351524353
35.00000059604645,10.000000298023224,32.525032460689545,13.927109241485596
45.0,60.0,49.63025987148285,62.65269756317139
80.00000059604645,60.0,77.8376305103302,61.33091926574707
90.0,30.0,80.79655766487122,23.336273431777954
35.00000059604645,10.000000298023224,39.61172640323639,9.159947633743286
-35.00000059604645,0.0,-40.71514964103699,14.46909248828888
-84.99999761581421,0.0,-85.09848296642303,-5.480092763900757
-40.000000298023224,49.999998807907104,-44.8823744058609,47.68226981163025
-30.00000089406967,30.0,-31.826555728912354,29.96604859828949
-10.000000074505806,60.0,-16.778620183467865,36.52142286300659
5.000000037252903,49.999998807907104,5.61729870736599,33.42843532562256
80.00000059604645,60.0,68.821781873703,54.97691988945007
80.00000059604645,60.0,74.74286556243896,47.92184829711914
0.0,60.0,1.557557936757803,33.900636434555054
-25.000001192092896,60.0,-20.83244115114212,55.04506230354309
-60.00000178813934,0.0,-66.22789263725281,-0.23335039615631104
-64.9999988079071,0.0,-59.293819069862366,3.3436864614486694
-90.0,60.0,-82.21212029457092,53.62569451332092
-84.99999761581421,30.0,-83.74156415462494,28.369299173355103
-70.0000011920929,40.000001192092896,-66.28126859664917,36.96776032447815
-30.00000089406967,20.000000596046448,-19.477267116308212,21.750476360321045
35.00000059604645,10.000000298023224,29.6553236246109,13.385993242263794
-90.0,10.000000298023224,-80.33968091011047,8.530207872390747
-64.9999988079071,0.0,-61.533071994781494,8.330802619457245
-40.000000298023224,20.000000596046448,-28.866365253925323,24.531506896018982
-25.000001192092896,60.0,-11.481254696846008,36.65118455886841
35.00000059604645,30.0,33.13955336809158,31.786458492279053
45.0,20.000000596046448,37.68489181995392,18.90730619430542
-15.000000447034836,60.0,-8.151217103004456,38.30697298049927
-40.000000298023224,20.000000596046448,-22.009857147932053,23.01355540752411
45.0,60.0,33.13303828239441,38.42520833015442
-5.000000037252903,10.000000298023224,-4.4356585666537285,28.858936429023743
60.00000178813934,60.0,44.77869898080826,49.8009467124939
80.00000059604645,40.000001192092896,57.74721443653107,28.55229914188385
60.00000178813934,49.999998807907104,54.71361458301544,31.54777765274048
40.000000298023224,0.0,47.422351241111755,24.059227108955383
60.00000178813934,30.0,53.90014886856079,23.660227060317993
-70.0000011920929,30.0,-61.44927442073822,24.121593832969666
-25.000001192092896,60.0,-14.826818257570267,40.57376503944397
-40.000000298023224,30.0,-31.571212112903595,28.93739640712738
64.9999988079071,40.000001192092896,48.94912362098694,27.616735696792603
0.0,10.000000298023224,1.5666119009256363,30.221092700958252
-20.000000149011612,20.000000596046448,-12.277501970529556,18.643544912338257
-60.00000178813934,30.0,-46.309245228767395,24.04304802417755
5.000000037252903,0.0,5.124934650957584,26.28229558467865
70.0000011920929,30.0,64.18928503990173,25.526331067085266
74.99999821186066,49.999998807907104,56.75709843635559,37.348501682281494
74.99999821186066,30.0,70.23899674415588,26.75328254699707
-50.00000238418579,30.0,-50.113046765327454,32.62970209121704
25.000001192092896,60.0,12.493877112865448,47.06102728843689
5.000000037252903,49.999998807907104,2.68861697986722,35.24323582649231
45.0,20.000000596046448,37.55321949720383,24.847168922424316
35.00000059604645,0.0,32.06324189901352,19.916701912879944
-64.9999988079071,0.0,-62.897377610206604,0.8935761451721191
20.000000149011612,40.000001192092896,9.22924518585205,42.24831819534302
80.00000059604645,0.0,77.75554955005646,5.291115045547485
45.0,40.000001192092896,39.86209452152252,37.07408308982849
20.000000149011612,49.999998807907104,11.074298545718193,38.26627850532532
54.99999940395355,10.000000298023224,51.98632299900055,10.280186533927917
74.99999821186066,30.0,66.83256983757019,25.692468881607056
25.000001192092896,49.999998807907104,22.403829395771027,42.596529722213745
0.0,60.0,3.6617467179894447,26.63142442703247
-40.000000298023224,60.0,-28.645788431167603,45.657838582992554
-74.99999821186066,0.0,-75.54326355457306,-2.536318302154541
-90.0,20.000000596046448,-83.8928085565567,19.576631784439087
5.000000037252903,10.000000298023224,2.7614468336105347,24.364818334579468
84.99999761581421,0.0,71.59583508968353,0.7355314493179321
-15.000000447034836,20.000000596046448,-14.414427280426025,28.46346616744995
-84.99999761581421,60.0,-68.75438868999481,56.38721466064453
-5.000000037252903,40.000001192092896,-6.518197059631348,38.43334436416626
-20.000000149011612,20.000000596046448,-14.028689414262772,17.05361545085907
-25.000001192092896,60.0,-15.330665856599808,44.48097467422485
5.000000037252903,0.0,3.8104651495814323,28.688843250274658
25.000001192092896,49.999998807907104,31.904747486114502,49.58787560462952
60.00000178813934,20.000000596046448,60.619184374809265,13.307287395000458
30.00000089406967,10.000000298023224,29.226859509944916,11.697244048118591
-15.000000447034836,40.000001192092896,-8.601508364081383,29.55874264240265
-70.0000011920929,10.000000298023224,-43.85386526584625,12.077312171459198
-84.99999761581421,10.000000298023224,-74.67503249645233,8.388671278953552
-64.9999988079071,10.000000298023224,-67.2646951675415,13.6567023396492
-60.00000178813934,0.0,-52.837125062942505,6.938828229904175
-54.99999940395355,10.000000298023224,-51.67745053768158,14.68249261379242
-54.99999940395355,60.0,-46.52929365634918,43.081161975860596
10.000000074505806,49.999998807907104,15.293843150138855,39.555805921554565
60.00000178813934,20.000000596046448,37.527145743370056,19.367950558662415
84.99999761581421,20.000000596046448,66.5568333864212,20.401137471199036
70.0000011920929,49.999998807907104,45.56388080120087,29.762097001075745
0.0,30.0,2.7975401468575,28.92625093460083
-35.00000059604645,30.0,-26.271011531352997,16.349977254867554
-40.000000298023224,20.000000596046448,-30.34856468439102,26.28296971321106
-54.99999940395355,20.000000596046448,-46.73764228820801,22.341195344924927
-74.99999821186066,0.0,-64.05253529548645,0.7353410124778748
-90.0,20.000000596046448,-73.38767945766449,18.340022563934326
-90.0,40.000001192092896,-80.37616431713104,26.138970851898193
70.0000011920929,30.0,68.69609892368317,27.28999972343445
20.000000149011612,20.000000596046448,22.3281267285347,26.702502965927124
-15.000000447034836,49.999998807907104,-6.126013174653053,30.969218015670776
-45.0,0.0,-41.87679827213287,9.070774912834167
-20.000000149011612,10.000000298023224,-16.091375201940536,23.45774531364441
5.000000037252903,30.0,1.4662082679569721,27.51979351043701
45.0,49.999998807907104,32.123615741729736,35.86591958999634
45.0,60.0,48.609110713005066,54.300971031188965
84.99999761581421,0.0,73.924121260643,-1.4985394477844238
74.99999821186066,60.0,60.93367338180542,47.27690935134888
5.000000037252903,10.000000298023224,2.8925374522805214,27.17676043510437
-25.000001192092896,40.000001192092896,-26.555317640304565,39.16514754295349
-30.00000089406967,40.000001192092896,-24.75228577852249,30.786337852478027
-50.00000238418579,60.0,-32.73709863424301,34.28938150405884
-60.00000178813934,20.000000596046448,-45.7095730304718,10.730406045913696
-84.99999761581421,20.000000596046448,-85.61563432216644,21.010830402374268
45.0,60.0,34.5666441321373,37.77391791343689
-35.00000059604645,0.0,-34.035888612270355,10.917682349681854
-80.00000059604645,49.999998807907104,-59.80309545993805,31.085339784622192
30.00000089406967,10.000000298023224,37.78628200292587,30.62443256378174
35.00000059604645,60.0,31.86293452978134,51.012582778930664
80.00000059604645,60.0,78.69499862194061,56.283724308013916
74.99999821186066,0.0,62.49700963497162,0.4622197151184082
54.99999940395355,20.000000596046448,43.96982252597809,14.857372641563416
50.00000238418579,10.000000298023224,42.83288776874542,20.34988224506378
-35.00000059604645,20.000000596046448,-29.85707938671112,17.290497422218323
64.9999988079071,10.000000298023224,55.85118234157562,17.599355578422546
74.99999821186066,0.0,65.73114216327667,-3.699290156364441
-80.00000059604645,20.000000596046448,-77.49792337417603,18.250502943992615
-35.00000059604645,49.999998807907104,-27.750349044799805,35.597959756851196
-10.000000074505806,20.000000596046448,-5.92386782169342,16.584681272506714
25.000001192092896,40.000001192092896,33.58233243227005,38.780364990234375
-35.00000059604645,30.0,-24.486138224601746,19.59838628768921
-60.00000178813934,0.0,-52.81477153301239,4.313002824783325
-74.99999821186066,30.0,-67.68385469913483,26.405087113380432
35.00000059604645,30.0,38.64562153816223,29.492579698562622
-20.000000149011612,20.000000596046448,-17.267568111419678,28.028680086135864
-70.0000011920929,49.999998807907104,-58.39325666427612,38.87730002403259
70.0000011920929,0.0,43.67372542619705,7.813497483730316
80.00000059604645,49.999998807907104,67.39204108715057,35.869892835617065
80.00000059604645,60.0,71.41629874706268,52.65588641166687
-74.99999821186066,49.999998807907104,-67.47321009635925,33.34239721298218
10.000000074505806,0.0,7.433439195156097,20.19139587879181
-5.000000037252903,10.000000298023224,-6.511751040816307,36.39583468437195
-84.99999761581421,10.000000298023224,-71.06530487537384,6.8367451429367065
5.000000037252903,49.999998807907104,11.80113896727562,36.828131675720215
5.000000037252903,49.999998807907104,4.9424391612410545,36.89617395401001
-25.000001192092896,60.0,-27.778024077415466,53.9484429359436
-5.000000037252903,30.0,-2.7621998637914658,31.38589382171631
74.99999821186066,30.0,61.282129883766174,16.4423668384552
-35.00000059604645,20.000000596046448,-25.81050843000412,15.364059805870056
80.00000059604645,60.0,71.39259338378906,45.19928812980652
64.9999988079071,40.000001192092896,49.922486543655396,23.644355535507202
-35.00000059604645,10.000000298023224,-35.164014995098114,10.269428193569183
30.00000089406967,40.000001192092896,35.92200994491577,37.73823022842407
-54.99999940395355,10.000000298023224,-38.494106233119965,11.20204746723175
5.000000037252903,0.0,0.38742908276617527,26.15239441394806
-10.000000074505806,40.000001192092896,-14.691087752580643,35.846461057662964
-74.99999821186066,30.0,-63.91592502593994,26.327526569366455
20.000000149011612,49.999998807907104,15.989897847175598,48.74753952026367
5.000000037252903,20.000000596046448,2.299170456826687,26.436771154403687
-20.000000149011612,60.0,-18.903168439865112,44.919612407684326
-20.000000149011612,30.0,-15.277332812547684,28.43018889427185
-35.00000059604645,20.000000596046448,-27.045282125473022,16.401641964912415
-35.00000059604645,20.000000596046448,-24.211522936820984,23.251095414161682
-15.000000447034836,30.0,-8.741646409034729,25.35192847251892
60.00000178813934,60.0,58.733795285224915,50.12135624885559
-60.00000178813934,40.000001192092896,-37.86583095788956,20.671682953834534
-84.99999761581421,49.999998807907104,-62.97015130519867,33.277201652526855
-64.9999988079071,49.999998807907104,-53.28697443008423,31.594022512435913
-90.0,10.000000298023224,-78.37908267974854,6.427174508571625
70.0000011920929,40.000001192092896,46.7345255613327,23.619600534439087
-30.00000089406967,49.999998807907104,-24.242207407951355,34.240901470184326
25.000001192092896,40.000001192092896,33.459117114543915,42.5326144695282
64.9999988079071,10.000000298023224,57.026896476745605,4.544883370399475
60.00000178813934,49.999998807907104,45.717474818229675,28.770607709884644
30.00000089406967,20.000000596046448,30.771798491477966,25.969265699386597
0.0,60.0,-0.47792476136237383,33.65860462188721
-15.000000447034836,30.0,-8.078703582286835,26.35322391986847
-64.9999988079071,20.000000596046448,-61.358036398887634,14.322370290756226
5.000000037252903,30.0,4.096651151776314,28.923436403274536
-30.00000089406967,20.000000596046448,-7.224037125706673,20.895268321037292
-84.99999761581421,20.000000596046448,-74.22329485416412,20.26016592979431
-45.0,20.000000596046448,-44.89021182060242,28.036301136016846
40.000000298023224,0.0,33.792730271816254,14.619484841823578
-35.00000059604645,49.999998807907104,-36.358241736888885,40.17134428024292
-10.000000074505806,0.0,-9.094549342989922,19.66307759284973
50.00000238418579,40.000001192092896,48.044843673706055,33.958271741867065
35.00000059604645,0.0,35.83521097898483,12.399775385856628
25.000001192092896,20.000000596046448,19.066477417945862,14.355411529541016
-20.000000149011612,20.000000596046448,-19.749996811151505,27.954704761505127
50.00000238418579,10.000000298023224,36.56329125165939,14.500509202480316
0.0,0.0,1.5250096656382084,26.7400324344635
-5.000000037252903,60.0,-7.595294415950775,36.388678550720215
45.0,10.000000298023224,49.416895508766174,11.241701245307922
54.99999940395355,30.0,41.749446988105774,22.7668297290802
45.0,40.000001192092896,40.56573450565338,33.199095726013184
64.9999988079071,40.000001192092896,59.15610373020172,30.552560091018677
-60.00000178813934,30.0,-55.950981974601746,24.507840871810913
84.99999761581421,0.0,84.76439774036407,-1.7641425132751465
-5.000000037252903,0.0,-4.8483046889305115,31.01182222366333
-84.99999761581421,40.000001192092896,-70.46492457389832,29.348976016044617
60.00000178813934,60.0,49.59447383880615,53.7989866733551
30.00000089406967,0.0,23.08050513267517,13.369410932064056
5.000000037252903,30.0,5.6708429753780365,32.35501170158386
-84.99999761581421,10.000000298023224,-75.26496291160583,7.248246073722839
40.000000298023224,30.0,39.5650452375412,33.02488446235657
10.000000074505806,0.0,4.04716607183218,19.83281672000885
-50.00000238418579,30.0,-47.54058301448822,29.061959981918335
-70.0000011920929,60.0,-65.85109055042267,55.078686475753784
-5.000000037252903,60.0,-8.040158227086067,38.58963131904602
-84.99999761581421,60.0,-62.15313971042633,56.23679280281067
-74.99999821186066,49.999998807907104,-62.53584265708923,47.07918047904968
-10.000000074505806,60.0,-8.951068595051765,40.27534246444702
10.000000074505806,20.000000596046448,4.622168652713299,23.436105251312256
15.000000447034836,60.0,0.5145496129989624,28.148444294929504
74.99999821186066,40.000001192092896,61.041299700737,34.09414529800415
-60.00000178813934,20.000000596046448,-47.47492790222168,12.294087409973145
30.00000089406967,30.0,27.50617414712906,25.549814701080322
60.00000178813934,0.0,51.09423100948334,7.752651572227478
70.0000011920929,0.0,55.549718141555786,6.536489725112915
60.00000178813934,20.000000596046448,61.56765103340149,11.834839582443237
54.99999940395355,49.999998807907104,45.00923216342926,35.53386926651001
5.000000037252903,60.0,8.964974507689476,38.76915693283081
-30.00000089406967,30.0,-28.68605375289917,32.42962718009949
-40.000000298023224,49.999998807907104,-19.0676186978817,33.71410846710205
-84.99999761581421,20.000000596046448,-80.40146291255951,22.404491901397705
-50.00000238418579,49.999998807907104,-43.9788293838501,38.06539535522461
-45.0,49.999998807907104,-32.34369099140167,33.36820721626282
15.000000447034836,20.000000596046448,16.721550822257996,25.475104451179504
60.00000178813934,30.0,52.57782518863678,26.95723056793213
74.99999821186066,10.000000298023224,61.35268807411194,15.610862374305725
64.9999988079071,30.0,66.48322284221649,21.17793917655945
45.0,20.000000596046448,32.1098667383194,19.554120898246765
-35.00000059604645,40.000001192092896,-30.12427031993866,37.12183356285095
-45.0,30.0,-30.389194786548615,19.848486185073853
-70.0000011920929,40.000001192092896,-55.9855717420578,25.760945677757263
-80.00000059604645,60.0,-70.64720749855042,51.652175188064575
-84.99999761581421,49.999998807907104,-65.3954154253006,40.254342555999756
-50.00000238418579,20.000000596046448,-39.98006612062454,24.043790102005005
-25.000001192092896,0.0,-34.33819234371185,31.643671989440918
-25.000001192092896,40.000001192092896,-20.3590527176857,29.929332733154297
-15.000000447034836,40.000001192092896,-10.576697811484337,25.756554007530212
-5.000000037252903,10.000000298023224,-5.834721252322197,34.140236377716064
-5.000000037252903,40.000001192092896,-4.265243075788021,43.61904859542847
5.000000037252903,10.000000298023224,1.7595522478222847,26.907227039337158
25.000001192092896,40.000001192092896,28.043450117111206,44.942543506622314
35.00000059604645,0.0,41.47316873073578,15.71338176727295
50.00000238418579,40.000001192092896,52.91459798812866,27.80274510383606
54.99999940395355,30.0,41.4623299241066,18.94295632839203
64.9999988079071,30.0,57.729045152664185,21.89037322998047
74.99999821186066,10.000000298023224,78.41897785663605,3.4923845529556274
70.0000011920929,30.0,70.88541448116302,21.30177140235901
50.00000238418579,30.0,47.69838273525238,27.39404797554016
-10.000000074505806,20.000000596046448,-8.599947318434715,23.753796815872192
-25.000001192092896,30.0,-33.667221665382385,33.776339292526245
-45.0,20.000000596046448,-43.981771767139435,20.80268383026123
-50.00000238418579,30.0,-55.61336159706116,32.95408487319946
-64.9999988079071,10.000000298023224,-62.9289311170578,3.4546780586242676
-90.0,30.0,-76.18957936763763,24.149059653282166
-54.99999940395355,0.0,-41.593862771987915,13.759421110153198
-25.000001192092896,20.000000596046448,-8.734354823827744,18.44044268131256
5.000000037252903,49.999998807907104,3.7662864848971367,34.357709884643555
20.000000149011612,0.0,22.23092347383499,32.259578704833984
30.00000089406967,10.000000298023224,34.417175352573395,32.435656785964966
30.00000089406967,40.000001192092896,30.492631494998932,43.79359245300293
45.0,0.0,38.27932298183441,4.436439871788025
-20.000000149011612,40.000001192092896,-14.249852299690247,25.68410038948059
-25.000001192092896,60.0,-10.130524411797523,40.55444955825806
-60.00000178813934,30.0,-49.61119472980499,17.78260588645935
-74.99999821186066,0.0,-69.12248432636261,0.7305514812469482
-74.99999821186066,20.000000596046448,-64.45192158222198,13.589959144592285
-25.000001192092896,10.000000298023224,-15.034634470939636,22.555739879608154
10.000000074505806,30.0,3.6576861888170242,25.37207543849945
-74.99999821186066,30.0,-72.19403743743896,30.39574384689331
50.00000238418579,20.000000596046448,47.028619050979614,17.38215208053589
80.00000059604645,49.999998807907104,86.38586282730103,51.67161583900452
0.0,30.0,3.441981263458729,27.473021149635315
20.000000149011612,60.0,12.702964693307877,33.22479844093323
-70.0000011920929,20.000000596046448,-60.33914029598236,21.015602946281433
-90.0,60.0,-56.485090255737305,44.338016510009766
15.000000447034836,10.000000298023224,12.785983085632324,22.345283031463623
60.00000178813934,20.000000596046448,46.49164080619812,15.573797821998596
10.000000074505806,49.999998807907104,9.031292796134949,30.556411743164062
40.000000298023224,20.000000596046448,40.672727823257446,15.242471694946289
30.00000089406967,0.0,24.31624174118042,8.028581142425537
-15.000000447034836,49.999998807907104,-12.31566309928894,35.526087284088135
-70.0000011920929,20.000000596046448,-50.661311745643616,18.05378258228302
-35.00000059604645,60.0,-32.070980072021484,46.994651556015015
-35.00000059604645,40.000001192092896,-38.428024649620056,43.883349895477295
-5.000000037252903,60.0,-5.412907339632511,36.94419622421265
60.00000178813934,60.0,44.42777216434479,48.57901096343994
-25.000001192092896,20.000000596046448,-23.986448049545288,16.552298069000244
-74.99999821186066,60.0,-68.31935048103333,51.440452337265015
0.0,60.0,0.34564625937491655,29.46180760860443
25.000001192092896,60.0,22.382103502750397,42.620694637298584
-40.000000298023224,30.0,-33.821424543857574,28.3090478181839
45.0,10.000000298023224,37.695958614349365,3.6423128843307495
-25.000001192092896,40.000001192092896,-20.7884381711483,35.34055709838867
35.00000059604645,49.999998807907104,31.782497763633728,46.042338609695435
-5.000000037252903,20.000000596046448,-7.283820882439613,34.17808771133423
45.0,10.000000298023224,33.74302089214325,7.539472281932831
-70.0000011920929,40.000001192092896,-62.70265460014343,27.799233198165894
-74.99999821186066,60.0,-70.12475609779358,51.45905613899231
-80.00000059604645,49.999998807907104,-77.23506152629852,44.86056089401245
0.0,49.999998807907104,3.7714390084147453,33.95299673080444
-64.9999988079071,60.0,-52.42198884487152,53.18225026130676
40.000000298023224,20.000000596046448,56.959277987480164,17.81120538711548
-70.0000011920929,0.0,-70.71684837341309,-3.826296329498291
50.00000238418579,20.000000596046448,47.950971722602844,25.70635735988617
74.99999821186066,30.0,67.10623025894165,26.208849549293518
60.00000178813934,20.000000596046448,45.69537341594696,16.68643355369568
70.0000011920929,49.999998807907104,58.37814509868622,39.584105014801025
50.00000238418579,49.999998807907104,43.20073127746582,45.24693489074707
-35.00000059604645,60.0,-34.02324467897415,53.70938301086426
-74.99999821186066,60.0,-70.48467099666595,50.882331132888794
-54.99999940395355,60.0,-38.72629702091217,47.9176139831543
-80.00000059604645,10.000000298023224,-68.14266264438629,11.107859015464783
-35.00000059604645,30.0,-28.00474315881729,24.391713738441467
-35.00000059604645,60.0,-35.08109450340271,54.12540078163147
84.99999761581421,60.0,72.93912291526794,55.45012950897217
30.00000089406967,49.999998807907104,25.121159255504608,34.61683630943298
-35.00000059604645,30.0,-22.014766931533813,20.011117458343506
35.00000059604645,10.000000298023224,29.88264352083206,17.243744730949402
45.0,49.999998807907104,36.15134686231613,26.495543718338013
70.0000011920929,30.0,62.313342690467834,27.78977394104004
45.0,0.0,44.35032069683075,16.335253715515137
30.00000089406967,60.0,21.601918637752533,42.178205251693726
0.0,60.0,-0.19860873464494944,28.448796272277832
-10.000000074505806,60.0,0.09286943357437849,36.017396450042725
-20.000000149011612,30.0,-21.696462482213974,38.41940402984619
-20.000000149011612,49.999998807907104,-18.779397904872894,35.72455286979675
-40.000000298023224,49.999998807907104,-21.62662982940674,34.93997812271118
15.000000447034836,10.000000298023224,15.71986511349678,18.495265245437622
45.0,40.000001192092896,36.386327147483826,38.403085470199585
90.0,20.000000596046448,74.37319815158844,23.214823007583618
84.99999761581421,10.000000298023224,68.80293667316437,11.09426200389862
54.99999940395355,20.000000596046448,37.45096027851105,18.717609643936157
25.000001192092896,40.000001192092896,21.788780093193054,32.69283413887024
10.000000074505806,10.000000298023224,3.526660278439522,27.09452748298645
5.000000037252903,49.999998807907104,3.3643068373203278,31.723415851593018
-60.00000178813934,20.000000596046448,-61.65047764778137,26.75167679786682
-50.00000238418579,20.000000596046448,-48.92119646072388,18.475268483161926
-5.000000037252903,49.999998807907104,-0.5252938298508525,30.773502588272095
74.99999821186066,60.0,76.49629533290863,61.35035276412964
35.00000059604645,0.0,27.410244941711426,13.626919090747833
-40.000000298023224,49.999998807907104,-31.037833392620087,45.04354476928711
-60.00000178813934,20.000000596046448,-56.25273585319519,15.655279755592346
-74.99999821186066,10.000000298023224,-74.29260313510895,6.892597675323486
-50.00000238418579,49.999998807907104,-34.74918186664581,41.20537877082825
-35.00000059604645,30.0,-38.40395987033844,18.94589602947235
5.000000037252903,10.000000298023224,1.3600107282400131,30.505435466766357
74.99999821186066,60.0,60.6258898973465,41.065499782562256
10.000000074505806,60.0,4.077013693749905,25.99709987640381
-35.00000059604645,40.000001192092896,-38.40513736009598,35.520687103271484
30.00000089406967,30.0,23.998056650161743,31.47767186164856
45.0,0.0,41.524415016174316,11.006087064743042
84.99999761581421,0.0,72.90630877017975,4.85636293888092
74.99999821186066,49.999998807907104,59.904069900512695,32.11556911468506
25.000001192092896,20.000000596046448,13.010651618242264,10.557047724723816
-90.0,0.0,-79.04039204120636,-0.459786057472229
64.9999988079071,0.0,58.80012094974518,21.021008491516113
70.0000011920929,10.000000298023224,73.97767961025238,28.540833592414856
74.99999821186066,60.0,65.07015466690063,49.44239616394043
25.000001192092896,0.0,16.141785979270935,9.94560956954956
70.0000011920929,0.0,60.03305733203888,7.884643077850342
15.000000447034836,40.000001192092896,9.296367466449738,26.676238775253296
20.000000149011612,60.0,13.548862338066101,32.909560203552246
-10.000000074505806,60.0,-4.946498349308968,30.484110116958618
-20.000000149011612,0.0,-12.77485191822052,19.31319236755371
-74.99999821186066,10.000000298023224,-64.69151794910431,14.051830172538757
15.000000447034836,49.999998807907104,22.45866984128952,43.628761768341064
10.000000074505806,40.000001192092896,10.073041319847107,24.822639226913452
60.00000178813934,49.999998807907104,52.08836495876312,43.124377727508545
40.000000298023224,0.0,36.2695437669754,13.938734829425812
-80.00000059604645,40.000001192092896,-70.3178483247757,35.8734655380249
-45.0,0.0,-47.81932353973389,13.692580461502075
35.00000059604645,49.999998807907104,29.10952091217041,43.39142560958862
45.0,49.999998807907104,36.99573576450348,34.71789836883545
-60.00000178813934,40.000001192092896,-56.90643846988678,31.773505210876465
-15.000000447034836,10.000000298023224,-13.511599749326706,20.193119645118713
5.000000037252903,60.0,4.0471164509654045,31.44948720932007
80.00000059604645,60.0,71.19938850402832,50.616291761398315
-25.000001192092896,40.000001192092896,-18.869483917951584,33.06603670120239
40.000000298023224,30.0,32.630263566970825,26.64072811603546
-74.99999821186066,0.0,-67.64233410358429,11.683974266052246
10.000000074505806,40.000001192092896,9.778695032000542,26.206029653549194
-64.9999988079071,40.000001192092896,-48.97626221179962,26.471943855285645
64.9999988079071,40.000001192092896,58.7355762720108,29.215843677520752
-74.99999821186066,0.0,-66.73488914966583,8.974304795265198
54.99999940395355,30.0,58.03675353527069,27.585700750350952
-50.00000238418579,40.000001192092896,-40.86250752210617,23.779871463775635
35.00000059604645,10.000000298023224,29.151543080806732,12.106908559799194
-64.9999988079071,30.0,-63.49480211734772,25.102831721305847
0.0,0.0,1.5255358815193176,25.95862627029419
-20.000000149011612,20.000000596046448,-20.64537987112999,17.65511691570282
-74.99999821186066,0.0,-65.49684584140778,-0.2044898271560669
90.0,10.000000298023224,72.24743485450745,8.513993918895721
-50.00000238418579,49.999998807907104,-37.65943229198456,37.14848041534424
-40.000000298023224,0.0,-38.600581884384155,3.2454952597618103
84.99999761581421,40.000001192092896,67.34569251537323,35.61525821685791
-54.99999940395355,60.0,-50.47126114368439,49.13988947868347
-80.00000059604645,30.0,-56.87368333339691,26.192450523376465
-5.000000037252903,10.000000298023224,-5.005854293704033,32.75329113006592
-74.99999821186066,0.0,-76.00882530212402,-3.1450045108795166
90.0,49.999998807907104,64.31260228157043,39.956302642822266
0.0,40.000001192092896,2.3633503541350365,28.791686296463013
10.000000074505806,10.000000298023224,4.083349406719208,24.08914804458618
10.000000074505806,30.0,6.8587323278188705,30.119497776031494
50.00000238418579,30.0,44.163451194763184,27.44783341884613
-35.00000059604645,60.0,-25.124825835227966,35.94710111618042
64.9999988079071,60.0,51.27685725688934,50.300599336624146
54.99999940395355,40.000001192092896,46.3909775018692,27.39513337612152
5.000000037252903,30.0,0.5107839172706008,24.05960440635681
-80.00000059604645,20.000000596046448,-73.89365136623383,19.360198974609375
-64.9999988079071,40.000001192092896,-60.76039731502533,35.01786947250366
50.00000238418579,40.000001192092896,46.396374106407166,34.15057182312012
30.00000089406967,49.999998807907104,26.155027449131012,36.441264152526855
25.000001192092896,40.000001192092896,24.318948090076447,31.676098108291626
-84.99999761581421,49.999998807907104,-72.30961382389069,46.03353023529053
-30.00000089406967,49.999998807907104,-28.183777928352356,37.592082023620605
40.000000298023224,0.0,36.3028085231781,18.89470338821411
50.00000238418579,10.000000298023224,44.71563220024109,21.554026007652283
-35.00000059604645,40.000001192092896,-31.628595292568207,41.528356075286865
25.000001192092896,0.0,20.637695342302322,18.545905351638794
-40.000000298023224,0.0,-48.71569097042084,7.6777759194374084
-15.000000447034836,60.0,-4.9735816195607185,36.126952171325684
-35.00000059604645,49.999998807907104,-43.103090822696686,46.05621099472046
-25.000001192092896,20.000000596046448,-22.951166331768036,18.77581000328064
70.0000011920929,10.000000298023224,68.92569601535797,11.424494683742523
-20.000000149011612,20.000000596046448,-21.389875262975693,21.359059810638428
-15.000000447034836,49.999998807907104,-15.5493825674057,34.48713183403015
10.000000074505806,10.000000298023224,4.51328169554472,19.78400230407715
54.99999940395355,40.000001192092896,50.56635081768036,26.94321870803833
-74.99999821186066,20.000000596046448,-67.32296884059906,17.61521816253662
40.000000298023224,20.000000596046448,45.21274209022522,24.424365162849426
-35.00000059604645,30.0,-21.821942925453186,20.346686840057373
-45.0,10.000000298023224,-45.260324478149414,14.644338190555573
-84.99999761581421,30.0,-60.28298556804657,27.840428352355957
5.000000037252903,20.000000596046448,5.152434669435024,28.11214327812195
-25.000001192092896,20.000000596046448,-17.161864936351776,20.91870367527008
45.0,0.0,45.675771832466125,11.718905568122864
-80.00000059604645,60.0,-63.09292674064636,53.198500871658325
35.00000059604645,0.0,31.362659633159637,11.522347033023834
35.00000059604645,40.000001192092896,28.34324061870575,37.100958824157715
50.00000238418579,60.0,48.91684591770172,53.61358165740967
25.000001192092896,49.999998807907104,19.902363717556,36.769055128097534
-50.00000238418579,30.0,-45.284271240234375,25.011849403381348
-84.99999761581421,40.000001192092896,-74.82831537723541,40.713393688201904
84.99999761581421,49.999998807907104,81.54474914073944,46.22339129447937
-80.00000059604645,10.000000298023224,-81.23917043209076,7.242329120635986
45.0,20.000000596046448,42.28359818458557,21.6843044757843
80.00000059604645,0.0,58.37591350078583,3.9147520065307617
50.00000238418579,0.0,61.17988407611847,16.237723231315613
40.000000298023224,0.0,27.569884657859802,12.50139445066452
40.000000298023224,49.999998807907104,24.88950490951538,34.03850555419922
20.000000149011612,10.000000298023224,21.481339931488037,9.942707419395447
20.000000149011612,40.000001192092896,7.44355246424675,37.737135887145996
15.000000447034836,0.0,13.628686219453812,24.431405067443848
-84.99999761581421,40.000001192092896,-76.59239888191223,30.6313419342041
20.000000149011612,49.999998807907104,13.240655064582825,40.1045823097229
30.00000089406967,60.0,15.491466969251633,27.834270000457764
40.000000298023224,40.000001192092896,22.99774557352066,34.58406329154968
45.0,0.0,33.000590801239014,8.41702401638031
45.0,49.999998807907104,35.24665117263794,37.397189140319824
60.00000178813934,10.000000298023224,41.43674165010452,9.616475701332092
64.9999988079071,49.999998807907104,47.25165545940399,39.300220012664795
74.99999821186066,30.0,81.98651969432831,28.536182641983032
40.000000298023224,0.0,47.91741192340851,9.053787589073181
-30.00000089406967,0.0,-25.349348187446594,25.073111057281494
-35.00000059604645,60.0,-19.503344893455505,52.340251207351685
-74.99999821186066,30.0,-57.43269860744476,31.97139859199524
-84.99999761581421,30.0,-66.6359692811966,25.42808711528778
-84.99999761581421,40.000001192092896,-70.70627510547638,29.59747552871704
-50.00000238418579,10.000000298023224,-45.19000232219696,18.892305493354797
-20.000000149011612,20.000000596046448,-27.809650003910065,34.683194160461426
-15.000000447034836,49.999998807907104,-20.09016662836075,36.51030778884888
-15.000000447034836,60.0,-14.122802764177322,38.15116882324219
-10.000000074505806,20.000000596046448,-14.426499903202057,28.020352721214294
10.000000074505806,30.0,7.606631442904472,27.804810404777527
15.000000447034836,60.0,10.132295340299606,28.93616795539856
45.0,30.0,58.00224423408508,39.0056848526001
54.99999940395355,40.000001192092896,58.346988558769226,36.006120443344116
54.99999940395355,49.999998807907104,48.989662528038025,35.98458766937256
60.00000178813934,40.000001192092896,52.661333084106445,29.65307056903839
15.000000447034836,49.999998807907104,10.826455727219582,39.923529624938965
-30.00000089406967,20.000000596046448,-16.826823502779007,22.368510961532593
-50.00000238418579,49.999998807907104,-27.63726979494095,25.44498860836029
-50.00000238418579,40.000001192092896,-47.02999770641327,31.624882221221924
-50.00000238418579,49.999998807907104,-38.25125902891159,45.12638568878174
-40.000000298023224,30.0,-34.57803547382355,28.259029984474182
-30.00000089406967,20.000000596046448,-23.56702297925949,30.499048233032227
10.000000074505806,30.0,1.797323115170002,23.871116638183594
10.000000074505806,60.0,4.355880282819271,32.05460071563721
25.000001192092896,49.999998807907104,17.67752766609192,32.735652923583984
50.00000238418579,60.0,39.83461529016495,43.31359505653381
40.000000298023224,30.0,34.3304568529129,28.05884599685669
35.00000059604645,49.999998807907104,34.50713396072388,37.37684726715088
30.00000089406967,40.000001192092896,28.220457136631012,42.83687353134155
20.000000149011612,20.000000596046448,36.21216058731079,29.61046814918518
15.000000447034836,60.0,2.403169423341751,25.855897665023804
-5.000000037252903,40.000001192092896,-3.2053306326270103,29.497806429862976
-10.000000074505806,60.0,-12.486484944820404,33.36341857910156
-15.000000447034836,10.000000298023224,-12.294818311929703,25.60417950153351
-60.00000178813934,60.0,-53.31158638000488,57.92166352272034
-74.99999821186066,40.000001192092896,-76.86137616634369,41.08093500137329
-90.0,30.0,-82.91999280452728,23.45893621444702
-45.0,40.000001192092896,-47.03323781490326,33.600497245788574
-35.00000059604645,30.0,-34.12765771150589,27.022844552993774
45.0,20.000000596046448,48.42321217060089,29.10792589187622
70.0000011920929,30.0,58.92533719539642,24.897093772888184
-5.000000037252903,20.000000596046448,-7.299235537648201,30.70892572402954
-20.000000149011612,20.000000596046448,-21.62841886281967,21.356075406074524
-45.0,60.0,-24.880366623401642,41.8338418006897
-54.99999940395355,60.0,-32.055624425411224,34.84592914581299
-80.00000059604645,60.0,-61.43396973609924,48.3911669254303
-60.00000178813934,10.000000298023224,-59.37760055065155,20.43009638786316
-5.000000037252903,10.000000298023224,-10.083111673593521,27.030837535858154
-5.000000037252903,40.000001192092896,-9.298733174800873,37.16134786605835
-10.000000074505806,40.000001192092896,-7.577617987990379,27.32100784778595
-15.000000447034836,20.000000596046448,-14.982900023460388,24.59583878517151
30.00000089406967,30.0,23.915683329105377,28.372163772583008
-74.99999821186066,10.000000298023224,-71.24983549118042,12.777748703956604
-45.0,49.999998807907104,-49.02147352695465,45.27097821235657
80.00000059604645,30.0,79.93522524833679,22.777177691459656
35.00000059604645,60.0,28.485633730888367,40.146106481552124
-10.000000074505806,10.000000298023224,-3.542579524219036,10.732210278511047
30.00000089406967,60.0,10.183240547776222,40.057629346847534
5.000000037252903,49.999998807907104,3.7585680931806564,34.28740382194519
-20.000000149011612,30.0,-25.422382056713104,32.697107791900635
5.000000037252903,49.999998807907104,2.909855470061302,32.541890144348145
54.99999940395355,60.0,43.56175661087036,51.286271810531616
-20.000000149011612,40.000001192092896,-18.378260135650635,41.70826435089111
54.99999940395355,20.000000596046448,49.51915204524994,20.632624626159668
-54.99999940395355,0.0,-42.17718958854675,10.591448843479156
50.00000238418579,0.0,39.129559099674225,10.685559511184692
-64.9999988079071,40.000001192092896,-54.261817932128906,29.84481453895569
-25.000001192092896,10.000000298023224,-17.225904017686844,16.002139449119568
-10.000000074505806,30.0,-12.620299011468887,29.11535918712616
-25.000001192092896,20.000000596046448,-23.475066125392914,14.686469435691833
64.9999988079071,30.0,78.65244805812836,27.827659249305725
-15.000000447034836,10.000000298023224,-21.25809833407402,26.51135802268982
-60.00000178813934,10.000000298023224,-57.923526763916016,13.427855372428894
54.99999940395355,49.999998807907104,41.08491092920303,47.749468088150024
74.99999821186066,40.000001192092896,76.05086088180542,33.88153553009033
60.00000178813934,49.999998807907104,54.04899537563324,44.49879169464111
-15.000000447034836,0.0,-15.636435002088547,16.108877062797546
-80.00000059604645,49.999998807907104,-67.40327417850494,42.056214809417725
-20.000000149011612,10.000000298023224,-21.427831202745438,16.847593188285828
70.0000011920929,49.999998807907104,58.05427372455597,41.14959239959717
-35.00000059604645,30.0,-27.516406774520874,20.08690059185028
-60.00000178813934,10.000000298023224,-52.753702998161316,3.598911166191101
-5.000000037252903,20.000000596046448,-7.331019714474678,32.833038568496704
0.0,0.0,2.912243641912937,28.640989065170288
54.99999940395355,49.999998807907104,44.26909804344177,39.47025775909424
-20.000000149011612,30.0,-20.505065470933914,21.135871410369873
5.000000037252903,0.0,0.13944484060630202,23.781901001930237
64.9999988079071,10.000000298023224,71.78896486759186,7.140210270881653
35.00000059604645,30.0,42.00819969177246,32.701900005340576
-54.99999940395355,10.000000298023224,-42.973129749298096,9.774336218833923
90.0,40.000001192092896,79.72638309001923,32.50983238220215
0.0,0.0,3.6132148280739784,28.711899518966675
20.000000149011612,60.0,17.954996824264526,36.09756588935852
-10.000000074505806,10.000000298023224,-2.194577045738697,9.90817129611969
-20.000000149011612,49.999998807907104,-19.91385966539383,43.9825701713562
-15.000000447034836,10.000000298023224,-18.634710162878036,25.550962686538696
35.00000059604645,10.000000298023224,28.105229437351227,23.33882510662079
30.00000089406967,30.0,32.93555527925491,31.439645290374756
60.00000178813934,60.0,56.96418642997742,54.59377884864807
-80.00000059604645,40.000001192092896,-66.1871874332428,34.28430676460266
70.0000011920929,20.000000596046448,71.27613723278046,19.381728172302246
45.0,40.000001192092896,48.381187319755554,36.872098445892334
30.00000089406967,0.0,23.839074075222015,8.871392011642456
-25.000001192092896,30.0,-22.494351267814636,24.931873083114624
60.00000178813934,20.000000596046448,57.56129443645477,16.66924238204956
30.00000089406967,0.0,32.59582132101059,10.601844191551208
-20.000000149011612,60.0,-16.32994294166565,25.78558087348938
-54.99999940395355,49.999998807907104,-46.40145421028137,37.84558296203613
-84.99999761581421,60.0,-110.84314584732056,68.37448596954346
-54.99999940395355,49.999998807907104,-41.72715246677399,38.8314163684845
-25.000001192092896,20.000000596046448,-28.299560844898224,24.172872304916382
-20.000000149011612,0.0,-27.51901388168335,26.038253903388977
5.000000037252903,49.999998807907104,7.5478823482990265,30.509397983551025
54.99999940395355,10.000000298023224,55.144511461257935,11.357014775276184
84.99999761581421,60.0,66.62948906421661,47.40222930908203
-35.00000059604645,10.000000298023224,-32.94212132692337,17.314224243164062
-64.9999988079071,60.0,-63.31328630447388,64.64731693267822
-74.99999821186066,10.000000298023224,-79.17744219303131,6.655372381210327
-90.0,60.0,-82.07088053226471,54.58882927894592
-54.99999940395355,60.0,-52.56507396697998,51.08798861503601
-30.00000089406967,60.0,-28.65375727415085,44.31643724441528
30.00000089406967,49.999998807907104,42.91246622800827,53.67528676986694
40.000000298023224,0.0,54.36528146266937,27.982746362686157
40.000000298023224,49.999998807907104,42.274510860443115,37.203733921051025
70.0000011920929,30.0,63.99729788303375,26.157231330871582
84.99999761581421,40.000001192092896,67.4063640832901,37.27993726730347
30.00000089406967,0.0,23.810873329639435,3.215649425983429
20.000000149011612,10.000000298023224,23.311537206172943,20.650241374969482
-10.000000074505806,60.0,-5.265753977000713,31.30311369895935
-50.00000238418579,49.999998807907104,-48.496237993240356,46.51147484779358
-45.0,20.000000596046448,-44.090484380722046,19.121620059013367
80.00000059604645,20.000000596046448,72.28729248046875,13.924221396446228
84.99999761581421,20.000000596046448,60.1982706785202,20.388994216918945
84.99999761581421,0.0,81.83980286121368,0.7629847526550293
40.000000298023224,0.0,26.802493929862976,12.880362868309021
40.000000298023224,10.000000298023224,37.35800564289093,18.993287086486816
-60.00000178813934,0.0,-49.51306343078613,2.5900572538375854
-84.99999761581421,20.000000596046448,-81.16160094738007,22.438641786575317
80.00000059604645,49.999998807907104,75.64065992832184,44.958951473236084
84.99999761581421,49.999998807907104,78.72930407524109,46.23568654060364
35.00000059604645,20.000000596046448,19.766676127910614,24.034255743026733
25.000001192092896,20.000000596046448,17.355481535196304,7.639974653720856
10.000000074505806,49.999998807907104,9.02361162006855,32.05200433731079
-10.000000074505806,49.999998807907104,-9.23566572368145,44.39606308937073
-15.000000447034836,49.999998807907104,-11.947221457958221,33.04518699645996
-30.00000089406967,0.0,-24.106495678424835,13.627697825431824
5.000000037252903,10.000000298023224,6.866333037614822,26.745153665542603
45.0,10.000000298023224,34.88777697086334,2.892622947692871
90.0,40.000001192092896,76.98291778564453,31.802576780319214
30.00000089406967,60.0,20.53318977355957,57.478476762771606
25.000001192092896,0.0,23.42588782310486,10.108092427253723
10.000000074505806,30.0,17.87473574280739,29.385377168655396
5.000000037252903,30.0,0.8603773824870586,27.71303415298462
-60.00000178813934,0.0,-58.535317182540894,2.4886080622673035
-10.000000074505806,49.999998807907104,-11.116492375731468,42.55474090576172
-50.00000238418579,49.999998807907104,-52.05846905708313,43.66785407066345
-5.000000037252903,40.000001192092896,-3.551506921648979,38.947649002075195
-70.0000011920929,49.999998807907104,-58.30072045326233,36.77321434020996
-70.0000011920929,60.0,-64.84002649784088,49.29947018623352
-74.99999821186066,40.000001192092896,-72.79679954051971,34.26682949066162
84.99999761581421,10.000000298023224,91.18211388587952,7.852788269519806
60.00000178813934,30.0,60.71515917778015,28.313087224960327
-25.000001192092896,20.000000596046448,-25.254950523376465,15.922973155975342
-45.0,49.999998807907104,-51.45070731639862,40.13768792152405
45.0,60.0,33.01040768623352,49.01065707206726
-20.000000149011612,30.0,-13.548186421394348,22.381263971328735
20.000000149011612,60.0,16.49344637989998,32.06225037574768
-70.0000011920929,49.999998807907104,-54.29889142513275,37.06542491912842
54.99999940395355,60.0,36.54835402965546,38.699798583984375
84.99999761581421,30.0,68.4581708908081,26.265281438827515
-64.9999988079071,0.0,-49.983919858932495,3.1099820137023926
15.000000447034836,30.0,14.12884309887886,33.39309096336365
-74.99999821186066,10.000000298023224,-68.44308078289032,12.75473177433014
-60.00000178813934,30.0,-59.66996133327484,31.690843105316162
-35.00000059604645,10.000000298023224,-36.75654709339142,20.53692877292633
-5.000000037252903,10.000000298023224,-6.908949315547943,35.12235403060913
-50.00000238418579,20.000000596046448,-47.537739872932434,19.565752744674683
-80.00000059604645,0.0,-83.31758737564087,1.3566416501998901
-64.9999988079071,49.999998807907104,-43.38048219680786,36.086440086364746
35.00000059604645,49.999998807907104,31.762480437755585,39.790964126586914
-74.99999821186066,10.000000298023224,-68.11586201190948,12.59486585855484
25.000001192092896,0.0,28.729360699653625,17.09553837776184
5.000000037252903,30.0,4.524408504366875,29.434196949005127
-45.0,20.000000596046448,-41.55764490365982,19.586722254753113
60.00000178813934,10.000000298023224,45.8004891872406,10.625957250595093
-45.0,30.0,-42.877887189388275,26.00307047367096
40.000000298023224,49.999998807907104,47.04094111919403,41.220295429229736
-54.99999940395355,40.000001192092896,-53.23195159435272,29.973435401916504
74.99999821186066,49.999998807907104,37.176503241062164,34.53211784362793
64.9999988079071,30.0,68.45753252506256,25.939047932624817
-20.000000149011612,0.0,-16.499929279088974,19.896445870399475
64.9999988079071,40.000001192092896,70.46708643436432,39.30012345314026
-74.99999821186066,60.0,-82.31580913066864,61.2155556678772
-30.00000089406967,40.000001192092896,-38.411193788051605,42.512290477752686
80.00000059604645,30.0,83.06795418262482,27.913652658462524
64.9999988079071,40.000001192092896,74.47596967220306,38.731276988983154
-5.000000037252903,40.000001192092896,-8.836420252919197,33.84288668632507
-80.00000059604645,10.000000298023224,-82.84847438335419,5.803633332252502
25.000001192092896,20.000000596046448,18.334808349609375,14.31638091802597
-40.000000298023224,0.0,-49.193419218063354,16.979670524597168
90.0,10.000000298023224,81.21969223022461,6.006850004196167
10.000000074505806,49.999998807907104,13.329186737537384,38.26349973678589
-80.00000059604645,49.999998807907104,-69.04886305332184,39.9473762512207
-74.99999821186066,60.0,-77.00069010257721,54.96337294578552
-5.000000037252903,10.000000298023224,-2.8535377979278564,25.37049114704132
-10.000000074505806,60.0,-5.498002432286739,35.11033773422241
-90.0,10.000000298023224,-91.5484070777893,9.162915050983429
-50.00000238418579,49.999998807907104,-49.3098646402359,42.80182957649231
45.0,40.000001192092896,47.45213985443115,42.304168939590454
35.00000059604645,49.999998807907104,27.42588222026825,43.22370529174805
-84.99999761581421,30.0,-85.35152792930603,28.583078384399414
-10.000000074505806,49.999998807907104,-9.17185865342617,47.29392170906067
54.99999940395355,20.000000596046448,52.2836297750473,14.464258253574371
64.9999988079071,30.0,60.7741516828537,26.97507083415985
-50.00000238418579,10.000000298023224,-48.76682460308075,11.690318584442139
70.0000011920929,40.000001192092896,56.96438491344452,26.461156010627747
0.0,30.0,4.7108931094408035,27.946128845214844
-50.00000238418579,49.999998807907104,-43.63317847251892,45.83189606666565
-25.000001192092896,20.000000596046448,-20.00431716442108,15.929213762283325
0.0,30.0,3.0825800076127052,29.269380569458008
5.000000037252903,20.000000596046448,2.853846922516823,28.2572078704834
-54.99999940395355,20.000000596046448,-55.20228624343872,16.82283639907837
-84.99999761581421,60.0,-63.67752492427826,52.675580978393555
-84.99999761581421,40.000001192092896,-78.10617327690125,36.411051750183105
-35.00000059604645,60.0,-29.20606166124344,43.20140361785889
35.00000059604645,40.000001192092896,37.81798303127289,40.100687742233276
-35.00000059604645,20.000000596046448,-30.874135494232178,17.45372235774994
64.9999988079071,30.0,54.93181228637695,22.765104174613953
70.0000011920929,0.0,69.09504532814026,10.900338292121887
80.00000059604645,0.0,71.1216527223587,-2.6351577043533325
-20.000000149011612,10.000000298023224,-19.39840078353882,18.895797729492188
74.99999821186066,30.0,67.12072491645813,21.62168025970459
25.000001192092896,30.0,30.544167459011078,23.86044144630432
54.99999940395355,10.000000298023224,56.76342308521271,10.058265924453735
70.0000011920929,60.0,58.64195644855499,51.55460715293884
74.99999821186066,10.000000298023224,63.81326079368591,13.571324050426483
-54.99999940395355,10.000000298023224,-59.12973761558533,14.922000467777252
30.00000089406967,0.0,23.756740987300873,7.890131771564484
-90.0,0.0,-85.55813312530518,5.83977073431015
-90.0,49.999998807907104,-72.15081632137299,37.772769927978516
70.0000011920929,49.999998807907104,66.80014729499817,51.388535499572754
15.000000447034836,30.0,14.023272693157196,29.423698782920837
80.00000059604645,20.000000596046448,56.56911313533783,14.509596526622772
-74.99999821186066,20.000000596046448,-70.93615114688873,17.44092106819153
-80.00000059604645,40.000001192092896,-65.77518403530121,39.07472848892212
-80.00000059604645,49.999998807907104,-77.60079681873322,43.854514360427856
-54.99999940395355,20.000000596046448,-51.57129406929016,18.51913332939148
-50.00000238418579,40.000001192092896,-45.16829788684845,34.62698936462402
35.00000059604645,20.000000596046448,28.017561435699463,21.068403124809265
20.000000149011612,10.000000298023224,16.753560304641724,9.115063548088074
-5.000000037252903,49.999998807907104,0.4301991267129779,29.761515855789185
-30.00000089406967,40.000001192092896,-27.12516099214554,42.407745122909546
90.0,30.0,85.24732410907745,24.969338178634644
64.9999988079071,40.000001192092896,56.93872690200806,27.843064069747925
50.00000238418579,20.000000596046448,63.437402844429016,29.750468730926514
50.00000238418579,40.000001192092896,47.597869634628296,26.001580953598022
-10.000000074505806,20.000000596046448,-9.645029157400131,28.606608510017395
-45.0,30.0,-38.98167014122009,31.70310616493225
-74.99999821186066,20.000000596046448,-84.73436772823334,15.578472018241882
-64.9999988079071,0.0,-75.36059439182281,9.698582589626312
-64.9999988079071,49.999998807907104,-44.221003353595734,37.98047661781311
-25.000001192092896,20.000000596046448,-26.52525544166565,20.839823484420776
5.000000037252903,40.000001192092896,-0.9918917901813984,28.55971097946167
40.000000298023224,20.000000596046448,55.12457728385925,16.825650930404663
54.99999940395355,40.000001192092896,56.74812376499176,41.67914628982544
74.99999821186066,30.0,69.1491562128067,26.150620579719543
74.99999821186066,49.999998807907104,60.65998613834381,39.9590277671814
84.99999761581421,49.999998807907104,76.49684250354767,43.41304063796997
80.00000059604645,49.999998807907104,55.7333904504776,37.589707374572754
0.0,30.0,4.024915136396885,25.254703760147095
-25.000001192092896,49.999998807907104,-20.192735642194748,39.88948702812195
-84.99999761581421,30.0,-73.60215425491333,25.24909794330597
-90.0,60.0,-60.49516975879669,52.95631527900696
-70.0000011920929,20.000000596046448,-53.84706258773804,18.629245162010193
-64.9999988079071,49.999998807907104,-44.872294664382935,31.203482151031494
-54.99999940395355,40.000001192092896,-52.00124680995941,30.926334857940674
-40.000000298023224,10.000000298023224,-39.145402908325195,21.833385229110718
0.0,40.000001192092896,1.2215889617800713,30.044124126434326
45.0,0.0,42.551406025886536,11.043375134468079
84.99999761581421,30.0,80.78159630298615,18.31900656223297
80.00000059604645,30.0,78.60171675682068,21.877793669700623
40.000000298023224,40.000001192092896,22.982601821422577,36.021387577056885
-70.0000011920929,49.999998807907104,-54.33481693267822,39.93355751037598
-74.99999821186066,10.000000298023224,-80.14332711696625,13.205974102020264
-40.000000298023224,49.999998807907104,-31.99466586112976,32.66599774360657
0.0,30.0,3.0464959144592285,25.974242091178894
60.00000178813934,40.000001192092896,50.97729742527008,31.748149394989014
5.000000037252903,40.000001192092896,2.3957638442516327,26.21715009212494
-30.00000089406967,0.0,-37.37707078456879,18.679595589637756
-30.00000089406967,40.000001192092896,-29.662994742393494,36.22570753097534
-64.9999988079071,49.999998807907104,-54.66668665409088,42.54077196121216
-10.000000074505806,0.0,-5.73164664208889,10.288842916488647
-10.000000074505806,49.999998807907104,-9.629467651247978,44.40269708633423
80.00000059604645,10.000000298023224,86.32808268070221,6.178205609321594
10.000000074505806,60.0,2.233793120831251,26.946389079093933
70.0000011920929,49.999998807907104,59.531516432762146,38.301987648010254
80.00000059604645,10.000000298023224,66.3483077287674,12.95918583869934
-15.000000447034836,30.0,-10.600849762558937,31.64666175842285
70.0000011920929,40.000001192092896,69.16648328304291,28.76204252243042
-60.00000178813934,30.0,-53.813197016716,17.469477653503418
-60.00000178813934,60.0,-43.510472774505615,49.72936034202576
-35.00000059604645,20.000000596046448,-34.4234436750412,17.09162950515747
10.000000074505806,0.0,11.553025245666504,23.290656208992004
-74.99999821186066,49.999998807907104,-61.24381721019745,45.033016204833984
80.00000059604645,40.000001192092896,66.77241861820221,29.797368049621582
50.00000238418579,40.000001192092896,66.84517085552216,42.47344493865967
-25.000001192092896,10.000000298023224,-20.02480387687683,15.678877830505371
64.9999988079071,40.000001192092896,56.05651080608368,31.86047673225403
74.99999821186066,30.0,67.6971960067749,16.920336484909058
-54.99999940395355,60.0,-30.61129778623581,41.69226050376892
0.0,0.0,2.8488804772496223,28.597304821014404
-84.99999761581421,10.000000298023224,-80.15451192855835,7.437529563903809
-70.0000011920929,40.000001192092896,-62.104334235191345,35.57654142379761
-10.000000074505806,20.000000596046448,-7.384071126580238,16.85103178024292
-25.000001192092896,30.0,-20.74290230870247,21.55127763748169
-20.000000149011612,49.999998807907104,-11.429820656776428,32.142122983932495
-50.00000238418579,30.0,-47.28360593318939,30.546691417694092
-60.00000178813934,20.000000596046448,-53.823110461235046,16.269834637641907
64.9999988079071,20.000000596046448,54.38576281070709,15.599110722541809
60.00000178813934,40.000001192092896,53.55903625488281,35.3694748878479
25.000001192092896,0.0,24.94424343109131,16.557177901268005
-74.99999821186066,60.0,-74.59056973457336,53.652108907699585
-15.000000447034836,20.000000596046448,-17.04285129904747,20.038735270500183
35.00000059604645,10.000000298023224,22.270822674036026,8.744620084762573
-5.000000037252903,20.000000596046448,-5.520125292241573,37.44253635406494
-15.000000447034836,20.000000596046448,-10.121379420161247,12.605489194393158
-50.00000238418579,30.0,-59.849385023117065,33.21714162826538
-35.00000059604645,40.000001192092896,-29.910160303115845,32.502644062042236
-15.000000447034836,60.0,-11.301586925983429,35.096983909606934
-54.99999940395355,49.999998807907104,-34.68257188796997,32.886232137680054
54.99999940395355,40.000001192092896,50.8685177564621,39.13739204406738
-25.000001192092896,30.0,-15.773733258247375,17.638415694236755
-84.99999761581421,40.000001192092896,-65.49927055835724,32.47440576553345
20.000000149011612,20.000000596046448,23.23434591293335,24.75053071975708
5.000000037252903,10.000000298023224,3.7467747554183006,26.20008409023285
10.000000074505806,49.999998807907104,5.421908833086491,30.300521850585938
54.99999940395355,30.0,62.03196823596954,33.003787994384766
30.00000089406967,0.0,14.59348350763321,18.527991771697998
-5.000000037252903,30.0,-4.939565844833851,31.254204511642456
-20.000000149011612,30.0,-16.722380965948105,31.893231868743896
-40.000000298023224,40.000001192092896,-26.030307412147522,22.405425310134888
-64.9999988079071,49.999998807907104,-48.24218451976776,38.85195851325989
-40.000000298023224,0.0,-50.0055867433548,15.492188930511475
-40.000000298023224,10.000000298023224,-25.367753505706787,15.653482675552368
35.00000059604645,20.000000596046448,26.97258621454239,18.875731229782104
70.0000011920929,20.000000596046448,64.79796946048737,11.40043169260025
74.99999821186066,40.000001192092896,53.95409882068634,29.83368694782257
30.00000089406967,10.000000298023224,29.565461575984955,4.564272165298462
-20.000000149011612,10.000000298023224,-9.559001997113228,11.746990084648132
-45.0,0.0,-26.53388410806656,8.845844864845276
-70.0000011920929,49.999998807907104,-60.43910622596741,41.53127074241638
-90.0,0.0,-81.2963604927063,0.43005824089050293
-64.9999988079071,30.0,-72.9572868347168,33.24650287628174
-30.00000089406967,30.0,-31.893991827964783,28.459126353263855
-25.000001192092896,10.000000298023224,-23.835407495498657,27.471596002578735
0.0,30.0,3.2172101363539696,29.433231353759766
25.000001192092896,20.000000596046448,24.413069486618042,14.142318964004517
30.00000089406967,60.0,17.88653075695038,44.046796560287476
74.99999821186066,60.0,66.91763877868652,54.83470916748047
-84.99999761581421,0.0,-81.95453703403473,0.09977281093597412
-74.99999821186066,60.0,-65.78598260879517,53.471213579177856
-35.00000059604645,10.000000298023224,-29.663402438163757,25.262879133224487
74.99999821186066,40.000001192092896,63.437177538871765,28.797141909599304
64.9999988079071,60.0,53.35132598876953,57.15311050415039
-5.000000037252903,49.999998807907104,-5.597737021744251,29.595000743865967
-25.000001192092896,20.000000596046448,-22.977097928524017,15.029436349868774
-50.00000238418579,20.000000596046448,-51.359447836875916,23.513545989990234
-60.00000178813934,40.000001192092896,-47.57910490036011,31.865379810333252
-70.0000011920929,20.000000596046448,-67.45285212993622,22.989259958267212
-84.99999761581421,40.000001192092896,-61.19040906429291,28.577159643173218
-74.99999821186066,0.0,-45.45800864696503,11.89143419265747
-30.00000089406967,10.000000298023224,-18.44363495707512,22.617323398590088
-15.000000447034836,40.000001192092896,-5.489749945700169,25.603564381599426
5.000000037252903,0.0,2.182101421058178,25.318883657455444
5.000000037252903,20.000000596046448,5.907120108604431,27.708197236061096
25.000001192092896,30.0,19.705127477645874,26.345694065093994
54.99999940395355,20.000000596046448,51.92654192447662,17.527670860290527
54.99999940395355,30.0,50.4016900062561,21.23840868473053
15.000000447034836,10.000000298023224,8.513977155089378,18.54897916316986
-84.99999761581421,30.0,-72.98691987991333,25.215225219726562
40.000000298023224,0.0,48.90812337398529,17.27921962738037
60.00000178813934,30.0,40.29117554426193,27.690024375915527
70.0000011920929,20.000000596046448,76.15873396396637,15.645185708999634
40.000000298023224,40.000001192092896,34.67782974243164,37.36605763435364
-20.000000149011612,40.000001192092896,-15.802949219942093,33.46163749694824
-64.9999988079071,20.000000596046448,-64.22727584838867,10.098357796669006
-90.0,20.000000596046448,-74.46954309940338,22.08357810974121
-74.99999821186066,10.000000298023224,-78.99468719959259,14.087938964366913
40.000000298023224,60.0,30.914966762065887,48.71852517127991
54.99999940395355,20.000000596046448,37.34512835741043,16.307803988456726
54.99999940395355,40.000001192092896,51.64593994617462,33.88786196708679
-45.0,60.0,-28.03463637828827,37.737107276916504
25.000001192092896,0.0,32.90968269109726,22.655510902404785
74.99999821186066,10.000000298023224,72.22767233848572,5.449902713298798
20.000000149011612,49.999998807907104,10.054678246378899,38.84950876235962
54.99999940395355,0.0,43.3790123462677,14.864259660243988
40.000000298023224,40.000001192092896,34.6604785323143,34.58903431892395
-10.000000074505806,0.0,-4.841105304658413,10.72380781173706
-84.99999761581421,30.0,-83.89834463596344,27.88715958595276
80.00000059604645,60.0,78.9646464586258,56.08582377433777
-70.0000011920929,30.0,-56.49000942707062,19.60021734237671
25.000001192092896,20.000000596046448,21.645558178424835,11.438628137111664
40.000000298023224,10.000000298023224,40.41850537061691,12.791635394096375
70.0000011920929,30.0,68.45877707004547,23.868870735168457
-84.99999761581421,49.999998807907104,-75.18305361270905,48.4066379070282
20.000000149011612,40.000001192092896,13.876400291919708,30.917322635650635
-80.00000059604645,49.999998807907104,-66.36993706226349,41.13595247268677
-50.00000238418579,60.0,-54.598698019981384,60.82557678222656
20.000000149011612,10.000000298023224,15.6668820977211,7.482482492923737
90.0,0.0,83.33579957485199,-4.8250919580459595
70.0000011920929,40.000001192092896,61.31618857383728,27.32212543487549
84.99999761581421,40.000001192092896,66.47421061992645,31.162855625152588
-15.000000447034836,60.0,-8.75226728618145,37.50714898109436
70.0000011920929,40.000001192092896,59.182974100112915,26.537920832633972
84.99999761581421,0.0,80.62489092350006,-2.2700124979019165
-25.000001192092896,60.0,-20.4536072909832,41.526267528533936
10.000000074505806,40.000001192092896,11.969314813613892,29.171215295791626
80.00000059604645,40.000001192092896,67.42483913898468,33.35005044937134
-80.00000059604645,10.000000298023224,-93.50849032402039,6.023447513580322
-64.9999988079071,60.0,-59.68680024147034,57.00348258018494
-30.00000089406967,49.999998807907104,-23.274584412574768,33.694270849227905
45.0,20.000000596046448,50.150189995765686,22.427473068237305
84.99999761581421,49.999998807907104,75.8704823255539,46.77080154418945
35.00000059604645,20.000000596046448,19.83248680830002,9.041400253772736
40.000000298023224,40.000001192092896,34.20861482620239,32.39197254180908
80.00000059604645,49.999998807907104,76.95521056652069,47.36963868141174
-50.00000238418579,10.000000298023224,-51.18333399295807,19.550997018814087
-15.000000447034836,10.000000298023224,-11.618066132068634,16.29814624786377
0.0,20.000000596046448,3.9241867884993553,29.724547863006592
10.000000074505806,30.0,7.917162850499153,21.50477170944214
45.0,60.0,38.311203718185425,46.88926935195923
25.000001192092896,60.0,14.304724931716919,43.19024205207825
-80.00000059604645,30.0,-79.2238336801529,27.6547908782959
-35.00000059604645,20.000000596046448,-30.773643851280212,16.935308575630188
30.00000089406967,20.000000596046448,30.75830429792404,32.448896169662476
60.00000178813934,60.0,46.729719042778015,50.094319581985474
50.00000238418579,49.999998807907104,46.50441348552704,32.42109775543213
84.99999761581421,30.0,76.19772791862488,28.844488263130188
74.99999821186066,60.0,75.04721581935883,56.738290786743164
-80.00000059604645,40.000001192092896,-57.94543504714966,32.48376131057739
-45.0,30.0,-49.29919481277466,34.15838956832886
-54.99999940395355,49.999998807907104,-37.036532163619995,28.989708423614502
35.00000059604645,60.0,29.948041141033173,46.26394987106323
0.0,0.0,-0.23193870205432177,27.525397539138794
-15.000000447034836,49.999998807907104,0.5283000832423568,39.806413650512695
30.00000089406967,60.0,16.979505568742752,41.37539863586426
70.0000011920929,49.999998807907104,51.415881514549255,35.96546173095703
15.000000447034836,49.999998807907104,12.35151618719101,37.053987979888916
-45.0,60.0,-19.70345377922058,32.38689422607422
-84.99999761581421,60.0,-84.57455098628998,53.74635100364685
-74.99999821186066,0.0,-66.52341842651367,9.299898147583008
84.99999761581421,30.0,63.19527447223663,28.677170276641846
74.99999821186066,20.000000596046448,56.14983558654785,13.773220181465149
50.00000238418579,40.000001192092896,52.18332588672638,31.86200737953186
-50.00000238418579,40.000001192092896,-56.687087416648865,36.64166450500488
-35.00000059604645,20.000000596046448,-26.89961403608322,15.948055386543274
-5.000000037252903,10.000000298023224,-7.068133726716042,28.173800110816956
-5.000000037252903,40.000001192092896,-3.9588892087340355,34.113335609436035
-54.99999940395355,30.0,-42.81328082084656,19.14265215396881
40.000000298023224,40.000001192092896,36.78497850894928,38.25873613357544
-84.99999761581421,60.0,-61.467856764793396,44.76595401763916
-64.9999988079071,30.0,-58.364707231521606,27.442878484725952
-35.00000059604645,0.0,-29.991012811660767,15.80243468284607
-35.00000059604645,10.000000298023224,-34.22986328601837,22.05654501914978
20.000000149011612,0.0,10.928226113319397,11.00013792514801
50.00000238418579,49.999998807907104,42.51155644655228,33.922823667526245
-50.00000238418579,49.999998807907104,-38.119200468063354,34.24413800239563
60.00000178813934,10.000000298023224,61.527321338653564,5.1152873039245605
90.0,10.000000298023224,70.39387285709381,8.946724534034729
60.00000178813934,0.0,51.981693506240845,4.855940043926239
-15.000000447034836,40.000001192092896,-9.980444759130478,32.90182113647461
-30.00000089406967,40.000001192092896,-37.96304494142532,36.06540083885193
-50.00000238418579,60.0,-24.20178920030594,35.08525729179382
-45.0,10.000000298023224,-53.066802620887756,14.668665826320648
0.0,30.0,1.7083270847797394,30.63938856124878
25.000001192092896,20.000000596046448,20.05290001630783,11.679827570915222
80.00000059604645,20.000000596046448,56.97267293930054,13.635690808296204
-70.0000011920929,60.0,-68.1002140045166,53.715702295303345
0.0,49.999998807907104,4.304833486676216,35.56404948234558
-30.00000089406967,0.0,-30.62139630317688,11.078417301177979
-5.000000037252903,10.000000298023224,-2.839473970234394,31.413309574127197
5.000000037252903,10.000000298023224,4.9479397013783455,23.869977593421936
35.00000059604645,0.0,27.023491859436035,19.03674066066742
-70.0000011920929,20.000000596046448,-78.83389413356781,24.658411145210266
25.000001192092896,20.000000596046448,20.370114147663116,24.529359340667725
-80.00000059604645,30.0,-74.58140194416046,24.081591367721558
40.000000298023224,40.000001192092896,36.18176847696304,38.88492822647095
64.9999988079071,20.000000596046448,53.689783215522766,21.13017976284027
74.99999821186066,30.0,67.71330535411835,19.5316743850708
10.000000074505806,49.999998807907104,12.267705202102661,36.79425001144409
-45.0,60.0,-34.40626949071884,42.599687576293945
-40.000000298023224,30.0,-30.431275963783264,27.30082869529724
64.9999988079071,30.0,49.84505116939545,20.937525629997253
10.000000074505806,0.0,7.75417372584343,21.433303356170654
0.0,49.999998807907104,2.303691152483225,29.99232530593872
-10.000000074505806,10.000000298023224,0.965705718845129,17.287833094596863
90.0,30.0,77.1436357498169,27.064531445503235
80.00000059604645,0.0,66.26988530158997,-0.4598987102508545
20.000000149011612,49.999998807907104,16.53415024280548,41.23697519302368
0.0,40.000001192092896,1.0227529518306255,30.659079551696777
-15.000000447034836,10.000000298023224,-17.539104223251343,22.675933241844177
-40.000000298023224,49.999998807907104,-23.43908965587616,33.38840961456299
-64.9999988079071,20.000000596046448,-56.64281487464905,22.796069383621216
-74.99999821186066,20.000000596046448,-66.47588431835175,16.978769302368164
-64.9999988079071,20.000000596046448,-64.29211020469666,23.263438940048218
-35.00000059604645,20.000000596046448,-29.86532986164093,22.73058772087097
54.99999940395355,40.000001192092896,65.99793612957001,39.589083194732666
74.99999821186066,60.0,63.113606572151184,48.939270973205566
60.00000178813934,0.0,53.495779037475586,9.49109673500061
35.00000059604645,40.000001192092896,36.601858735084534,37.58323431015015
5.000000037252903,30.0,4.305177479982376,25.349693298339844
-20.000000149011612,20.000000596046448,-23.639461398124695,13.00199031829834
-30.00000089406967,49.999998807907104,-20.342612117528915,34.3097984790802
-35.00000059604645,60.0,-28.664129376411438,45.71784496307373
-74.99999821186066,60.0,-69.02807056903839,50.96750020980835
-50.00000238418579,20.000000596046448,-54.35331881046295,32.6498007774353
-20.000000149011612,40.000001192092896,-13.38058054447174,25.901198387145996
10.000000074505806,40.000001192092896,11.004948019981384,24.114745259284973
70.0000011920929,40.000001192092896,65.91349482536316,29.81050193309784
80.00000059604645,49.999998807907104,57.70690619945526,39.29441213607788
-15.000000447034836,0.0,-10.074627846479416,16.348348259925842
-20.000000149011612,10.000000298023224,-14.883112460374832,14.110550880432129
-30.00000089406967,10.000000298023224,-28.47092717885971,13.38982343673706
-50.00000238418579,60.0,-29.568020403385162,36.30932092666626
-54.99999940395355,20.000000596046448,-40.50153583288193,16.006338000297546
-80.00000059604645,40.000001192092896,-72.16619610786438,29.955055117607117
-74.99999821186066,30.0,-59.43926990032196,23.43264877796173
-30.00000089406967,40.000001192092896,-18.28115478157997,30.924203395843506
-20.000000149011612,49.999998807907104,-18.148638904094696,34.243690967559814
5.000000037252903,40.000001192092896,7.398729398846626,27.264452576637268
15.000000447034836,49.999998807907104,10.426063612103462,25.51640510559082
40.000000298023224,20.000000596046448,42.55078375339508,11.259348392486572
45.0,20.000000596046448,36.205294132232666,21.2371426820755
90.0,0.0,83.7476259469986,-0.7025653123855591
74.99999821186066,49.999998807907104,51.16013288497925,36.56019687652588
30.00000089406967,20.000000596046448,29.392743408679962,16.7157644033432
25.000001192092896,60.0,21.0873019695282,45.41008472442627
10.000000074505806,10.000000298023224,-0.028890450485050678,16.123133897781372
-25.000001192092896,10.000000298023224,-25.472692251205444,16.541651487350464
-35.00000059604645,20.000000596046448,-32.36250400543213,14.904848635196686
-35.00000059604645,40.000001192092896,-23.44957172870636,30.899927616119385
-80.00000059604645,10.000000298023224,-78.79667580127716,6.997939646244049
-30.00000089406967,60.0,-34.69586759805679,49.33872699737549
-10.000000074505806,10.000000298023224,-3.649451471865177,19.240731596946716
80.00000059604645,20.000000596046448,64.37378346920013,13.325091898441315
-10.000000074505806,60.0,-8.849863484501839,40.329179763793945
-20.000000149011612,60.0,-14.36432495713234,47.631651163101196
25.000001192092896,40.000001192092896,21.484197825193405,35.773844718933105
5.000000037252903,60.0,3.587014339864254,30.76324224472046
-50.00000238418579,10.000000298023224,-45.62529265880585,16.523435711860657
64.9999988079071,60.0,53.00201117992401,46.33546829223633
-74.99999821186066,30.0,-61.353036761283875,28.96815061569214
45.0,60.0,32.94405251741409,47.317975759506226
-80.00000059604645,20.000000596046448,-77.43608772754669,20.084710121154785
70.0000011920929,20.000000596046448,59.855167865753174,24.574148654937744
70.0000011920929,60.0,60.015220642089844,51.58773064613342
64.9999988079071,10.000000298023224,58.71792733669281,14.699057936668396
20.000000149011612,60.0,16.658378094434738,34.79114055633545
20.000000149011612,0.0,21.34132593870163,17.848640084266663
84.99999761581421,10.000000298023224,71.22182786464691,10.492566525936127
60.00000178813934,30.0,50.324233174324036,26.78969979286194
45.0,40.000001192092896,36.204344630241394,33.26372981071472
0.0,0.0,1.8838231824338436,28.452190160751343
0.0,10.000000298023224,1.6526129096746445,28.69716703891754
-35.00000059604645,60.0,-19.27685782313347,39.14600372314453
-74.99999821186066,10.000000298023224,-71.27105176448822,12.847087383270264
-5.000000037252903,0.0,-2.633740156888962,31.60858154296875
40.000000298023224,20.000000596046448,38.740636110305786,24.52669322490692
-15.000000447034836,60.0,-5.033339895308018,35.40423631668091
54.99999940395355,30.0,54.339537620544434,28.294522762298584
35.00000059604645,49.999998807907104,35.01573979854584,43.81965637207031
-45.0,40.000001192092896,-45.577431321144104,35.28811454772949
70.0000011920929,20.000000596046448,57.5542938709259,23.266602158546448
5.000000037252903,40.000001192092896,5.851397216320038,32.0186984539032
-25.000001192092896,10.000000298023224,-23.02723914384842,22.180051803588867
-5.000000037252903,10.000000298023224,-6.109862253069878,27.95911967754364
-90.0,20.000000596046448,-71.94914638996124,20.118058919906616
35.00000059604645,0.0,31.525845229625702,10.768078565597534
50.00000238418579,20.000000596046448,47.28943169116974,17.492850422859192
0.0,20.000000596046448,3.6393392086029053,28.63438904285431
-80.00000059604645,60.0,-72.47436583042145,55.6944465637207
70.0000011920929,60.0,56.39655590057373,51.61596894264221
90.0,30.0,67.87939310073853,26.974729299545288
-30.00000089406967,20.000000596046448,-30.716577172279358,25.740432143211365
60.00000178813934,10.000000298023224,53.58887314796448,5.213223695755005
15.000000447034836,60.0,4.121037796139717,31.32782220840454
-64.9999988079071,20.000000596046448,-60.132797956466675,20.069854259490967
-35.00000059604645,60.0,-23.94047498703003,41.51773452758789
60.00000178813934,10.000000298023224,49.52614724636078,5.042933821678162
-70.0000011920929,40.000001192092896,-54.71116304397583,31.338579654693604
-70.0000011920929,49.999998807907104,-60.24545073509216,47.42959141731262
-54.99999940395355,49.999998807907104,-45.13282299041748,43.32271099090576
-5.000000037252903,30.0,-6.910175755620003,38.44583988189697
35.00000059604645,30.0,29.83039677143097,29.21505868434906
10.000000074505806,20.000000596046448,9.037370011210442,26.996355056762695
60.00000178813934,60.0,43.30950826406479,49.855345487594604
-45.0,49.999998807907104,-43.378400802612305,44.24308776855469
-5.000000037252903,20.000000596046448,-6.022748798131943,32.59310245513916
74.99999821186066,49.999998807907104,54.85775113105774,36.20168209075928
35.00000059604645,40.000001192092896,21.887111216783524,33.08683633804321
84.99999761581421,10.000000298023224,80.93365609645844,5.233785510063171
70.0000011920929,30.0,53.93943250179291,25.05662441253662
10.000000074505806,10.000000298023224,8.920508176088333,31.13731026649475
-54.99999940395355,20.000000596046448,-46.79555654525757,21.242716312408447
70.0000011920929,30.0,63.63178253173828,21.906575560569763
-20.000000149011612,49.999998807907104,-20.803371369838715,29.49188232421875
74.99999821186066,40.000001192092896,67.8074187040329,29.94908094406128
30.00000089406967,30.0,23.803269267082214,23.879955410957336
-25.000001192092896,49.999998807907104,-16.90422534942627,36.10965013504028
-64.9999988079071,60.0,-59.700865745544434,57.92609095573425
-54.99999940395355,20.000000596046448,-41.817832589149475,21.77120804786682
-40.000000298023224,10.000000298023224,-48.478299379348755,18.60394299030304
-15.000000447034836,30.0,-12.427503168582916,31.17642045021057
30.00000089406967,30.0,37.38718807697296,35.74596405029297
-70.0000011920929,30.0,-52.808398604393005,26.12412929534912
-80.00000059604645,40.000001192092896,-47.81506955623627,27.422229051589966
-50.00000238418579,0.0,-50.09485065937042,27.609039545059204
45.0,60.0,41.538279354572296,51.13779544830322
64.9999988079071,49.999998807907104,64.01213049888611,36.07789993286133
-15.000000447034836,49.999998807907104,-11.534259170293808,39.00856375694275
-5.000000037252903,0.0,-4.969434253871441,32.191375494003296
30.00000089406967,60.0,15.513041317462921,24.928672313690186
74.99999821186066,49.999998807907104,49.71707761287689,21.93782150745392
35.00000059604645,60.0,23.077957034111023,39.64019536972046
-74.99999821186066,30.0,-62.69874393939972,28.69859755039215
-80.00000059604645,60.0,-73.3344429731369,45.653640031814575
-84.99999761581421,10.000000298023224,-60.84280550479889,13.398606777191162
-50.00000238418579,40.000001192092896,-51.24454200267792,35.605759620666504
90.0,60.0,67.36465036869049,49.89131569862366
80.00000059604645,0.0,69.01739001274109,2.2216129302978516
80.00000059604645,60.0,69.54082310199738,53.89593243598938
74.99999821186066,30.0,57.60034739971161,24.1839337348938
70.0000011920929,0.0,60.63798666000366,10.41867345571518
20.000000149011612,20.000000596046448,24.340542554855347,25.39419651031494
-70.0000011920929,30.0,-56.93070709705353,23.93749237060547
-64.9999988079071,0.0,-62.195481061935425,20.17913818359375
-60.00000178813934,40.000001192092896,-46.72464966773987,35.27900218963623
-50.00000238418579,60.0,-47.74359941482544,53.25189828872681
-30.00000089406967,0.0,-24.066064059734344,21.24845802783966
-30.00000089406967,30.0,-31.420571208000183,36.95956349372864
-25.000001192092896,20.000000596046448,-22.97153502702713,33.12333583831787
-5.000000037252903,30.0,-5.242386236786842,27.84630060195923
45.0,60.0,23.47780466079712,38.18507194519043
20.000000149011612,49.999998807907104,11.929921209812164,35.498785972595215
25.000001192092896,60.0,13.418653160333633,34.01969790458679
10.000000074505806,10.000000298023224,7.1130359172821045,34.95915412902832
5.000000037252903,10.000000298023224,2.816936708986759,31.071274280548096
-25.000001192092896,40.000001192092896,-18.488386273384094,33.56874704360962
40.000000298023224,20.000000596046448,40.608974397182465,27.33022928237915
-20.000000149011612,60.0,-13.983963578939438,36.740520000457764
-30.00000089406967,20.000000596046448,-29.05595451593399,25.430084466934204
-84.99999761581421,20.000000596046448,-78.47313165664673,21.27776563167572
15.000000447034836,60.0,3.773553930222988,28.856595754623413
-35.00000059604645,60.0,-19.987987875938416,40.59632420539856
80.00000059604645,0.0,65.3256243467331,6.3468557596206665
20.000000149011612,30.0,6.92904107272625,26.114802360534668
-35.00000059604645,0.0,-33.378819823265076,8.504682183265686
-84.99999761581421,0.0,-69.99887466430664,5.554845929145813
35.00000059604645,10.000000298023224,32.87806749343872,3.4516480565071106
20.000000149011612,20.000000596046448,25.674842298030853,15.816956162452698
-35.00000059604645,20.000000596046448,-23.761544823646545,21.30315899848938
-30.00000089406967,20.000000596046448,-20.344686806201935,16.782826781272888
-35.00000059604645,20.000000596046448,-32.83182621002197,22.12159752845764
-50.00000238418579,60.0,-50.54833173751831,58.95708203315735
-60.00000178813934,10.000000298023224,-49.28916871547699,11.018419861793518
-64.9999988079071,30.0,-58.508822321891785,21.283854246139526
64.9999988079071,30.0,53.51131975650787,24.498274326324463
84.99999761581421,49.999998807907104,62.342782616615295,35.773608684539795
64.9999988079071,0.0,48.15106987953186,4.976892471313477
-40.000000298023224,20.000000596046448,-33.59892189502716,29.12856101989746
25.000001192092896,0.0,24.506981670856476,14.826344847679138
45.0,49.999998807907104,35.265874564647675,34.374096393585205
-25.000001192092896,49.999998807907104,-18.886546790599823,43.46296191215515
25.000001192092896,40.000001192092896,26.872478127479553,38.353224992752075
10.000000074505806,10.000000298023224,7.496111020445824,25.704045295715332
-10.000000074505806,30.0,-9.929522350430489,30.97203254699707
-5.000000037252903,40.000001192092896,-4.529125839471817,33.641695976257324
-54.99999940395355,49.999998807907104,-53.20472180843353,39.99263048171997
-35.00000059604645,10.000000298023224,-29.30544286966324,15.924466252326965
70.0000011920929,30.0,53.63306522369385,24.97031807899475
-30.00000089406967,49.999998807907104,-39.174644351005554,48.51587533950806
-80.00000059604645,40.000001192092896,-68.43766272068024,33.81963014602661
54.99999940395355,10.000000298023224,39.35532867908478,11.03202223777771
74.99999821186066,60.0,56.395665407180786,48.607224225997925
-5.000000037252903,49.999998807907104,1.2135161831974983,28.25904071331024
-20.000000149011612,10.000000298023224,-17.629145979881287,12.94173538684845
-35.00000059604645,30.0,-39.811545610427856,37.56895065307617
-90.0,20.000000596046448,-71.82943403720856,23.124561309814453
-74.99999821186066,10.000000298023224,-63.52578163146973,12.72529274225235
10.000000074505806,0.0,10.768756046891212,28.98900032043457
-60.00000178813934,49.999998807907104,-43.35037708282471,35.21223306655884
5.000000037252903,60.0,0.9367216005921364,30.075373649597168
20.000000149011612,10.000000298023224,21.124278903007507,29.350317120552063
-45.0,10.000000298023224,-29.365800619125366,11.439666152000427
-20.000000149011612,49.999998807907104,-18.759721219539642,44.33976173400879
70.0000011920929,20.000000596046448,55.616671442985535,24.80483114719391
-5.000000037252903,20.000000596046448,-7.212097272276878,36.97934031486511
5.000000037252903,20.000000596046448,2.9310398921370506,26.52492642402649
-74.99999821186066,0.0,-58.16367030143738,14.2201566696167
-60.00000178813934,30.0,-52.13391959667206,34.2236852645874
20.000000149011612,10.000000298023224,24.01702791452408,35.3145432472229
50.00000238418579,20.000000596046448,40.4512283205986,17.62062907218933
90.0,10.000000298023224,78.16050946712494,6.225839853286743
54.99999940395355,0.0,41.59469962120056,14.190900921821594
54.99999940395355,10.000000298023224,50.876564383506775,13.40243250131607
-25.000001192092896,0.0,-28.013581037521362,29.519240856170654
40.000000298023224,0.0,31.918217539787292,14.046551585197449
40.000000298023224,30.0,46.68241560459137,32.14940428733826
-40.000000298023224,30.0,-33.43110680580139,22.542749047279358
-60.00000178813934,49.999998807907104,-47.369919419288635,36.73982262611389
-70.0000011920929,40.000001192092896,-65.00083565711975,29.70838487148285
-84.99999761581421,10.000000298023224,-64.00615990161896,12.735153436660767
84.99999761581421,30.0,56.96968495845795,31.745495796203613
-15.000000447034836,60.0,-4.962417595088482,30.796473026275635
70.0000011920929,60.0,62.32691466808319,53.476377725601196
-64.9999988079071,60.0,-58.33831429481506,53.07884216308594
-74.99999821186066,49.999998807907104,-59.77387547492981,35.00689744949341
25.000001192092896,0.0,30.041663646697998,21.26223921775818
35.00000059604645,20.000000596046448,25.099556744098663,14.134073853492737
10.000000074505806,0.0,6.414866968989372,27.724762558937073
-30.00000089406967,20.000000596046448,-18.04256021976471,21.346893310546875
-5.000000037252903,60.0,0.6840536138042808,28.56123983860016
5.000000037252903,20.000000596046448,2.865610420703888,30.5311918258667
-74.99999821186066,60.0,-47.01417803764343,42.8504204750061
60.00000178813934,20.000000596046448,50.48549830913544,18.687129020690918
0.0,60.0,1.5731683932244778,27.110495567321777
-10.000000074505806,10.000000298023224,-6.328089460730553,18.610880970954895
30.00000089406967,60.0,11.15060068666935,32.433743476867676
-45.0,49.999998807907104,-37.38971471786499,37.362377643585205
-80.00000059604645,10.000000298023224,-64.06017422676086,10.877981185913086
45.0,60.0,44.79893624782562,52.263468503952026
35.00000059604645,10.000000298023224,29.555851221084595,9.927053153514862
5.000000037252903,20.000000596046448,2.799884732812643,30.199098587036133
30.00000089406967,20.000000596046448,35.44942080974579,32.09450125694275
15.000000447034836,40.000001192092896,5.138801336288452,25.186813473701477
-30.00000089406967,40.000001192092896,-24.272940158843994,30.067226886749268
-30.00000089406967,60.0,-17.927832752466202,37.32009172439575
90.0,60.0,71.58606112003326,48.002389669418335
74.99999821186066,60.0,61.763511300086975,48.62765908241272
50.00000238418579,0.0,46.03875517845154,18.387832045555115
5.000000037252903,60.0,1.7635363340377808,27.873204946517944
10.000000074505806,20.000000596046448,8.072001412510872,26.53103470802307
84.99999761581421,49.999998807907104,62.65309274196625,33.68720769882202
35.00000059604645,40.000001192092896,32.49170333147049,32.85742521286011
-5.000000037252903,40.000001192092896,-5.330229587852955,30.035548210144043
-54.99999940395355,20.000000596046448,-40.934409499168396,17.804535627365112
-45.0,20.000000596046448,-28.713358640670776,15.264124274253845
-10.000000074505806,10.000000298023224,-7.9328034818172455,16.518312692642212
80.00000059604645,10.000000298023224,82.63020157814026,10.41782945394516
15.000000447034836,10.000000298023224,14.865226149559021,21.124057173728943
90.0,60.0,63.761510252952576,50.14292120933533
64.9999988079071,40.000001192092896,45.697975158691406,25.473564863204956
-10.000000074505806,10.000000298023224,-3.6640286073088646,10.481092929840088
-60.00000178813934,20.000000596046448,-59.52994465827942,9.247525334358215
-50.00000238418579,20.000000596046448,-34.40114915370941,14.975629448890686
-10.000000074505806,10.000000298023224,-8.5286595672369,21.098620891571045
64.9999988079071,0.0,45.3982275724411,17.90326952934265
54.99999940395355,60.0,33.16047191619873,37.315778732299805
-25.000001192092896,20.000000596046448,-14.762187749147415,19.250203371047974
-30.00000089406967,20.000000596046448,-26.946906745433807,13.56039583683014
25.000001192092896,0.0,23.821899890899658,26.357322335243225
74.99999821186066,0.0,66.07703447341919,10.042132437229156
74.99999821186066,40.000001192092896,47.90686011314392,26.42064392566681
54.99999940395355,0.0,50.445093512535095,18.69244694709778
15.000000447034836,30.0,8.481813445687294,23.116119503974915
15.000000447034836,49.999998807907104,8.809355422854424,33.9839243888855
5.000000037252903,20.000000596046448,0.26882427278906107,24.038532972335815
-25.000001192092896,60.0,-16.110272705554962,28.272782564163208
-60.00000178813934,10.000000298023224,-36.49529993534088,10.303747057914734
-80.00000059604645,0.0,-68.52324664592743,3.2701706886291504
-84.99999761581421,49.999998807907104,-68.84438216686249,43.62887978553772
-84.99999761581421,0.0,-62.67873466014862,5.7629066705703735
-74.99999821186066,20.000000596046448,-58.39713513851166,22.800811529159546
-60.00000178813934,10.000000298023224,-51.94868087768555,18.176751136779785
-15.000000447034836,49.999998807907104,-19.25826609134674,40.59774041175842
35.00000059604645,60.0,24.35817003250122,41.45536780357361
64.9999988079071,30.0,42.42850184440613,29.232805967330933
84.99999761581421,30.0,57.34610617160797,26.97892427444458
70.0000011920929,20.000000596046448,75.89101731777191,13.079044818878174
40.000000298023224,20.000000596046448,43.9121013879776,36.61897659301758
-5.000000037252903,49.999998807907104,-7.5322262942790985,30.443665981292725
-20.000000149011612,60.0,-15.479768514633179,35.81594467163086
-25.000001192092896,20.000000596046448,-17.866204977035522,23.166434168815613
-25.000001192092896,60.0,-20.75824722647667,47.405022382736206
-35.00000059604645,60.0,-19.17767107486725,45.12318134307861
-80.00000059604645,30.0,-52.662513256073,25.063639283180237
-70.0000011920929,60.0,-47.696022391319275,40.60912728309631
-25.000001192092896,60.0,-10.084775984287262,35.362011194229126
45.0,49.999998807907104,36.23855084180832,28.12378764152527
84.99999761581421,0.0,66.8972647190094,4.626015722751617
74.99999821186066,30.0,67.59425282478333,27.48098373413086
60.00000178813934,30.0,50.681803822517395,23.62955868244171
35.00000059604645,40.000001192092896,35.232810974121094,41.218732595443726
20.000000149011612,30.0,23.88923406600952,24.15191888809204
-20.000000149011612,10.000000298023224,-8.519790843129158,21.64146602153778
-15.000000447034836,49.999998807907104,-12.939876168966293,29.76808726787567
70.0000011920929,30.0,57.97483742237091,20.51835536956787
60.00000178813934,20.000000596046448,47.06148684024811,11.63071095943451
45.0,49.999998807907104,23.87328565120697,40.194218158721924
-45.0,20.000000596046448,-46.036330461502075,32.08120107650757
-54.99999940395355,30.0,-44.844791293144226,31.712626218795776
-54.99999940395355,49.999998807907104,-33.218415677547455,27.239944338798523
-74.99999821186066,10.000000298023224,-67.79682397842407,7.684394717216492
-84.99999761581421,20.000000596046448,-78.12633275985718,21.03795289993286
-70.0000011920929,30.0,-60.756255984306335,24.715951681137085
-64.9999988079071,30.0,-43.19267392158508,26.624459624290466
-60.00000178813934,49.999998807907104,-49.0530002117157,36.46390914916992
-54.99999940395355,0.0,-62.65553891658783,8.39285284280777
-50.00000238418579,0.0,-41.94064557552338,14.203828275203705
-40.000000298023224,10.000000298023224,-45.491761565208435,14.3846395611763
-5.000000037252903,20.000000596046448,-10.397000536322594,27.606003284454346
-40.000000298023224,40.000001192092896,-47.38621652126312,44.771472215652466
30.00000089406967,0.0,22.605547606945038,3.6615023016929626
-90.0,60.0,-80.67537009716034,54.21565890312195
84.99999761581421,49.999998807907104,84.76176917552948,52.488380670547485
40.000000298023224,20.000000596046448,39.71424847841263,33.225603103637695
-70.0000011920929,40.000001192092896,-60.9583443403244,31.457090377807617
-84.99999761581421,10.000000298023224,-74.17253136634827,7.016066908836365
74.99999821186066,10.000000298023224,78.69431734085083,1.7795097827911377
35.00000059604645,20.000000596046448,22.667967975139618,22.397589683532715
-80.00000059604645,0.0,-72.82466232776642,5.295978784561157
-90.0,0.0,-70.7154643535614,3.038170337677002
64.9999988079071,10.000000298023224,63.874645829200745,7.467924356460571
45.0,30.0,37.90108859539032,27.409905195236206
-45.0,10.000000298023224,-46.60597801208496,13.681039810180664
15.000000447034836,60.0,8.62392358481884,35.34778833389282
-54.99999940395355,49.999998807907104,-53.98629069328308,46.68992757797241
-60.00000178813934,0.0,-58.27943444252014,6.987522840499878
90.0,0.0,78.18956315517426,-3.1137067079544067
-84.99999761581421,49.999998807907104,-72.88575232028961,48.442150354385376
-10.000000074505806,49.999998807907104,-11.019490286707878,27.433696389198303
25.000001192092896,30.0,21.86347022652626,36.070425510406494
-45.0,49.999998807907104,-61.261868476867676,50.833847522735596
84.99999761581421,60.0,76.11965954303741,60.10740280151367
80.00000059604645,0.0,71.31833374500275,-6.739829778671265
-5.000000037252903,10.000000298023224,-4.375583790242672,24.105902910232544
70.0000011920929,49.999998807907104,66.3543051481247,44.41300392150879
54.99999940395355,10.000000298023224,41.92650228738785,10.76158583164215
-10.000000074505806,0.0,-4.365120492875576,11.338056921958923
50.00000238418579,10.000000298023224,57.80212461948395,12.272549271583557
-74.99999821186066,60.0,-80.42792022228241,59.515897035598755
-84.99999761581421,30.0,-76.18446707725525,26.65835738182068
-64.9999988079071,40.000001192092896,-51.917025446891785,27.506090998649597
-70.0000011920929,30.0,-61.861905455589294,24.462470412254333
84.99999761581421,40.000001192092896,69.53581273555756,32.14289903640747
-70.0000011920929,0.0,-79.4145119190216,-5.864267349243164
0.0,20.000000596046448,2.5398236140608788,26.32778763771057
-45.0,49.999998807907104,-51.90410792827606,47.52070069313049
-20.000000149011612,0.0,-15.033832490444183,13.81661742925644
60.00000178813934,30.0,61.11047923564911,30.710577964782715
64.9999988079071,60.0,52.685295939445496,48.14773678779602
5.000000037252903,30.0,6.490940451622009,25.1626718044281
-80.00000059604645,0.0,-82.05344617366791,8.867083489894867
-30.00000089406967,49.999998807907104,-36.2253999710083,51.3557767868042
-25.000001192092896,49.999998807907104,-24.75895643234253,45.43438196182251
80.00000059604645,20.000000596046448,76.76765441894531,15.225303769111633
64.9999988079071,60.0,61.966018080711365,54.313985109329224
40.000000298023224,10.000000298023224,51.69468641281128,17.70551562309265
-80.00000059604645,60.0,-91.35576009750366,58.04622530937195
-30.00000089406967,0.0,-34.472935795784,14.318665266036987
-25.000001192092896,49.999998807907104,-20.247102677822113,39.570865631103516
-5.000000037252903,20.000000596046448,-9.404115155339241,29.031910300254822
-5.000000037252903,49.999998807907104,-4.361299015581608,29.064804911613464
50.00000238418579,0.0,45.51036536693573,9.644994735717773
40.000000298023224,30.0,38.2588067650795,37.524147033691406
-35.00000059604645,0.0,-26.91749632358551,11.227920055389404
-45.0,20.000000596046448,-37.23144292831421,19.149407744407654
-84.99999761581421,40.000001192092896,-77.9819118976593,30.002546310424805
-50.00000238418579,30.0,-60.10091722011566,19.385265111923218
-25.000001192092896,49.999998807907104,-24.050874710083008,45.42248725891113
-5.000000037252903,40.000001192092896,-4.259599037468433,41.255972385406494
50.00000238418579,10.000000298023224,39.001362919807434,9.587037563323975
80.00000059604645,0.0,66.85938656330109,0.8849412202835083
0.0,49.999998807907104,4.016141965985298,33.98453950881958
-5.000000037252903,30.0,-5.634193941950798,28.710266947746277
-90.0,10.000000298023224,-74.29214179515839,8.42794418334961
-25.000001192092896,10.000000298023224,-13.950790017843246,22.735869884490967
15.000000447034836,20.000000596046448,14.28485244512558,19.99013364315033
84.99999761581421,60.0,72.94836580753326,63.54901313781738
15.000000447034836,30.0,9.164451733231544,32.23495960235596
-20.000000149011612,60.0,-18.284303694963455,35.62673091888428
-54.99999940395355,60.0,-46.91186249256134,51.6238796710968
-74.99999821186066,30.0,-77.101691365242,28.095252513885498
-84.99999761581421,10.000000298023224,-66.34437024593353,12.223561406135559
-90.0,0.0,-86.23902261257172,0.45264244079589844
10.000000074505806,30.0,12.955917119979858,29.97102677822113
30.00000089406967,10.000000298023224,23.834677934646606,23.07365119457245
50.00000238418579,0.0,54.557263255119324,10.265640020370483
50.00000238418579,30.0,58.75832140445709,17.890559434890747
90.0,0.0,73.1852799654007,4.251261949539185
30.00000089406967,20.000000596046448,36.90061658620834,37.10497498512268
-5.000000037252903,49.999998807907104,-0.6120031932368875,28.54116439819336
-80.00000059604645,49.999998807907104,-72.61171638965607,46.19892954826355
-84.99999761581421,30.0,-75.06028354167938,25.6400728225708
-74.99999821186066,0.0,-67.25958824157715,9.611270427703857
-74.99999821186066,49.999998807907104,-73.0962735414505,49.26296353340149
-64.9999988079071,20.000000596046448,-59.90520715713501,18.910258412361145
-40.000000298023224,10.000000298023224,-46.17981255054474,8.799185156822205
-35.00000059604645,0.0,-30.059999227523804,20.03520369529724
-10.000000074505806,20.000000596046448,-8.20918969810009,11.054807603359222
80.00000059604645,0.0,61.67223036289215,2.9223203659057617
5.000000037252903,49.999998807907104,13.359171152114868,42.72265434265137
15.000000447034836,20.000000596046448,10.209039375185966,25.86325764656067
-54.99999940395355,0.0,-48.78884553909302,10.5157470703125
-30.00000089406967,49.999998807907104,-25.573465526103973,44.61570739746094
-45.0,60.0,-48.70433449745178,56.726449728012085
54.99999940395355,30.0,60.840134024620056,28.66403818130493
35.00000059604645,0.0,27.248915433883667,5.62132716178894
-50.00000238418579,60.0,-47.17081367969513,58.119624853134155
-35.00000059604645,49.999998807907104,-39.65862214565277,48.169816732406616
54.99999940395355,20.000000596046448,43.637692630290985,12.945625483989716
30.00000089406967,0.0,31.89883589744568,16.45420253276825
84.99999761581421,40.000001192092896,81.93460285663605,26.94009840488434
-20.000000149011612,40.000001192092896,-18.326551169157028,26.187254190444946
60.00000178813934,49.999998807907104,66.05649411678314,44.14070963859558
20.000000149011612,10.000000298023224,17.96340823173523,8.304977416992188
45.0,30.0,52.68973767757416,30.058361291885376
0.0,30.0,0.42923286091536283,26.91802740097046
-60.00000178813934,40.000001192092896,-41.35222792625427,39.01048421859741
-30.00000089406967,0.0,-33.452988266944885,16.822380423545837
60.00000178813934,0.0,57.09578096866608,5.975193679332733
-60.00000178813934,60.0,-49.24253582954407,47.799224853515625
35.00000059604645,40.000001192092896,34.566609263420105,38.48489284515381
80.00000059604645,30.0,66.19814157485962,18.54147434234619
25.000001192092896,0.0,24.34733659029007,15.091443657875061
-35.00000059604645,49.999998807907104,-44.99225914478302,50.653542280197144
-10.000000074505806,60.0,-8.263444751501083,33.51912260055542
-80.00000059604645,0.0,-82.70382821559906,-3.7315964698791504
-35.00000059604645,20.000000596046448,-38.45968008041382,14.007796347141266
84.99999761581421,0.0,78.12130630016327,-1.2099981307983398
80.00000059604645,60.0,78.83101880550385,55.62914729118347
-25.000001192092896,10.000000298023224,-13.090494275093079,12.877920269966125
-25.000001192092896,40.000001192092896,-21.819684505462646,34.734710454940796
-84.99999761581421,49.999998807907104,-79.17195975780487,47.86957025527954
-10.000000074505806,0.0,-4.4523754343390465,8.926630318164825
-74.99999821186066,0.0,-82.18777120113373,-3.5438543558120728
-20.000000149011612,60.0,-28.64225059747696,61.471474170684814
64.9999988079071,0.0,62.16915249824524,11.436445713043213
-70.0000011920929,30.0,-58.55783700942993,23.519298434257507
-15.000000447034836,30.0,-13.485366404056549,31.434345245361328
54.99999940395355,10.000000298023224,39.60303336381912,12.903076708316803
-70.0000011920929,40.000001192092896,-55.53386628627777,38.037614822387695
60.00000178813934,30.0,59.766885638237,25.874834060668945
70.0000011920929,0.0,75.58622181415558,4.483789801597595
-70.0000011920929,0.0,-74.80260372161865,1.952546238899231
-25.000001192092896,10.000000298023224,-11.821124106645584,15.70693552494049
-50.00000238418579,10.000000298023224,-51.26217484474182,19.80968713760376
80.00000059604645,49.999998807907104,79.13776695728302,50.62168836593628
-40.000000298023224,49.999998807907104,-43.73441845178604,44.54050898551941
-35.00000059604645,40.000001192092896,-38.02516222000122,43.16776514053345
15.000000447034836,10.000000298023224,11.275970488786697,20.593051314353943
45.0,10.000000298023224,42.52973645925522,11.478268504142761
64.9999988079071,30.0,59.64100420475006,30.43567657470703
64.9999988079071,10.000000298023224,78.89082670211792,2.5912240147590637
-45.0,20.000000596046448,-43.82222592830658,29.68062937259674
-70.0000011920929,20.000000596046448,-60.79807162284851,10.825914144515991
-25.000001192092896,0.0,-23.331404328346252,16.29585564136505
-25.000001192092896,20.000000596046448,-18.862011283636093,15.2029949426651
-20.000000149011612,40.000001192092896,-20.15436127781868,33.30723524093628
-5.000000037252903,30.0,-9.509422704577446,28.699098229408264
74.99999821186066,49.999998807907104,76.05520606040955,47.40035891532898
-90.0,20.000000596046448,-87.36602246761322,17.359102964401245
-50.00000238418579,40.000001192092896,-46.782161593437195,33.39239001274109
10.000000074505806,30.0,13.181831538677216,34.74550008773804
-5.000000037252903,30.0,-1.9157862290740013,35.433146953582764
-60.00000178813934,20.000000596046448,-59.49164807796478,13.445722460746765
-45.0,0.0,-49.82744514942169,12.518569529056549
30.00000089406967,20.000000596046448,25.214416980743408,9.708468317985535
15.000000447034836,10.000000298023224,11.265661418437958,19.06953513622284
-54.99999940395355,30.0,-46.87540590763092,28.96939516067505
30.00000089406967,49.999998807907104,43.421721160411835,50.72417736053467
50.00000238418579,40.000001192092896,51.270854473114014,31.42013669013977
70.0000011920929,40.000001192092896,48.198378682136536,27.446252703666687
60.00000178813934,10.000000298023224,56.08994722366333,10.57377576828003
-84.99999761581421,60.0,-92.39035248756409,64.03212547302246
45.0,60.0,53.699047565460205,53.394774198532104
60.00000178813934,0.0,39.285961389541626,8.339871168136597
80.00000059604645,10.000000298023224,83.80353391170502,5.516119301319122
64.9999988079071,60.0,57.002445459365845,48.709062337875366
-15.000000447034836,20.000000596046448,-6.757925525307655,12.111625671386719
90.0,49.999998807907104,70.70571720600128,44.6849262714386
-20.000000149011612,30.0,-19.02830019593239,30.72636365890503
5.000000037252903,49.999998807907104,15.892116576433182,45.51867485046387
-20.000000149011612,40.000001192092896,-23.330934941768646,38.9167320728302
-64.9999988079071,40.000001192092896,-67.29735910892487,39.79981184005737
-70.0000011920929,20.000000596046448,-75.19138991832733,21.632110476493835
-64.9999988079071,0.0,-75.18661558628082,6.3403889536857605
50.00000238418579,40.000001192092896,38.80303233861923,33.06019306182861
80.00000059604645,40.000001192092896,72.73470640182495,36.58748388290405
-25.000001192092896,10.000000298023224,-19.513537287712097,13.893367946147919
-70.0000011920929,49.999998807907104,-53.74884009361267,42.4974524974823
84.99999761581421,20.000000596046448,78.72071027755737,17.27632999420166
-50.00000238418579,40.000001192092896,-42.83357173204422,37.660346031188965
80.00000059604645,10.000000298023224,77.02758729457855,5.007730722427368
20.000000149011612,0.0,21.49029314517975,22.235124707221985
60.00000178813934,0.0,53.45816910266876,5.3625717759132385
40.000000298023224,0.0,42.59303390979767,7.207186818122864
30.00000089406967,49.999998807907104,35.50639897584915,54.05823111534119
25.000001192092896,40.000001192092896,32.6763653755188,44.432533979415894
-74.99999821186066,60.0,-75.76727092266083,54.96456742286682
5.000000037252903,20.000000596046448,3.95877119153738,30.691723823547363
-20.000000149011612,20.000000596046448,-17.892340421676636,12.386478781700134
-84.99999761581421,49.999998807907104,-74.7587925195694,47.50653862953186
25.000001192092896,40.000001192092896,21.95188656449318,31.186659336090088
80.00000059604645,60.0,77.35743999481201,63.34583759307861
-35.00000059604645,40.000001192092896,-37.41002976894379,40.38708686828613
-90.0,30.0,-75.32870829105377,25.14553427696228
5.000000037252903,20.000000596046448,0.20793770905584097,24.87340807914734
-35.00000059604645,10.000000298023224,-28.911927938461304,19.796247482299805
-60.00000178813934,49.999998807907104,-40.026074051856995,31.363216638565063
-64.9999988079071,20.000000596046448,-74.33806657791138,25.031391978263855
-64.9999988079071,40.000001192092896,-51.08936011791229,27.245365977287292
-70.0000011920929,10.000000298023224,-53.17981481552124,12.132145464420319
-70.0000011920929,30.0,-60.37031292915344,24.123276472091675
-45.0,20.000000596046448,-43.70176523923874,31.68216347694397
-25.000001192092896,10.000000298023224,-20.454724431037903,15.472129583358765
-10.000000074505806,49.999998807907104,-8.036069869995117,44.743309020996094
60.00000178813934,49.999998807907104,52.102548480033875,44.126293659210205
74.99999821186066,60.0,73.34456026554108,61.083126068115234
64.9999988079071,20.000000596046448,68.87699782848358,14.60852175951004
40.000000298023224,30.0,41.8001326918602,36.01192831993103
20.000000149011612,49.999998807907104,15.384389162063599,43.7414824962616
-20.000000149011612,10.000000298023224,-12.434330731630325,13.221273422241211
-30.00000089406967,0.0,-20.42523890733719,13.527752459049225
-70.0000011920929,49.999998807907104,-44.17433559894562,43.620872497558594
-90.0,60.0,-70.55799722671509,56.811561584472656
-74.99999821186066,20.000000596046448,-67.91140258312225,19.3466717004776
-60.00000178813934,30.0,-50.220383405685425,30.547549724578857
-25.000001192092896,0.0,-27.981056571006775,21.67759358882904
45.0,0.0,48.08486759662628,3.3109670877456665
70.0000011920929,0.0,79.03723776340485,8.042416870594025
64.9999988079071,40.000001192092896,62.06578552722931,35.433000326156616
25.000001192092896,49.999998807907104,28.181216418743134,44.05335187911987
-10.000000074505806,10.000000298023224,-7.952660545706749,17.895208597183228
-10.000000074505806,30.0,-15.62549963593483,26.555054783821106
-45.0,30.0,-32.499720454216,20.54723560810089
-74.99999821186066,30.0,-81.74507796764374,28.44421148300171
-64.9999988079071,49.999998807907104,-55.71042537689209,47.46886968612671
-45.0,0.0,-34.04149442911148,11.647553443908691
-30.00000089406967,60.0,-30.88190048933029,49.1836416721344
0.0,0.0,2.285315841436386,23.97968888282776
25.000001192092896,10.000000298023224,25.84507942199707,15.365347266197205
25.000001192092896,49.999998807907104,24.10112053155899,38.60183000564575
35.00000059604645,0.0,33.625996112823486,5.667805373668671
64.9999988079071,30.0,59.01007890701294,25.942193269729614
74.99999821186066,49.999998807907104,55.12845575809479,42.12622046470642
80.00000059604645,49.999998807907104,80.26212751865387,43.43888282775879
74.99999821186066,10.000000298023224,55.69687485694885,7.676677107810974
60.00000178813934,60.0,60.80899357795715,52.72441506385803
50.00000238418579,49.999998807907104,45.023126006126404,33.88246536254883
45.0,30.0,44.90539848804474,22.611944675445557
5.000000037252903,40.000001192092896,4.019876942038536,34.919400215148926
-35.00000059604645,10.000000298023224,-29.962592124938965,18.105465173721313
-54.99999940395355,40.000001192092896,-36.73731565475464,26.298163533210754
-90.0,0.0,-79.2517876625061,-3.854268193244934
-45.0,49.999998807907104,-50.984196066856384,39.65332746505737
-10.000000074505806,10.000000298023224,-6.793924123048782,13.420159220695496
54.99999940395355,0.0,47.01846420764923,10.679326057434082
30.00000089406967,20.000000596046448,15.406477153301239,6.34677529335022
20.000000149011612,10.000000298023224,17.52661183476448,13.767533898353577
10.000000074505806,0.0,15.829979181289673,27.48148798942566
60.00000178813934,0.0,50.01283407211304,8.415724039077759
54.99999940395355,20.000000596046448,53.49541962146759,15.158674120903015
60.00000178813934,10.000000298023224,57.492565512657166,5.225079953670502
-5.000000037252903,60.0,-0.9367744065821171,27.576617002487183
60.00000178813934,40.000001192092896,62.087886929512024,38.79416227340698
-5.000000037252903,40.000001192092896,-2.1121782436966896,34.41975116729736
-50.00000238418579,40.000001192092896,-46.70310080051422,37.72979736328125
-54.99999940395355,20.000000596046448,-47.038827538490295,17.867671251296997
25.000001192092896,49.999998807907104,25.24983823299408,41.01048946380615
35.00000059604645,60.0,19.330500662326813,45.61466574668884
5.000000037252903,10.000000298023224,2.190721035003662,27.379817962646484
74.99999821186066,49.999998807907104,63.91525447368622,41.107378005981445
30.00000089406967,20.000000596046448,31.75045073032379,23.972530961036682
45.0,60.0,33.546130657196045,36.48420810699463
-60.00000178813934,40.000001192092896,-42.06791639328003,31.53074026107788
90.0,49.999998807907104,75.21939218044281,44.164531230926514
-25.000001192092896,60.0,-13.698635548353195,46.61681771278381
-45.0,40.000001192092896,-54.62134122848511,38.122429847717285
-80.00000059604645,10.000000298023224,-65.51566958427429,9.505864083766937
-64.9999988079071,20.000000596046448,-62.64354407787323,17.01897382736206
54.99999940395355,60.0,48.13279867172241,51.37742757797241
-35.00000059604645,0.0,-32.865241169929504,14.619608223438263
-25.000001192092896,30.0,-16.301587969064713,20.077938437461853
60.00000178813934,20.000000596046448,51.29539668560028,13.858082592487335
-54.99999940395355,20.000000596046448,-59.947280287742615,19.989051818847656
40.000000298023224,10.000000298023224,52.357937693595886,20.54608941078186
30.00000089406967,0.0,24.196475744247437,9.431941509246826
-5.000000037252903,60.0,-8.117824271321297,40.49023389816284
-45.0,20.000000596046448,-43.08582007884979,21.83420956134796
80.00000059604645,20.000000596046448,75.71430802345276,12.323931455612183
-60.00000178813934,10.000000298023224,-47.939207553863525,5.7252466678619385
80.00000059604645,60.0,72.49668180942535,56.929779052734375
70.0000011920929,30.0,76.43319368362427,24.297643303871155
54.99999940395355,40.000001192092896,48.760194182395935,34.947659969329834
-15.000000447034836,0.0,-8.793500885367393,20.32509684562683
-50.00000238418579,60.0,-44.860063791275024,48.73709321022034
-60.00000178813934,20.000000596046448,-42.69738793373108,16.763269901275635
-25.000001192092896,10.000000298023224,-24.99516785144806,23.33440661430359
-20.000000149011612,0.0,-12.895399779081345,17.01696753501892
5.000000037252903,30.0,4.6062252670526505,30.744863748550415
40.000000298023224,10.000000298023224,42.42332249879837,16.257339119911194
-10.000000074505806,49.999998807907104,-10.351593419909477,26.753903031349182
-64.9999988079071,20.000000596046448,-73.62289845943451,11.309629082679749
-84.99999761581421,20.000000596046448,-87.45496451854706,19.389925003051758
84.99999761581421,30.0,80.95835387706757,34.404730796813965
74.99999821186066,49.999998807907104,55.463876724243164,37.875516414642334
-20.000000149011612,60.0,-20.33766210079193,39.5154333114624
-30.00000089406967,10.000000298023224,-24.14441406726837,12.080842852592468
-84.99999761581421,30.0,-77.86689341068268,26.1273193359375
-80.00000059604645,10.000000298023224,-80.41705191135406,6.439236402511597
-40.000000298023224,60.0,-25.450282394886017,40.294296741485596
40.000000298023224,30.0,39.255386888980865,24.057201147079468
50.00000238418579,10.000000298023224,45.670015811920166,9.644125699996948
74.99999821186066,0.0,55.140541791915894,6.459184885025024
80.00000059604645,30.0,89.26833093166351,27.99694061279297
30.00000089406967,0.0,26.40499323606491,13.681918680667877
0.0,10.000000298023224,-0.06871957797557116,28.67693781852722
-45.0,0.0,-35.95970839262009,6.350990831851959
-70.0000011920929,0.0,-62.15472757816315,-0.9543657302856445
-70.0000011920929,30.0,-67.36275136470795,21.725914478302002
-84.99999761581421,10.000000298023224,-67.80123889446259,11.010678112506866
-35.00000059604645,60.0,-22.954894602298737,45.41407585144043
20.000000149011612,0.0,17.902514040470123,23.401935696601868
54.99999940395355,0.0,66.78634464740753,11.519240140914917
54.99999940395355,10.000000298023224,41.15652859210968,14.620496928691864
54.99999940395355,20.000000596046448,41.691023111343384,15.820966958999634
90.0,30.0,69.1003292798996,25.56130886077881
60.00000178813934,40.000001192092896,56.51193916797638,32.01922416687012
35.00000059604645,20.000000596046448,33.238623440265656,19.21841025352478
30.00000089406967,10.000000298023224,33.191301226615906,22.999911904335022
30.00000089406967,20.000000596046448,32.343862652778625,30.50344705581665
-74.99999821186066,40.000001192092896,-56.87773883342743,30.921807289123535
-45.0,60.0,-38.573215305805206,45.553117990493774
-5.000000037252903,40.000001192092896,-5.193736664950848,33.56693744659424
10.000000074505806,10.000000298023224,12.105587124824524,25.751713514328003
15.000000447034836,20.000000596046448,17.773603051900864,25.56064009666443
20.000000149011612,60.0,18.26647236943245,37.14893102645874
74.99999821186066,49.999998807907104,63.820964097976685,36.03370428085327
80.00000059604645,20.000000596046448,64.25231158733368,14.559819102287292
54.99999940395355,10.000000298023224,47.90387749671936,16.787484884262085
10.000000074505806,10.000000298023224,7.012724652886391,15.886573791503906
-35.00000059604645,0.0,-31.059052348136902,14.501550793647766
-15.000000447034836,60.0,-5.388546176254749,34.78832244873047
30.00000089406967,49.999998807907104,22.04194575548172,37.16801047325134
90.0,30.0,79.16794717311859,28.897705078125
-54.99999940395355,0.0,-49.00146424770355,12.21637487411499
5.000000037252903,20.000000596046448,0.45750912744551897,24.970489740371704
70.0000011920929,40.000001192092896,59.63754415512085,28.839492201805115
-64.9999988079071,60.0,-37.75249421596527,38.919711112976074
-20.000000149011612,20.000000596046448,-15.514808893203735,14.737771153450012
-70.0000011920929,0.0,-61.434189677238464,7.404642999172211
-54.99999940395355,0.0,-55.09721875190735,0.14566540718078613
-60.00000178813934,0.0,-56.114784479141235,0.6673318147659302
-35.00000059604645,40.000001192092896,-28.278285562992096,34.051451683044434
5.000000037252903,49.999998807907104,12.427639961242676,36.95099472999573
50.00000238418579,0.0,45.499470233917236,17.13138699531555
0.0,40.000001192092896,1.6111364029347897,28.84822368621826
-70.0000011920929,30.0,-70.1404470205307,27.562880516052246
70.0000011920929,20.000000596046448,65.1736181974411,27.628777027130127
20.000000149011612,40.000001192092896,11.419114619493484,33.22755575180054
15.000000447034836,40.000001192092896,11.115615293383598,29.120065569877625
-64.9999988079071,49.999998807907104,-48.13165068626404,38.327293395996094
5.000000037252903,0.0,1.7178546264767647,28.19735884666443
30.00000089406967,0.0,38.306340873241425,16.587663888931274
-50.00000238418579,0.0,-41.20023787021637,7.626959681510925
-35.00000059604645,20.000000596046448,-31.416515707969666,15.548182725906372
45.0,0.0,41.83109074831009,22.556369304656982
-84.99999761581421,10.000000298023224,-70.85913419723511,9.522480368614197
54.99999940395355,30.0,52.21259951591492,31.193819046020508
-60.00000178813934,60.0,-50.95339894294739,49.05622601509094
54.99999940395355,60.0,39.48678374290466,39.521727561950684
40.000000298023224,30.0,35.85034132003784,27.757115364074707
-25.000001192092896,49.999998807907104,-21.906640380620956,35.66069841384888
80.00000059604645,49.999998807907104,70.28022229671478,44.325828552246094
-5.000000037252903,40.000001192092896,-7.4881140142679214,35.820075273513794
70.0000011920929,0.0,66.74679815769196,7.422654032707214
80.00000059604645,0.0,76.20987296104431,-7.024362087249756
5.000000037252903,60.0,8.683639615774155,32.16682434082031
-45.0,49.999998807907104,-53.1829047203064,44.60294723510742
64.9999988079071,20.000000596046448,61.933059096336365,18.655988574028015
80.00000059604645,60.0,76.24887764453888,56.93204641342163
-74.99999821186066,40.000001192092896,-68.34489583969116,38.99645805358887
-40.000000298023224,30.0,-38.462244272232056,27.99268126487732
-35.00000059604645,60.0,-24.039300978183746,56.61476969718933
25.000001192092896,10.000000298023224,27.798964083194733,8.786653876304626
30.00000089406967,30.0,42.785096168518066,33.807005882263184
5.000000037252903,60.0,7.576838806271553,32.92788505554199
-84.99999761581421,10.000000298023224,-78.39605033397675,8.14700961112976
-40.000000298023224,20.000000596046448,-28.933659195899963,21.89050018787384
-25.000001192092896,0.0,-25.49728274345398,4.997913837432861
15.000000447034836,30.0,14.218709170818329,26.861554384231567
-20.000000149011612,20.000000596046448,-7.565367668867111,17.52300202846527
-40.000000298023224,10.000000298023224,-42.783873081207275,24.447247982025146
20.000000149011612,20.000000596046448,23.729851841926575,19.552804827690125
45.0,40.000001192092896,37.65376478433609,31.946067810058594
-20.000000149011612,10.000000298023224,-15.832358300685883,17.74545729160309
84.99999761581421,0.0,83.93299877643585,-1.6564428806304932
90.0,30.0,76.63113534450531,30.36013126373291
-35.00000059604645,60.0,-22.756735682487488,48.08031678199768
-15.000000447034836,60.0,-10.839153304696083,38.15213441848755
-5.000000037252903,49.999998807907104,-5.978335440158844,34.281885623931885
60.00000178813934,60.0,53.824923634529114,52.031933069229126
-5.000000037252903,60.0,2.7603306993842125,27.550233006477356
-54.99999940395355,60.0,-42.315610349178314,46.40892505645752
-70.0000011920929,20.000000596046448,-53.82829785346985,20.25987982749939
-60.00000178813934,49.999998807907104,-46.08468532562256,39.068541526794434
84.99999761581421,10.000000298023224,77.65696227550507,6.735461354255676
-50.00000238418579,49.999998807907104,-37.74248957633972,41.35008215904236
-35.00000059604645,40.000001192092896,-27.224480509757996,33.77871036529541
-74.99999821186066,30.0,-67.666956782341,26.972047090530396
-10.000000074505806,10.000000298023224,-4.632287956774235,27.37340211868286
0.0,0.0,1.144972164183855,27.9294490814209
25.000001192092896,30.0,22.798717617988586,21.685895919799805
54.99999940395355,60.0,47.09868907928467,54.175933599472046
50.00000238418579,60.0,38.95419359207153,47.20917820930481
-60.00000178813934,60.0,-56.178985834121704,55.49227952957153
15.000000447034836,30.0,6.106876954436302,27.67370045185089
80.00000059604645,30.0,70.08791863918304,23.921000361442566
-54.99999940395355,10.000000298023224,-53.24923574924469,8.917267620563507
-35.00000059604645,40.000001192092896,-37.335673570632935,42.884992361068726
84.99999761581421,40.000001192092896,72.57913291454315,32.206621170043945
-20.000000149011612,30.0,-23.94083172082901,20.442457795143127
-40.000000298023224,10.000000298023224,-30.566142797470093,16.923673152923584
0.0,30.0,3.361745662987232,27.111241221427917
60.00000178813934,30.0,59.353777170181274,27.538797855377197
30.00000089406967,30.0,28.68054449558258,24.284343123435974
84.99999761581421,60.0,59.20133650302887,45.6143581867218
70.0000011920929,30.0,69.03962016105652,22.56660282611847
40.000000298023224,30.0,37.1737003326416,29.545946717262268
-64.9999988079071,30.0,-59.91198241710663,23.968573808670044
80.00000059604645,10.000000298023224,67.53699839115143,11.315229535102844
45.0,0.0,42.17776358127594,12.504259049892426
-5.000000037252903,49.999998807907104,-3.8742661848664284,30.486888885498047
-64.9999988079071,49.999998807907104,-61.59665644168854,40.898001194000244
54.99999940395355,0.0,53.43918442726135,15.501401424407959
-20.000000149011612,49.999998807907104,-9.72698874771595,47.563841342926025
20.000000149011612,0.0,25.420469641685486,32.443742752075195
64.9999988079071,30.0,70.76497256755829,28.477655053138733
-45.0,49.999998807907104,-37.382837533950806,45.78242540359497
-80.00000059604645,49.999998807907104,-59.13087487220764,41.39535427093506
-84.99999761581421,60.0,-71.63125097751617,54.49583888053894
80.00000059604645,40.000001192092896,48.95304501056671,25.858869552612305
74.99999821186066,20.000000596046448,72.02038586139679,16.672199964523315
64.9999988079071,49.999998807907104,72.65171349048615,41.50582551956177
45.0,49.999998807907104,36.67611837387085,53.210638761520386
30.00000089406967,49.999998807907104,20.578157007694244,26.02316379547119
-10.000000074505806,20.000000596046448,-3.526507392525673,10.872854590415955
-30.00000089406967,10.000000298023224,-12.307273149490356,14.250251054763794
-54.99999940395355,20.000000596046448,-57.46248185634613,23.897974491119385
-60.00000178813934,30.0,-53.39337229728699,19.37983989715576
-64.9999988079071,40.000001192092896,-58.34434390068054,35.052809715270996
-35.00000059604645,0.0,-35.35755515098572,18.881138563156128
-15.000000447034836,30.0,-8.860595673322678,23.280521035194397
-15.000000447034836,49.999998807907104,-9.547355845570564,35.1950740814209
0.0,40.000001192092896,-0.13707766542211175,30.41842818260193
20.000000149011612,0.0,19.13433998823166,18.28329563140869
25.000001192092896,49.999998807907104,20.976395308971405,32.414445877075195
80.00000059604645,49.999998807907104,80.32707452774048,41.72106742858887
40.000000298023224,60.0,35.908690094947815,41.66920781135559
25.000001192092896,0.0,20.64131498336792,20.721023082733154
-5.000000037252903,60.0,-10.542596876621246,36.2508487701416
-60.00000178813934,10.000000298023224,-65.0763988494873,3.926974833011627
-90.0,0.0,-75.47833263874054,1.7202481627464294
-74.99999821186066,49.999998807907104,-61.03962063789368,34.94137644767761
-54.99999940395355,60.0,-53.15537452697754,47.72189140319824
-30.00000089406967,10.000000298023224,-21.33795440196991,19.704716205596924
0.0,60.0,-1.8366986140608788,30.046952962875366
15.000000447034836,10.000000298023224,9.95740994811058,17.142736315727234
50.00000238418579,20.000000596046448,44.99856233596802,16.677863001823425
50.00000238418579,49.999998807907104,30.603092908859253,39.1652512550354
35.00000059604645,0.0,24.575399458408356,8.612750172615051
-15.000000447034836,49.999998807907104,-1.2315919250249863,22.47299373149872
-20.000000149011612,30.0,-20.714893341064453,33.59342336654663
-40.000000298023224,10.000000298023224,-43.18948209285736,26.11649751663208
-45.0,40.000001192092896,-56.22673988342285,34.360456466674805
-60.00000178813934,0.0,-56.457388401031494,2.500741481781006
-74.99999821186066,0.0,-55.075337290763855,11.475156247615814
-54.99999940395355,0.0,-49.010133147239685,7.613693475723267
-35.00000059604645,10.000000298023224,-37.62574374675751,21.769811511039734
-25.000001192092896,60.0,-12.591076344251633,23.088499903678894
-20.000000149011612,0.0,-30.996661484241486,29.22001004219055
-10.000000074505806,10.000000298023224,-9.159792736172676,20.82333505153656
-10.000000074505806,30.0,-10.067479088902473,25.614725947380066
30.00000089406967,49.999998807907104,25.005027651786804,25.2134370803833
60.00000178813934,10.000000298023224,61.448174715042114,8.616448044776917
45.0,40.000001192092896,29.49089616537094,35.13802528381348
40.000000298023224,40.000001192092896,41.52539402246475,40.623157024383545
20.000000149011612,60.0,12.897218316793442,26.051443219184875
-35.00000059604645,30.0,-36.48124247789383,17.88873553276062
-40.000000298023224,60.0,-21.81432142853737,39.330503940582275
-60.00000178813934,60.0,-42.97146409749985,40.71857213973999
-80.00000059604645,20.000000596046448,-78.69257390499115,17.83159911632538
-70.0000011920929,30.0,-59.5901495218277,26.25259816646576
-64.9999988079071,10.000000298023224,-78.31028401851654,2.754828929901123
-30.00000089406967,49.999998807907104,-28.460453152656555,36.80448532104492
70.0000011920929,10.000000298023224,54.70050394535065,12.613583207130432
70.0000011920929,0.0,50.85114240646362,6.5202221274375916
84.99999761581421,60.0,63.14251005649567,51.27035737037659
64.9999988079071,20.000000596046448,55.77384352684021,16.190314292907715
-45.0,49.999998807907104,-38.17342668771744,38.1365704536438
25.000001192092896,30.0,19.58311378955841,18.951809406280518
-84.99999761581421,60.0,-90.78758239746094,62.86548614501953
0.0,10.000000298023224,0.7679310254752636,28.225661516189575
-15.000000447034836,40.000001192092896,-3.8760679587721825,37.35888719558716
-64.9999988079071,10.000000298023224,-51.60929024219513,14.311473369598389
70.0000011920929,0.0,57.58976876735687,6.556600034236908
35.00000059604645,10.000000298023224,29.938546121120453,11.793099045753479
40.000000298023224,49.999998807907104,41.925196051597595,40.32896161079407
0.0,20.000000596046448,2.54913741722703,28.201891779899597
-50.00000238418579,40.000001192092896,-42.323361933231354,37.77535915374756
-50.00000238418579,20.000000596046448,-50.76038181781769,21.56774640083313
-80.00000059604645,40.000001192092896,-56.880839467048645,27.976806163787842
54.99999940395355,49.999998807907104,41.23096525669098,32.70196080207825
60.00000178813934,20.000000596046448,37.26118594408035,12.788640260696411
60.00000178813934,49.999998807907104,47.18524396419525,36.082420349121094
74.99999821186066,10.000000298023224,59.67427432537079,4.078575074672699
25.000001192092896,10.000000298023224,16.658838093280792,11.613029837608337
-15.000000447034836,10.000000298023224,-8.578821569681168,10.764990448951721
-54.99999940395355,10.000000298023224,-42.420946061611176,13.105332255363464
-54.99999940395355,20.000000596046448,-47.453572154045105,18.153237104415894
64.9999988079071,60.0,48.492016196250916,49.79669451713562
-90.0,0.0,-78.44610035419464,6.782909631729126
10.000000074505806,10.000000298023224,16.121661365032196,32.24573493003845
40.000000298023224,10.000000298023224,50.2387672662735,27.440959811210632
35.00000059604645,0.0,22.686166763305664,12.364751994609833
15.000000447034836,0.0,10.142293944954872,17.137475609779358
35.00000059604645,20.000000596046448,27.305088937282562,25.87232530117035
-35.00000059604645,0.0,-36.38664364814758,9.092055559158325
-15.000000447034836,20.000000596046448,-17.79199630022049,28.503670692443848
10.000000074505806,30.0,12.54765272140503,32.651216983795166
80.00000059604645,60.0,68.0402934551239,48.29804062843323
80.00000059604645,10.000000298023224,77.81923592090607,5.6763070821762085
15.000000447034836,20.000000596046448,22.43989571928978,24.07934546470642
70.0000011920929,30.0,61.701369881629944,25.09052038192749
-40.000000298023224,20.000000596046448,-35.158725678920746,19.817129373550415
84.99999761581421,40.000001192092896,63.89652729034424,30.05107283592224
64.9999988079071,20.000000596046448,64.5437228679657,20.49383282661438
-25.000001192092896,40.000001192092896,-26.050592958927155,36.927123069763184
-40.000000298023224,30.0,-32.98471212387085,25.512635707855225
90.0,60.0,62.3918080329895,42.218466997146606
-54.99999940395355,40.000001192092896,-42.0268115401268,27.281633019447327
-30.00000089406967,30.0,-29.255744218826294,32.33185529708862
35.00000059604645,40.000001192092896,20.166331976652145,31.45707607269287
30.00000089406967,20.000000596046448,25.862291157245636,21.502325534820557
5.000000037252903,30.0,6.0558003187179565,26.219844818115234
-70.0000011920929,0.0,-51.722769141197205,1.0791170597076416
-84.99999761581421,20.000000596046448,-70.87792038917542,24.099422693252563
-70.0000011920929,49.999998807907104,-58.397462368011475,50.08334398269653
-40.000000298023224,20.000000596046448,-51.95935070514679,35.46561241149902
-35.00000059604645,60.0,-29.28320735692978,47.83381462097168
70.0000011920929,30.0,59.782217144966125,26.244267225265503
35.00000059604645,20.000000596046448,42.51475632190704,27.96543002128601
10.000000074505806,40.000001192092896,15.659469813108444,32.213144302368164
-74.99999821186066,10.000000298023224,-76.98681235313416,13.386618196964264
-84.99999761581421,20.000000596046448,-80.64677774906158,20.336692929267883
-64.9999988079071,0.0,-59.97982084751129,11.334887444972992
-15.000000447034836,10.000000298023224,-18.270727694034576,34.655388593673706
15.000000447034836,20.000000596046448,18.147116750478745,21.192684173583984
25.000001192092896,30.0,26.49980127811432,31.22626304626465
54.99999940395355,10.000000298023224,51.84914946556091,13.64583134651184
70.0000011920929,49.999998807907104,47.026848793029785,29.853297472000122
30.00000089406967,60.0,27.996717989444733,46.230876445770264
15.000000447034836,60.0,15.311842113733292,33.408043384552
-74.99999821186066,60.0,-78.34939062595367,51.0996150970459
-30.00000089406967,20.000000596046448,-31.83387815952301,20.010015964508057
-25.000001192092896,10.000000298023224,-25.738764703273773,27.50694215297699
5.000000037252903,49.999998807907104,4.083743020892143,28.964282870292664
35.00000059604645,0.0,47.31868922710419,27.871806621551514
70.0000011920929,10.000000298023224,58.91313850879669,9.381465911865234
60.00000178813934,49.999998807907104,46.508485078811646,34.04433846473694
-84.99999761581421,20.000000596046448,-74.81550514698029,22.603282928466797
-70.0000011920929,10.000000298023224,-63.78464698791504,15.064027905464172
54.99999940395355,30.0,45.19807577133179,19.959847927093506
60.00000178813934,10.000000298023224,44.00790989398956,9.724727869033813
64.9999988079071,49.999998807907104,54.851383566856384,31.68449878692627
70.0000011920929,10.000000298023224,55.72769343852997,9.1144859790802
50.00000238418579,20.000000596046448,49.70532417297363,24.37738537788391
20.000000149011612,10.000000298023224,17.9220512509346,4.834723770618439
-74.99999821186066,40.000001192092896,-69.59058880805969,36.62612199783325
-90.0,60.0,-103.74104261398315,60.639424324035645
40.000000298023224,30.0,40.58644384145737,21.300761103630066
45.0,30.0,40.71264445781708,22.973406314849854
45.0,40.000001192092896,31.391125917434692,33.6153781414032
15.000000447034836,49.999998807907104,12.143340557813644,34.319007396698
-70.0000011920929,20.000000596046448,-45.78727126121521,22.902962565422058
40.000000298023224,0.0,28.5347181558609,7.03207790851593
-84.99999761581421,30.0,-63.87302577495575,26.820793747901917
84.99999761581421,40.000001192092896,65.42073547840118,31.911685466766357
-15.000000447034836,0.0,-14.504401981830597,23.95285427570343
-74.99999821186066,40.000001192092896,-62.44096755981445,38.170902729034424
35.00000059604645,60.0,33.72009873390198,45.1134467124939
-25.000001192092896,30.0,-21.96894407272339,28.956209421157837
74.99999821186066,49.999998807907104,47.58424401283264,32.676522731781006
-45.0,49.999998807907104,-38.85335326194763,37.620227336883545
-50.00000238418579,60.0,-42.85711884498596,47.521812915802
-84.99999761581421,49.999998807907104,-77.7980250120163,42.12505102157593
64.9999988079071,10.000000298023224,62.14066207408905,7.75450587272644
-70.0000011920929,20.000000596046448,-71.43682301044464,24.424830079078674
74.99999821186066,40.000001192092896,61.22856616973877,26.509991884231567
-25.000001192092896,60.0,-23.08825135231018,44.26833629608154
-70.0000011920929,0.0,-70.18370568752289,7.114197313785553
0.0,40.000001192092896,-0.1518497010692954,29.34027671813965
70.0000011920929,49.999998807907104,58.44860136508942,33.59468221664429
-40.000000298023224,20.000000596046448,-42.58437842130661,25.70096790790558
45.0,60.0,39.21506255865097,49.43289041519165
45.0,40.000001192092896,30.715665221214294,25.593498945236206
54.99999940395355,10.000000298023224,42.97954559326172,12.93011337518692
80.00000059604645,30.0,66.6154021024704,23.75638246536255
0.0,0.0,2.00149018317461,27.20011532306671
54.99999940395355,40.000001192092896,42.917747497558594,25.973621606826782
0.0,40.000001192092896,0.3787180641666055,29.045852422714233
54.99999940395355,30.0,60.339515805244446,27.865893244743347
-40.000000298023224,30.0,-45.19149363040924,31.903971433639526
54.99999940395355,40.000001192092896,43.874266147613525,28.89116406440735
25.000001192092896,49.999998807907104,22.767198979854584,37.44265794754028
-40.000000298023224,0.0,-38.35982412099838,11.420623362064362
64.9999988079071,40.000001192092896,59.04175043106079,29.622167944908142
-54.99999940395355,49.999998807907104,-43.82727921009064,36.95362687110901
84.99999761581421,40.000001192092896,58.29750716686249,30.286431312561035
-15.000000447034836,40.000001192092896,-14.013552367687225,32.33993411064148
-50.00000238418579,10.000000298023224,-53.62550675868988,17.69117295742035
74.99999821186066,49.999998807907104,49.68942940235138,36.83018445968628
30.00000089406967,49.999998807907104,42.84050524234772,47.68088221549988
50.00000238418579,60.0,31.44676834344864,34.66990113258362
30.00000089406967,40.000001192092896,39.17692959308624,42.748907804489136
25.000001192092896,0.0,29.57243263721466,19.04088020324707
-80.00000059604645,10.000000298023224,-76.57382190227509,8.057864606380463
-50.00000238418579,30.0,-46.35257363319397,27.37183928489685
74.99999821186066,10.000000298023224,63.57557952404022,11.197686195373535
20.000000149011612,49.999998807907104,5.060361810028553,34.300339221954346
54.99999940395355,40.000001192092896,48.07911694049835,30.744223594665527
54.99999940395355,60.0,40.950170159339905,48.852657079696655
-30.00000089406967,0.0,-28.518077731132507,10.488896369934082
-84.99999761581421,60.0,-90.01111507415771,59.070857763290405
-25.000001192092896,20.000000596046448,-20.384434461593628,13.899523615837097
10.000000074505806,10.000000298023224,-0.6506590219214559,17.210864424705505
-10.000000074505806,30.0,-15.944494754076004,26.805156469345093
64.9999988079071,10.000000298023224,54.744744300842285,12.055420875549316
-50.00000238418579,60.0,-42.37434804439545,50.189491510391235
-80.00000059604645,0.0,-82.65483498573303,3.870205879211426
84.99999761581421,30.0,67.94466197490692,30.28507947921753
80.00000059604645,40.000001192092896,62.984002232551575,21.45008683204651
-84.99999761581421,40.000001192092896,-82.64230370521545,31.858352422714233
15.000000447034836,49.999998807907104,23.24646145105362,31.945230960845947
74.99999821186066,10.000000298023224,66.17806792259216,15.292691588401794
-5.000000037252903,30.0,-3.2506857812404633,32.086594104766846
-84.99999761581421,60.0,-69.90806579589844,48.71171951293945
-45.0,20.000000596046448,-54.84555244445801,25.266693234443665
35.00000059604645,0.0,31.5634685754776,19.685193300247192
-35.00000059604645,40.000001192092896,-31.719605326652527,41.439006328582764
-70.0000011920929,20.000000596046448,-59.349051117897034,22.42646634578705
-5.000000037252903,49.999998807907104,-2.9369139298796654,30.688165426254272
25.000001192092896,0.0,13.799855411052704,16.449472904205322
-80.00000059604645,20.000000596046448,-90.15020370483398,19.839638471603394
30.00000089406967,10.000000298023224,41.90614968538284,22.610528469085693
-30.00000089406967,49.999998807907104,-32.72140771150589,47.95626997947693
-84.99999761581421,40.000001192092896,-73.47674489021301,31.83658719062805
-30.00000089406967,10.000000298023224,-37.076880633831024,24.67309534549713
40.000000298023224,0.0,26.35320246219635,8.929540514945984
-30.00000089406967,10.000000298023224,-31.36534720659256,8.973398208618164
-70.0000011920929,49.999998807907104,-62.24628210067749,46.294623613357544
-20.000000149011612,10.000000298023224,-21.97796568274498,24.53856110572815
-20.000000149011612,40.000001192092896,-22.63359010219574,37.723034620285034
-10.000000074505806,40.000001192092896,-10.476029142737389,31.397688388824463
5.000000037252903,40.000001192092896,8.558380454778671,34.58181381225586
60.00000178813934,49.999998807907104,39.10983681678772,33.733670711517334
74.99999821186066,60.0,62.82086491584778,47.91620850563049
70.0000011920929,0.0,72.20653653144836,0.5476391315460205
-10.000000074505806,30.0,-12.419547736644745,26.48305356502533
-20.000000149011612,10.000000298023224,-13.967903852462769,18.273362517356873
-54.99999940395355,49.999998807907104,-44.68722760677338,32.23798871040344
-64.9999988079071,60.0,-53.76737952232361,46.42378807067871
-40.000000298023224,49.999998807907104,-44.0474858880043,47.07517147064209
-10.000000074505806,20.000000596046448,-15.93936637043953,29.456040859222412
0.0,30.0,2.0318303257226944,26.68647587299347
84.99999761581421,49.999998807907104,62.57020175457001,39.14626121520996
84.99999761581421,60.0,68.61578285694122,50.340760946273804
74.99999821186066,40.000001192092896,68.92655968666077,29.30390238761902
40.000000298023224,49.999998807907104,31.055485010147095,40.601205825805664
-50.00000238418579,30.0,-43.00106227397919,28.905576467514038
10.000000074505806,30.0,3.374062702059746,25.010483264923096
-60.00000178813934,60.0,-54.11464512348175,49.34613347053528
40.000000298023224,10.000000298023224,37.41223722696304,14.359839856624603
-60.00000178813934,20.000000596046448,-55.117034912109375,16.56836986541748
-60.00000178813934,60.0,-42.76052713394165,50.52944898605347
35.00000059604645,20.000000596046448,46.93415701389313,28.826621174812317
80.00000059604645,20.000000596046448,56.86071753501892,11.844419538974762
74.99999821186066,20.000000596046448,48.02590191364288,19.37117636203766
-5.000000037252903,30.0,-7.1306707710027695,35.94935059547424
-25.000001192092896,49.999998807907104,-27.253799736499786,46.54808163642883
-74.99999821186066,30.0,-57.3188978433609,29.55548107624054
25.000001192092896,10.000000298023224,19.038695096969604,16.84074640274048
50.00000238418579,10.000000298023224,39.61249351501465,12.124958038330078
60.00000178813934,0.0,52.46573030948639,7.486834824085236
74.99999821186066,10.000000298023224,53.04731369018555,8.747772574424744
45.0,40.000001192092896,42.531839311122894,40.37101149559021
-80.00000059604645,40.000001192092896,-55.70560812950134,30.31327486038208
-80.00000059604645,49.999998807907104,-75.3041821718216,52.5289249420166
-35.00000059604645,20.000000596046448,-26.838290691375732,15.462518334388733
-20.000000149011612,20.000000596046448,-31.3457053899765,38.55159044265747
45.0,49.999998807907104,42.0038115978241,35.93310356140137
50.00000238418579,40.000001192092896,38.43172341585159,29.62517023086548
54.99999940395355,20.000000596046448,52.09688365459442,16.06914460659027
60.00000178813934,30.0,42.27678269147873,26.335033178329468
60.00000178813934,60.0,39.41177845001221,41.07474446296692
80.00000059604645,0.0,55.939743518829346,5.337488651275635
70.0000011920929,60.0,61.2507963180542,49.61373209953308
25.000001192092896,40.000001192092896,17.67602026462555,25.24925708770752
10.000000074505806,30.0,7.851710915565491,24.121967554092407
5.000000037252903,10.000000298023224,5.831821784377098,23.744301795959473
0.0,49.999998807907104,1.1956603825092316,31.316678524017334
-74.99999821186066,0.0,-70.9820169210434,12.999508380889893
-70.0000011920929,30.0,-71.85976445674896,23.015270233154297
-64.9999988079071,10.000000298023224,-58.18627059459686,13.842800259590149
-45.0,40.000001192092896,-41.77332133054733,30.177462100982666
5.000000037252903,49.999998807907104,3.211953677237034,31.38291835784912
10.000000074505806,60.0,4.417649544775486,29.429830312728882
15.000000447034836,10.000000298023224,15.946242213249207,19.377023577690125
40.000000298023224,10.000000298023224,38.77228617668152,12.607197761535645
90.0,0.0,62.474125027656555,2.023301124572754
80.00000059604645,49.999998807907104,48.32040309906006,35.35581350326538
64.9999988079071,49.999998807907104,61.93111181259155,33.90276074409485
10.000000074505806,30.0,15.076869875192642,29.4162780046463
5.000000037252903,40.000001192092896,7.37985335290432,28.519645929336548
-5.000000037252903,20.000000596046448,-13.673086166381836,32.38303899765015
-10.000000074505806,10.000000298023224,-8.141691908240318,21.09420418739319
-15.000000447034836,49.999998807907104,-7.426761835813522,36.718504428863525
-20.000000149011612,10.000000298023224,-15.627082139253616,13.679594993591309
-10.000000074505806,40.000001192092896,-13.330551981925964,28.556699752807617
5.000000037252903,60.0,0.5149539140984416,26.910821199417114
10.000000074505806,49.999998807907104,9.912154376506805,37.175148725509644
35.00000059604645,40.000001192092896,22.256729006767273,39.05252695083618
35.00000059604645,49.999998807907104,35.54810732603073,42.25554943084717
45.0,0.0,39.32098299264908,7.261877954006195
50.00000238418579,20.000000596046448,41.64013087749481,18.571293354034424
-35.00000059604645,49.999998807907104,-24.537808299064636,36.93163275718689
-54.99999940395355,30.0,-54.75708782672882,31.376924514770508
-90.0,10.000000298023224,-85.80982089042664,10.591789484024048
-50.00000238418579,49.999998807907104,-47.18348443508148,39.522550106048584
-40.000000298023224,60.0,-37.33340173959732,53.6608099937439
-25.000001192092896,30.0,-23.991002440452576,35.147902965545654
-15.000000447034836,0.0,0.9909370914101601,23.77803325653076
-10.000000074505806,49.999998807907104,-15.767463594675064,48.639042377471924
70.0000011920929,30.0,67.80860424041748,25.952641367912292
70.0000011920929,60.0,67.07228422164917,52.548208236694336
-74.99999821186066,30.0,-61.353042125701904,26.262336373329163
70.0000011920929,20.000000596046448,63.66336286067963,24.51704978942871
-30.00000089406967,0.0,-30.496786236763,19.33417797088623
80.00000059604645,60.0,77.46234655380249,50.84286332130432
-90.0,40.000001192092896,-87.52508282661438,39.03593301773071
15.000000447034836,0.0,16.248402446508408,26.506630182266235
45.0,40.000001192092896,36.396836042404175,34.70470905303955
-35.00000059604645,0.0,-36.167619824409485,20.852558612823486
-60.00000178813934,49.999998807907104,-53.96340072154999,41.413503885269165
-15.000000447034836,49.999998807907104,-14.68965545296669,35.96222162246704
40.000000298023224,60.0,30.099347233772278,48.3341109752655
40.000000298023224,20.000000596046448,37.03778475522995,25.031919479370117
-84.99999761581421,10.000000298023224,-74.30176556110382,10.303285717964172
-30.00000089406967,40.000001192092896,-25.131590366363525,37.9071307182312
-54.99999940395355,40.000001192092896,-55.435606241226196,35.35708665847778
-80.00000059604645,0.0,-75.41052103042603,-0.15291988849639893
-25.000001192092896,30.0,-24.106938242912292,26.530462503433228
-84.99999761581421,10.000000298023224,-73.11013519763947,10.298677682876587
60.00000178813934,10.000000298023224,44.45022225379944,9.107815325260162
15.000000447034836,0.0,10.560479834675789,14.036713242530823
-84.99999761581421,20.000000596046448,-80.128333568573,21.57695174217224
20.000000149011612,0.0,14.945982098579407,12.580052018165588
-20.000000149011612,20.000000596046448,-24.006143510341644,29.90925908088684
50.00000238418579,49.999998807907104,51.4814829826355,43.44868540763855
54.99999940395355,20.000000596046448,57.402464747428894,20.441497564315796
64.9999988079071,0.0,55.286856293678284,2.669726014137268
40.000000298023224,60.0,26.227020621299744,51.4617133140564
30.00000089406967,10.000000298023224,27.14145541191101,9.691116213798523
50.00000238418579,40.000001192092896,51.5386837720871,35.48415184020996
20.000000149011612,30.0,28.76734346151352,28.531612157821655
5.000000037252903,60.0,4.5200274512171745,30.335519313812256
45.0,20.000000596046448,45.74840605258942,28.667614459991455
-45.0,60.0,-48.1516170501709,52.54061222076416
60.00000178813934,0.0,41.826571226119995,8.805134296417236
-15.000000447034836,40.000001192092896,-14.941502809524536,39.31671380996704
54.99999940395355,20.000000596046448,56.438886523246765,15.436302423477173
30.00000089406967,10.000000298023224,29.41490650177002,16.866833567619324
-74.99999821186066,49.999998807907104,-65.79399168491364,41.41563534736633
-25.000001192092896,60.0,-25.12394607067108,44.95314002037048
-90.0,0.0,-77.29062616825104,3.6273515224456787
-54.99999940395355,30.0,-42.27418094873428,23.828333616256714
70.0000011920929,30.0,61.63913190364838,27.62040138244629
35.00000059604645,40.000001192092896,36.80854171514511,36.49803042411804
-5.000000037252903,10.000000298023224,-6.811771541833878,26.75476849079132
-35.00000059604645,60.0,-34.68483567237854,45.489749908447266
-30.00000089406967,60.0,-29.111835658550262,48.02096128463745
40.000000298023224,0.0,35.1929372549057,12.117034792900085
-30.00000089406967,20.000000596046448,-19.708301872015,14.93081510066986
80.00000059604645,20.000000596046448,73.28106701374054,18.425638675689697
-64.9999988079071,30.0,-58.63301396369934,26.06766700744629
64.9999988079071,49.999998807907104,52.56780445575714,38.30531358718872
70.0000011920929,40.000001192092896,46.292551159858704,35.3458034992218
84.99999761581421,20.000000596046448,88.35296273231506,20.29363989830017
70.0000011920929,0.0,70.67982316017151,2.958742082118988
60.00000178813934,49.999998807907104,50.73981463909149,33.078274726867676
-90.0,40.000001192092896,-83.3707594871521,35.636773109436035
-54.99999940395355,10.000000298023224,-46.2703800201416,15.041658282279968
30.00000089406967,0.0,32.96538680791855,21.72110080718994
84.99999761581421,60.0,64.98359978199005,43.88325333595276
80.00000059604645,10.000000298023224,84.7384661436081,0.5286777019500732
10.000000074505806,60.0,2.814027853310108,29.130377769470215
-20.000000149011612,0.0,-17.429434061050415,23.248395323753357
-50.00000238418579,20.000000596046448,-52.0613819360733,27.984917163848877
-80.00000059604645,10.000000298023224,-74.60607826709747,8.888278305530548
-84.99999761581421,0.0,-71.39122545719147,1.9130998849868774
-54.99999940395355,10.000000298023224,-53.23554575443268,12.644694149494171
-40.000000298023224,0.0,-57.05154597759247,16.403814554214478
-10.000000074505806,49.999998807907104,-10.660236552357674,44.94713544845581
-5.000000037252903,0.0,-5.12915376573801,25.837712287902832
15.000000447034836,10.000000298023224,17.10467219352722,23.552191257476807
74.99999821186066,60.0,70.23931324481964,52.156652212142944
54.99999940395355,49.999998807907104,40.17644941806793,39.55371379852295
50.00000238418579,49.999998807907104,40.76344013214111,40.76860070228577
25.000001192092896,49.999998807907104,33.86514455080032,51.93652153015137
5.000000037252903,0.0,4.558010213077068,29.460160732269287
-5.000000037252903,10.000000298023224,-12.04526424407959,33.64778995513916
-25.000001192092896,10.000000298023224,-19.087818413972855,21.66153609752655
-30.00000089406967,0.0,-28.381526470184326,27.671087980270386
-20.000000149011612,30.0,-21.130452007055283,30.969250202178955
-10.000000074505806,10.000000298023224,-8.488439843058586,20.62963306903839
5.000000037252903,20.000000596046448,-0.556374010629952,27.2762131690979
10.000000074505806,60.0,1.4513525180518627,24.50124979019165
70.0000011920929,40.000001192092896,63.735589385032654,32.19762325286865
84.99999761581421,49.999998807907104,64.67648684978485,34.42898511886597
70.0000011920929,40.000001192092896,58.128796219825745,33.846373558044434
60.00000178813934,49.999998807907104,56.13992750644684,40.76199531555176
45.0,0.0,23.004491329193115,11.011489033699036
10.000000074505806,40.000001192092896,10.438608303666115,22.462586760520935
-25.000001192092896,30.0,-18.69224488735199,26.78080916404724
-35.00000059604645,60.0,-26.67858123779297,46.23489260673523
-54.99999940395355,30.0,-42.47083246707916,22.75745987892151
-74.99999821186066,40.000001192092896,-78.74808490276337,34.38895225524902
-84.99999761581421,40.000001192092896,-70.92873752117157,28.18057358264923
-90.0,0.0,-70.187868475914,8.57630968093872
-90.0,60.0,-89.52986776828766,56.72212243080139
-84.99999761581421,20.000000596046448,-89.69037115573883,22.547943592071533
54.99999940395355,10.000000298023224,45.27639627456665,12.687419056892395
64.9999988079071,49.999998807907104,47.47845232486725,19.323222041130066
54.99999940395355,20.000000596046448,46.1046838760376,19.627010822296143
30.00000089406967,49.999998807907104,27.413155138492584,45.35689830780029
-80.00000059604645,40.000001192092896,-72.55413472652435,32.58980870246887
-80.00000059604645,60.0,-68.10606122016907,44.85792875289917
-25.000001192092896,49.999998807907104,-25.75741410255432,43.86537551879883
10.000000074505806,10.000000298023224,1.2858106009662151,24.81858730316162
40.000000298023224,20.000000596046448,44.340471625328064,27.945420742034912
30.00000089406967,40.000001192092896,34.55762654542923,41.41289234161377
25.000001192092896,40.000001192092896,30.674844682216644,35.411438941955566
15.000000447034836,10.000000298023224,10.654814466834068,26.97229027748108
0.0,10.000000298023224,1.1190517991781235,28.902815580368042
-45.0,0.0,-32.21784710884094,12.653187811374664
-54.99999940395355,60.0,-42.28308856487274,46.33973836898804
-60.00000178813934,60.0,-28.473392128944397,39.85965013504028
64.9999988079071,30.0,53.00572335720062,33.28495144844055
64.9999988079071,20.000000596046448,62.359793186187744,21.984965801239014
25.000001192092896,30.0,14.064098596572876,15.764286518096924
-40.000000298023224,10.000000298023224,-43.63882452249527,14.575313329696655
-70.0000011920929,20.000000596046448,-62.105825543403625,19.286343455314636
-70.0000011920929,49.999998807907104,-51.55500769615173,46.962586641311646
10.000000074505806,10.000000298023224,3.1716380640864372,19.201177954673767
-70.0000011920929,0.0,-58.40936601161957,1.5697020292282104
-64.9999988079071,49.999998807907104,-52.16914772987366,38.6259126663208
-30.00000089406967,0.0,-27.11999237537384,21.837621331214905
40.000000298023224,60.0,36.3053834438324,49.95668292045593
0.0,0.0,1.2684404477477074,30.15130877494812
-84.99999761581421,60.0,-68.16520929336548,59.87894654273987
10.000000074505806,20.000000596046448,9.879727810621262,34.58554744720459
-84.99999761581421,40.000001192092896,-73.03532302379608,33.5352087020874
60.00000178813934,20.000000596046448,50.61025857925415,18.693130016326904
15.000000447034836,20.000000596046448,18.191877454519272,23.840596675872803
30.00000089406967,0.0,20.235858857631683,7.601187229156494
74.99999821186066,60.0,71.71468377113342,51.240473985672
90.0,49.999998807907104,79.62311267852783,52.77695059776306
5.000000037252903,30.0,2.932368256151676,29.097901582717896
30.00000089406967,40.000001192092896,27.51478672027588,37.22682237625122
5.000000037252903,40.000001192092896,4.366244003176689,29.74749505519867
-20.000000149011612,10.000000298023224,-22.316834628582,14.849460124969482
50.00000238418579,60.0,45.6281304359436,55.88247299194336
-15.000000447034836,20.000000596046448,-19.02942806482315,27.44355797767639
-84.99999761581421,10.000000298023224,-70.96091330051422,10.834671556949615
-5.000000037252903,60.0,-7.194606587290764,36.676576137542725
74.99999821186066,20.000000596046448,66.7168003320694,19.557722210884094
-70.0000011920929,20.000000596046448,-58.92293393611908,25.067113637924194
-60.00000178813934,49.999998807907104,-45.54409682750702,34.165942668914795
20.000000149011612,20.000000596046448,24.26346391439438,19.538331627845764
20.000000149011612,49.999998807907104,29.958654642105103,45.224711894989014
-74.99999821186066,0.0,-78.44092905521393,6.3739630579948425
-50.00000238418579,60.0,-46.60726010799408,50.571584701538086
-15.000000447034836,49.999998807907104,-14.930229485034943,41.14368438720703
50.00000238418579,20.000000596046448,39.11136031150818,19.610209465026855
-50.00000238418579,20.000000596046448,-41.40315234661102,18.048418164253235
-60.00000178813934,10.000000298023224,-55.68825423717499,18.172813653945923
54.99999940395355,20.000000596046448,49.69296455383301,19.484596252441406
-25.000001192092896,60.0,-25.8659228682518,48.289958238601685
20.000000149011612,30.0,19.10013109445572,26.421180367469788
50.00000238418579,0.0,42.45458900928497,5.325610041618347
35.00000059604645,0.0,32.7604204416275,25.131956934928894
50.00000238418579,60.0,37.26886510848999,43.4360933303833
90.0,0.0,78.49799573421478,-1.453338861465454
60.00000178813934,60.0,47.87514567375183,41.54837608337402
-15.000000447034836,60.0,-7.356213703751564,34.476070404052734
15.000000447034836,49.999998807907104,22.52696692943573,38.86456489562988
40.000000298023224,10.000000298023224,35.6813246011734,13.672138452529907
50.00000238418579,10.000000298023224,43.18854868412018,9.022749960422516
-25.000001192092896,60.0,-17.084078192710876,41.57756567001343
60.00000178813934,20.000000596046448,52.703068256378174,17.324000000953674
5.000000037252903,30.0,1.095856223255396,25.424686074256897
-60.00000178813934,20.000000596046448,-64.52303767204285,15.118151307106018
-35.00000059604645,40.000001192092896,-38.233038783073425,45.33944249153137
50.00000238418579,20.000000596046448,46.21642470359802,23.29379439353943
15.000000447034836,10.000000298023224,14.604169428348541,12.536072731018066
-35.00000059604645,49.999998807907104,-40.87097257375717,48.51105809211731
-54.99999940395355,30.0,-46.34027302265167,24.330203533172607
10.000000074505806,30.0,10.11840283870697,31.92056179046631
40.000000298023224,30.0,34.04431343078613,33.3003830909729
40.000000298023224,60.0,28.56586128473282,49.53246474266052
90.0,30.0,75.87627053260803,28.14059615135193
90.0,40.000001192092896,68.44827890396118,31.3837730884552
5.000000037252903,30.0,1.4758756197988987,30.191420316696167
90.0,60.0,60.97736656665802,54.31041240692139
74.99999821186066,30.0,76.4387458562851,29.59558367729187
64.9999988079071,49.999998807907104,60.701807141304016,39.82996702194214
30.00000089406967,30.0,36.08984649181366,31.392760276794434
-35.00000059604645,60.0,-29.946179687976837,41.7537260055542
90.0,30.0,80.27486264705658,26.639256477355957
60.00000178813934,0.0,47.69958972930908,3.8427767157554626
15.000000447034836,40.000001192092896,13.970304429531097,30.393047332763672
5.000000037252903,49.999998807907104,1.713636014610529,32.10280179977417
-30.00000089406967,40.000001192092896,-27.126134634017944,34.7308087348938
15.000000447034836,10.000000298023224,27.012537717819214,21.92824959754944
64.9999988079071,20.000000596046448,62.02574014663696,14.613320231437683
5.000000037252903,10.000000298023224,2.2676281817257404,25.836360454559326
-74.99999821186066,49.999998807907104,-65.54762005805969,41.93348407745361
50.00000238418579,49.999998807907104,38.22896718978882,37.639514207839966
-30.00000089406967,20.000000596046448,-13.365227580070496,15.020914077758789
40.000000298023224,40.000001192092896,35.63677042722702,29.485411047935486
64.9999988079071,60.0,52.28911757469177,46.63703441619873
25.000001192092896,0.0,16.330979615449905,9.835529029369354
45.0,40.000001192092896,41.86497509479523,37.31754541397095
5.000000037252903,10.000000298023224,0.5970529373735189,28.327510356903076
-80.00000059604645,20.000000596046448,-78.51143896579742,19.689849615097046
-60.00000178813934,0.0,-54.94020760059357,7.372950911521912
-20.000000149011612,10.000000298023224,-9.999251738190651,16.424732208251953
-35.00000059604645,40.000001192092896,-37.117154002189636,39.119181632995605
-70.0000011920929,49.999998807907104,-56.128533482551575,38.06967616081238
-25.000001192092896,30.0,-18.768070936203003,20.466831922531128
-80.00000059604645,20.000000596046448,-88.2725340127945,21.028658151626587
-5.000000037252903,20.000000596046448,-11.438858360052109,32.35073447227478
0.0,10.000000298023224,0.7252493686974049,27.099174857139587
-84.99999761581421,20.000000596046448,-73.32879960536957,20.772473216056824
-20.000000149011612,0.0,-22.2112575173378,18.777034878730774
10.000000074505806,30.0,6.280838996171951,27.506600618362427
20.000000149011612,10.000000298023224,12.84994974732399,10.89264303445816
25.000001192092896,49.999998807907104,23.80479007959366,41.93517208099365
30.00000089406967,30.0,24.0535569190979,24.199458360671997
40.000000298023224,30.0,34.12321865558624,32.53495216369629
80.00000059604645,40.000001192092896,63.84162247180939,29.939661026000977
50.00000238418579,10.000000298023224,40.16465574502945,23.793829679489136
-50.00000238418579,10.000000298023224,-35.498073399066925,12.708989381790161
-70.0000011920929,10.000000298023224,-64.8816168308258,7.539595663547516
-74.99999821186066,30.0,-57.10295855998993,26.82405710220337
-15.000000447034836,40.000001192092896,-10.22036500275135,36.987329721450806
-5.000000037252903,60.0,-2.1315035596489906,34.597270488739014
0.0,0.0,1.4209739863872528,26.65354013442993
10.000000074505806,10.000000298023224,0.365023878403008,19.979935884475708
40.000000298023224,49.999998807907104,20.516777336597443,32.10995078086853
30.00000089406967,10.000000298023224,27.79242753982544,12.068974077701569
-5.000000037252903,40.000001192092896,-5.088265836238861,34.45167303085327
-30.00000089406967,20.000000596046448,-30.094358325004578,17.147582173347473
-40.000000298023224,0.0,-33.037146627902985,15.102068781852722
-60.00000178813934,10.000000298023224,-56.05725109577179,9.935684502124786
-80.00000059604645,60.0,-63.10947060585022,50.08888006210327
-74.99999821186066,30.0,-57.15120613574982,24.456381797790527
-64.9999988079071,30.0,-70.62844276428223,32.21497178077698
50.00000238418579,0.0,30.561188757419586,7.748422622680664
60.00000178813934,0.0,60.001718401908875,11.500155329704285
80.00000059604645,30.0,67.3287945985794,16.568275094032288
60.00000178813934,10.000000298023224,49.830143451690674,8.9791738986969
54.99999940395355,49.999998807907104,43.87581378221512,41.67999029159546
-50.00000238418579,40.000001192092896,-39.0053191781044,32.38595724105835
-50.00000238418579,60.0,-37.690197229385376,40.278003215789795
-84.99999761581421,10.000000298023224,-66.82943165302277,13.040002584457397
-10.000000074505806,0.0,-3.430497720837593,8.678660988807678
30.00000089406967,0.0,28.090404868125916,4.465698301792145
54.99999940395355,49.999998807907104,55.320539474487305,44.64504361152649
70.0000011920929,20.000000596046448,65.57144343852997,27.64105796813965
45.0,60.0,41.24023765325546,46.52944207191467
20.000000149011612,60.0,7.8103867918252945,23.448318243026733
-5.000000037252903,30.0,-13.886717408895493,32.254414558410645
-35.00000059604645,60.0,-26.3770392537117,34.59688425064087
-45.0,30.0,-35.42253166437149,29.227260947227478
-84.99999761581421,10.000000298023224,-67.11666405200958,13.051588833332062
-60.00000178813934,20.000000596046448,-61.64461970329285,24.305051565170288
-54.99999940395355,30.0,-53.277602791786194,26.339993476867676
-35.00000059604645,60.0,-33.01904171705246,45.108057260513306
-20.000000149011612,20.000000596046448,-22.49610811471939,18.061848878860474
-30.00000089406967,30.0,-19.352867603302002,21.234079599380493
0.0,40.000001192092896,3.7748216092586517,32.37314701080322
-60.00000178813934,30.0,-59.06200110912323,27.991701364517212
54.99999940395355,20.000000596046448,47.13757038116455,21.57196283340454
15.000000447034836,20.000000596046448,7.011207193136215,25.39069354534149
84.99999761581421,40.000001192092896,75.14618933200836,31.2286376953125
20.000000149011612,60.0,27.462462186813354,47.76589035987854
45.0,60.0,35.85229128599167,44.15330171585083
-50.00000238418579,0.0,-46.96707308292389,13.751323521137238
20.000000149011612,20.000000596046448,21.90846025943756,21.687331795692444
35.00000059604645,0.0,26.728725135326385,13.396240174770355
0.0,30.0,2.5907916203141212,28.461247086524963
70.0000011920929,20.000000596046448,69.27707612514496,21.07059359550476
20.000000149011612,40.000001192092896,14.246145486831665,44.338299036026
60.00000178813934,60.0,56.48017644882202,53.303364515304565
54.99999940395355,40.000001192092896,48.98480772972107,33.36658000946045
64.9999988079071,60.0,48.98080050945282,49.05642628669739
-35.00000059604645,60.0,-24.42938268184662,39.835495948791504
74.99999821186066,10.000000298023224,57.113821506500244,13.986800909042358
50.00000238418579,40.000001192092896,44.1060009598732,38.34950923919678
-50.00000238418579,60.0,-50.96177816390991,54.75442171096802
-20.000000149011612,40.000001192092896,-18.1897035241127,43.65009069442749
64.9999988079071,60.0,57.12573051452637,57.68607974052429
5.000000037252903,20.000000596046448,5.526191778481007,28.56544554233551
-74.99999821186066,20.000000596046448,-65.15742838382721,13.384900689125061
80.00000059604645,0.0,69.99668598175049,1.9737088680267334
15.000000447034836,10.000000298023224,11.829927116632462,13.862644135951996
-15.000000447034836,30.0,-12.394511997699738,29.06185805797577
-45.0,10.000000298023224,-52.538246512413025,15.754215717315674
-10.000000074505806,40.000001192092896,-3.5798488184809685,32.060508728027344
20.000000149011612,20.000000596046448,20.278685688972473,17.948487997055054
60.00000178813934,60.0,55.01849591732025,54.619585275650024
-25.000001192092896,49.999998807907104,-25.326892733573914,40.97172260284424
-54.99999940395355,60.0,-56.2873899936676,52.76933670043945
35.00000059604645,0.0,25.233120024204254,12.709887027740479
74.99999821186066,20.000000596046448,62.02388942241669,12.078636288642883
5.000000037252903,20.000000596046448,4.345016665756702,27.079278230667114
-5.000000037252903,30.0,-6.3703858852386475,27.1019446849823
45.0,40.000001192092896,44.94957447052002,37.6842999458313
-54.99999940395355,0.0,-54.89869236946106,3.9660465717315674
-84.99999761581421,49.999998807907104,-79.38266336917877,47.783063650131226
-54.99999940395355,10.000000298023224,-59.64719474315643,7.891824245452881
-30.00000089406967,60.0,-31.83748573064804,43.449060916900635
-20.000000149011612,40.000001192092896,-15.452152490615845,33.665549755096436
-30.00000089406967,0.0,-27.061745524406433,9.642872214317322
-40.000000298023224,40.000001192092896,-40.495098531246185,35.347230434417725
-64.9999988079071,30.0,-59.30913984775543,20.968286991119385
20.000000149011612,30.0,18.886251747608185,32.78066039085388
45.0,10.000000298023224,39.70103055238724,22.560049295425415
45.0,49.999998807907104,44.40744370222092,44.40983533859253
5.000000037252903,0.0,1.2285610288381577,30.461833477020264
64.9999988079071,0.0,67.95878648757935,0.5378061532974243
-10.000000074505806,10.000000298023224,-2.3827807791531086,16.50382697582245
-50.00000238418579,0.0,-49.904767870903015,13.512234091758728
15.000000447034836,40.000001192092896,18.38251680135727,46.23686671257019
40.000000298023224,10.000000298023224,31.321914196014404,17.529675364494324
84.99999761581421,60.0,79.46381092071533,57.89227366447449
25.000001192092896,60.0,27.728175222873688,46.53027534484863
54.99999940395355,30.0,57.144774198532104,29.5894718170166
15.000000447034836,10.000000298023224,21.941884607076645,17.803430557250977
-35.00000059604645,10.000000298023224,-31.84762716293335,16.55440628528595
-45.0,10.000000298023224,-34.004026651382446,14.8835688829422
20.000000149011612,60.0,21.06119468808174,51.63151502609253
25.000001192092896,49.999998807907104,26.614750027656555,55.504581928253174
84.99999761581421,49.999998807907104,85.66492259502411,49.42577362060547
20.000000149011612,0.0,18.27953338623047,22.392634749412537
5.000000037252903,0.0,1.7271796613931656,30.513399839401245
-35.00000059604645,20.000000596046448,-32.54275381565094,20.02299427986145
-64.9999988079071,49.999998807907104,-51.76540017127991,36.089723110198975
0.0,60.0,3.224692828953266,29.41094934940338
74.99999821186066,60.0,86.05333864688873,66.7605972290039
15.000000447034836,10.000000298023224,20.054042637348175,16.06230854988098
15.000000447034836,60.0,26.22833490371704,56.47184729576111
-25.000001192092896,30.0,-25.40255516767502,32.3186731338501
-64.9999988079071,20.000000596046448,-70.92079818248749,7.765477001667023
-80.00000059604645,40.000001192092896,-83.6483359336853,40.131468772888184
-20.000000149011612,20.000000596046448,-20.819993019104004,23.630937337875366
35.00000059604645,0.0,16.0686394572258,6.997517645359039
60.00000178813934,30.0,66.81872427463531,29.388349056243896
35.00000059604645,30.0,38.01195502281189,21.959896087646484
5.000000037252903,30.0,0.4844823433086276,27.397356033325195
-45.0,30.0,-41.22860491275787,33.183027505874634
-74.99999821186066,40.000001192092896,-62.49823808670044,32.582337856292725
-15.000000447034836,30.0,-16.56268760561943,40.3268837928772
64.9999988079071,30.0,57.58509635925293,25.909366607666016
80.00000059604645,0.0,78.62123787403107,1.122525930404663
50.00000238418579,49.999998807907104,37.5475949048996,51.44430756568909
20.000000149011612,10.000000298023224,12.754791676998138,6.677230596542358
10.000000074505806,30.0,12.404752671718597,32.533156871795654
-10.000000074505806,0.0,-3.0423706769943237,8.127135336399078
90.0,40.000001192092896,89.2304527759552,36.64102077484131
70.0000011920929,40.000001192092896,49.61183309555054,32.45834827423096
64.9999988079071,30.0,68.21981370449066,24.47914481163025
20.000000149011612,60.0,15.98703995347023,30.405256748199463
-30.00000089406967,20.000000596046448,-17.347236424684525,22.690919637680054
-10.000000074505806,0.0,-6.504971757531166,12.338478863239288
0.0,49.999998807907104,2.0825351402163506,30.590994358062744
35.00000059604645,49.999998807907104,36.897564232349396,49.50175166130066
45.0,10.000000298023224,38.15852701663971,12.928367257118225
90.0,40.000001192092896,81.17216885089874,37.391345500946045
15.000000447034836,0.0,15.033766776323318,17.033173441886902
15.000000447034836,20.000000596046448,9.925295859575272,17.67650842666626
-5.000000037252903,20.000000596046448,-6.528960093855858,28.62467586994171
-40.000000298023224,20.000000596046448,-34.184992611408234,20.987788438796997
-64.9999988079071,0.0,-75.50882935523987,11.797281503677368
-54.99999940395355,49.999998807907104,-41.04186415672302,34.800260066986084
-25.000001192092896,49.999998807907104,-21.780801862478256,36.71623706817627
30.00000089406967,20.000000596046448,22.11656481027603,10.504522919654846
50.00000238418579,60.0,43.32910716533661,53.33274722099304
-45.0,49.999998807907104,-43.900087773799896,36.33267402648926
70.0000011920929,60.0,69.29648458957672,57.088176012039185
70.0000011920929,30.0,71.33057534694672,26.451412439346313
-25.000001192092896,10.000000298023224,-21.59215807914734,5.352779030799866
-50.00000238418579,20.000000596046448,-57.67691373825073,25.67812442779541
25.000001192092896,20.000000596046448,18.724698275327682,18.533504605293274
54.99999940395355,20.000000596046448,44.54757571220398,20.851067304611206
-40.000000298023224,0.0,-46.7211252450943,12.58568823337555
40.000000298023224,40.000001192092896,38.45836579799652,35.340585708618164
15.000000447034836,20.000000596046448,16.954679042100906,14.427643418312073
40.000000298023224,10.000000298023224,38.38177800178528,15.644924640655518
-70.0000011920929,40.000001192092896,-67.95270323753357,33.554513454437256
-25.000001192092896,60.0,-23.238253891468048,50.69139003753662
-35.00000059604645,60.0,-29.23375815153122,39.239466190338135
15.000000447034836,10.000000298023224,5.583259128034115,21.82053565979004
80.00000059604645,40.000001192092896,69.75817859172821,32.78094291687012
80.00000059604645,40.000001192092896,66.93549692630768,30.209033489227295
0.0,60.0,3.6698483303189278,28.70271921157837
-30.00000089406967,0.0,-30.269742608070374,13.24175477027893
84.99999761581421,10.000000298023224,82.83908665180206,7.531426548957825
45.0,60.0,33.41764211654663,42.63452768325806
90.0,0.0,94.17205810546875,-5.010659694671631
50.00000238418579,60.0,44.53415930271149,56.41098976135254
-15.000000447034836,49.999998807907104,-11.974832117557526,32.358505725860596
60.00000178813934,0.0,50.73837697505951,6.575117111206055
15.000000447034836,20.000000596046448,18.245284259319305,17.422698140144348
-35.00000059604645,10.000000298023224,-33.208038210868835,13.807025849819183
-60.00000178813934,30.0,-55.28787016868591,21.47240459918976
-84.99999761581421,0.0,-82.71024405956268,-1.4481675624847412
80.00000059604645,0.0,80.98352909088135,-9.323179721832275
40.000000298023224,40.000001192092896,51.26144528388977,44.50613021850586
-15.000000447034836,60.0,-14.06893864274025,41.37661814689636
-54.99999940395355,49.999998807907104,-47.78707802295685,38.696208000183105
-74.99999821186066,30.0,-66.63433849811554,31.62383794784546
-50.00000238418579,49.999998807907104,-40.922631919384,34.33975338935852
-54.99999940395355,30.0,-43.68994474411011,21.033575534820557
70.0000011920929,40.000001192092896,69.79978501796722,30.38374900817871
74.99999821186066,10.000000298023224,71.10233008861542,9.177567958831787
25.000001192092896,10.000000298023224,20.075658559799194,5.96948504447937
-80.00000059604645,0.0,-87.89138674736023,-4.4206702709198
80.00000059604645,0.0,79.03866469860077,0.8112511038780212
-74.99999821186066,0.0,-84.64861214160919,5.246852338314056
40.000000298023224,40.000001192092896,45.40276050567627,40.63512682914734
-35.00000059604645,60.0,-35.837777853012085,44.52862501144409
64.9999988079071,10.000000298023224,64.74649786949158,5.421561598777771
-84.99999761581421,30.0,-73.90792071819305,27.65218734741211
-35.00000059604645,40.000001192092896,-21.321587562561035,30.739524364471436
15.000000447034836,20.000000596046448,20.630489587783813,24.094820022583008
80.00000059604645,10.000000298023224,90.6365418434143,0.961577296257019
35.00000059604645,30.0,26.107568442821503,24.992061853408813
70.0000011920929,10.000000298023224,61.45669341087341,7.831462919712067
90.0,0.0,86.28507077693939,-3.8627421855926514
-40.000000298023224,30.0,-39.11748647689819,21.296419501304626
-25.000001192092896,40.000001192092896,-16.025084406137466,32.02674150466919
45.0,20.000000596046448,37.4048638343811,20.46419620513916
35.00000059604645,20.000000596046448,30.229361951351166,19.77622389793396
70.0000011920929,49.999998807907104,66.73986732959747,37.89369463920593
0.0,60.0,1.3706123270094395,30.440679788589478
-25.000001192092896,20.000000596046448,-15.005262941122055,11.995826661586761
-50.00000238418579,10.000000298023224,-40.51665812730789,16.293843984603882
-74.99999821186066,60.0,-71.98298513889313,52.33878493309021
25.000001192092896,10.000000298023224,16.749288886785507,11.148673295974731
50.00000238418579,20.000000596046448,39.471867978572845,16.014608144760132
35.00000059604645,10.000000298023224,26.093387603759766,6.9018155336380005
-60.00000178813934,10.000000298023224,-61.56197011470795,5.818645656108856
-25.000001192092896,20.000000596046448,-22.868186831474304,15.761429071426392
50.00000238418579,0.0,41.78526520729065,2.1744346618652344
45.0,20.000000596046448,39.13693517446518,19.2496919631958
-30.00000089406967,49.999998807907104,-23.71220827102661,40.15752553939819
-70.0000011920929,60.0,-66.06489479541779,54.24724102020264
-80.00000059604645,60.0,-77.13532626628876,62.20860958099365
54.99999940395355,60.0,41.47962749004364,50.94584584236145
40.000000298023224,20.000000596046448,39.80077922344208,20.947905778884888
-64.9999988079071,49.999998807907104,-56.464893221855164,44.598283767700195
-20.000000149011612,10.000000298023224,-15.389399528503418,20.369914770126343
5.000000037252903,0.0,4.826760850846767,26.141316890716553
-80.00000059604645,60.0,-87.10433542728424,61.363277435302734
5.000000037252903,49.999998807907104,13.175886422395706,39.233765602111816
-50.00000238418579,40.000001192092896,-56.5454238653183,43.517746925354004
-74.99999821186066,10.000000298023224,-82.45549857616425,12.875711917877197
-64.9999988079071,60.0,-39.8706990480423,52.27861404418945
84.99999761581421,0.0,78.81268322467804,-7.264401912689209
50.00000238418579,40.000001192092896,53.837411999702454,31.92622661590576
-40.000000298023224,60.0,-25.16944706439972,45.08088827133179
70.0000011920929,60.0,60.4485422372818,51.83542013168335
80.00000059604645,20.000000596046448,51.21343910694122,11.355377733707428
20.000000149011612,10.000000298023224,24.830474853515625,27.940142154693604
35.00000059604645,0.0,26.347140669822693,4.896288514137268
20.000000149011612,0.0,19.94869351387024,19.585418701171875
5.000000037252903,40.000001192092896,10.659926757216454,36.756659746170044
74.99999821186066,40.000001192092896,72.60508596897125,35.176212787628174
60.00000178813934,0.0,63.244165778160095,4.412525296211243
20.000000149011612,20.000000596046448,16.343541741371155,15.62271237373352
-64.9999988079071,30.0,-66.1937963962555,24.10839021205902
-84.99999761581421,0.0,-70.08884131908417,1.8482351303100586
-35.00000059604645,10.000000298023224,-35.82885146141052,16.381484270095825
70.0000011920929,10.000000298023224,67.95102953910828,7.767319679260254
74.99999821186066,30.0,66.9709986448288,18.3281672000885
35.00000059604645,60.0,28.503076136112213,37.15285062789917
-15.000000447034836,10.000000298023224,-11.888216882944107,10.969852209091187
-15.000000447034836,49.999998807907104,-8.010148331522942,31.70245885848999
-30.00000089406967,0.0,-30.41437804698944,12.277477383613586
54.99999940395355,10.000000298023224,57.915319204330444,12.641927003860474
60.00000178813934,20.000000596046448,55.674864649772644,9.436152577400208
15.000000447034836,20.000000596046448,16.693366169929504,18.02994668483734
-60.00000178813934,0.0,-62.65627384185791,1.142841875553131
5.000000037252903,0.0,1.0204150713980198,22.256296277046204
5.000000037252903,60.0,2.8076502308249474,28.511064648628235
10.000000074505806,60.0,8.669753819704056,37.99630522727966
40.000000298023224,60.0,35.43215274810791,41.83693170547485
64.9999988079071,40.000001192092896,71.74776613712311,38.00227403640747
70.0000011920929,0.0,59.08066928386688,4.092432260513306
40.000000298023224,10.000000298023224,25.396340489387512,1.3870561122894287
40.000000298023224,60.0,28.38345229625702,44.3734073638916
25.000001192092896,40.000001192092896,30.78395426273346,55.09809136390686
-10.000000074505806,10.000000298023224,-2.9875577241182327,23.028452396392822
-45.0,10.000000298023224,-36.759763062000275,19.993189573287964
-80.00000059604645,40.000001192092896,-76.58965229988098,32.00029134750366
-15.000000447034836,0.0,-9.455934762954712,10.534776449203491
0.0,20.000000596046448,3.1843487173318863,28.12640368938446
0.0,40.000001192092896,2.586519531905651,31.680872440338135
15.000000447034836,20.000000596046448,10.809171572327614,16.496441960334778
60.00000178813934,60.0,58.764479756355286,53.278788328170776
70.0000011920929,60.0,65.71486115455627,53.21420073509216
70.0000011920929,30.0,76.39268696308136,24.689369201660156
54.99999940395355,60.0,57.843924164772034,55.49342751502991
-45.0,49.999998807907104,-69.42372858524323,64.70340728759766
-80.00000059604645,30.0,-69.9552994966507,24.072641730308533
-80.00000059604645,40.000001192092896,-72.03784167766571,37.57180452346802
-90.0,0.0,-74.08149719238281,0.5275547504425049
-60.00000178813934,20.000000596046448,-59.812220335006714,14.002210199832916
-40.000000298023224,0.0,-36.58368408679962,14.900351464748383
5.000000037252903,10.000000298023224,1.8424772657454014,29.932937622070312
10.000000074505806,60.0,5.969821438193321,29.80103373527527
35.00000059604645,0.0,41.27409517765045,24.96253788471222
35.00000059604645,49.999998807907104,35.39536893367767,47.632566690444946
50.00000238418579,0.0,32.5159478187561,7.06873744726181
64.9999988079071,0.0,61.10326409339905,11.474291682243347
-30.00000089406967,30.0,-31.366331577301025,23.557333946228027
-35.00000059604645,30.0,-36.509220600128174,26.80044651031494
-40.000000298023224,40.000001192092896,-38.15352201461792,35.57008624076843
-80.00000059604645,10.000000298023224,-92.75366306304932,9.733030200004578
-60.00000178813934,60.0,-68.29004466533661,65.46448230743408
-25.000001192092896,20.000000596046448,-20.12669563293457,12.841140925884247
-10.000000074505806,49.999998807907104,-11.130757704377174,44.9381160736084
15.000000447034836,20.000000596046448,22.445321828126907,29.18730318546295
54.99999940395355,49.999998807907104,58.542253375053406,37.88738965988159
70.0000011920929,60.0,56.89552187919617,49.51147198677063
80.00000059604645,10.000000298023224,97.52934694290161,2.0741450786590576
74.99999821186066,0.0,64.08243119716644,3.2862550020217896
60.00000178813934,30.0,52.58597910404205,24.38214898109436
40.000000298023224,30.0,44.47941541671753,32.259196043014526
-5.000000037252903,0.0,-10.243618413805962,27.19845414161682
-20.000000149011612,20.000000596046448,-17.69586056470871,16.600229144096375
-35.00000059604645,49.999998807907104,-30.52166908979416,42.0172119140625
-45.0,0.0,-38.98036390542984,12.577897310256958
-50.00000238418579,30.0,-46.16904079914093,23.111854791641235
-84.99999761581421,49.999998807907104,-59.16662335395813,46.26314878463745
-80.00000059604645,30.0,-68.65439593791962,17.96307921409607
-74.99999821186066,30.0,-67.0133775472641,23.282933235168457
-60.00000178813934,20.000000596046448,-64.52790319919586,15.208840370178223
